id,price,volume,date
8be6e464,10697,803,2025-09-18
551e68f9,96353,907,2025-09-18
1d0c7f3a,72572,309,2025-09-16
1a7bb7b9,39668,629,2025-09-08
23a00ccb,56709,423,2025-09-12
6291d0aa,56606,786,2025-09-11
650355fc,77621,957,2025-09-26
60677932,99630,78,2025-09-25
3d2ef228,76250,113,2025-09-06
35a91b6c,23357,494,2025-09-14
8c90905a,72302,476,2025-09-30
e231c463,76576,456,2025-09-05
84172be2,41823,201,2025-09-03
aae13c68,89936,569,2025-09-07
d3ac0748,18403,970,2025-09-19
bf60679a,14403,490,2025-09-12
bc6138f9,58758,447,2025-09-24
c32421fc,84151,359,2025-09-30
57ebbd90,75049,4,2025-09-12
552c7969,74791,19,2025-09-01
e8f597f1,25749,5,2025-09-07
f7eada83,45188,733,2025-09-16
a1bbf47f,72701,570,2025-09-02
8f550361,85509,408,2025-09-07
eae95b7f,13099,450,2025-09-15
4fac33f7,84751,608,2025-09-23
87586a6e,69310,795,2025-09-17
6eee7877,94812,590,2025-09-23
46896e44,32321,74,2025-09-27
ebdcc490,22435,947,2025-09-21
d729dfcb,39176,948,2025-08-31
d9d6f404,80881,745,2025-09-18
b5def880,64905,35,2025-09-13
7fe8014a,93033,184,2025-09-21
7b9702bd,23877,129,2025-09-07
b04d7898,85516,311,2025-09-30
371d9a5e,63344,810,2025-09-03
f235e314,84581,479,2025-09-02
1a12d6cf,24812,345,2025-09-13
e28b4b23,50569,492,2025-09-04
a0163d8e,42635,637,2025-09-20
08602ae7,23440,157,2025-09-11
b1f71f60,19341,49,2025-09-01
f7ec0529,45147,458,2025-09-28
c31f3252,30260,987,2025-09-08
0a51bf48,20772,315,2025-09-01
fc38735a,88967,757,2025-09-16
3881fe01,38781,32,2025-09-12
ae54471a,87727,798,2025-09-08
8cae3fea,74825,388,2025-09-19
b3a2fe9a,18347,620,2025-08-31
a500061d,75984,900,2025-09-18
90a72376,75504,983,2025-09-08
a253121f,29310,381,2025-09-28
3a60b97b,93515,269,2025-09-09
3b067db4,62237,633,2025-09-20
6e0127bd,97953,613,2025-09-25
e5c18239,10462,405,2025-09-10
d33d98ac,62949,536,2025-09-19
c6535523,19479,49,2025-09-26
91b39835,38785,787,2025-09-02
fe49ff19,43494,554,2025-09-24
6689a6d5,47629,164,2025-09-12
b83c61fb,18096,97,2025-09-07
d5fd9599,83596,682,2025-09-02
61155f40,94274,877,2025-09-20
f677a621,18357,59,2025-09-25
c3e71340,89647,634,2025-09-23
aa8de6f8,97010,374,2025-09-24
ebbc3bb6,97283,937,2025-09-25
2fdf3805,35518,675,2025-09-25
5ad258c5,90155,670,2025-09-01
05351e1f,67303,276,2025-09-16
d76eec8d,90919,742,2025-09-25
434a31d3,17464,119,2025-09-13
942793d5,88291,290,2025-09-07
edb7dcf0,19482,598,2025-09-24
79ecee33,68408,816,2025-09-22
cea3ebee,73325,577,2025-09-18
08673eaa,34263,825,2025-09-04
3c964dfd,63388,575,2025-09-05
2c428ab5,88987,212,2025-09-08
3e0cd61c,62696,28,2025-09-10
451f7dc3,89961,313,2025-09-17
2ea71567,37693,341,2025-09-05
f43eca14,97403,691,2025-09-27
9068f690,83375,944,2025-09-13
1516acaf,65431,596,2025-09-12
47c9c707,29474,590,2025-09-20
a1ee28bd,53832,813,2025-09-28
b525ec84,64020,157,2025-09-20
c1778099,91692,427,2025-09-12
b14d651d,59582,553,2025-09-21
5d5b8c47,54547,596,2025-09-25
0be6d04f,16928,125,2025-09-07
2d80e39f,67018,611,2025-09-27
d1702143,62685,511,2025-09-10
924685ba,87646,660,2025-09-22
4b2ef471,85875,459,2025-09-23
8ffe9d5a,55451,466,2025-09-21
fff41515,78812,787,2025-09-14
c468da1f,79880,507,2025-09-28
3db6149e,96527,704,2025-09-06
b47d8125,88530,898,2025-09-12
02bcba3b,98397,374,2025-09-16
41f4e93f,25959,932,2025-09-02
53075af8,79369,888,2025-09-05
cdf7eaf1,94954,219,2025-08-31
5cb31147,35937,493,2025-09-05
88a0da57,22075,714,2025-09-25
492b4728,51940,868,2025-09-10
28ebfc51,30199,48,2025-09-30
98489148,71066,956,2025-09-29
43451430,69597,664,2025-09-04
9198889f,87799,377,2025-09-28
0f608306,27935,50,2025-09-23
47f661f6,77673,920,2025-09-29
92a8874d,61185,756,2025-09-26
edfbe104,54132,631,2025-09-03
dee68546,42776,250,2025-09-07
11bbb35c,25668,687,2025-09-29
e3f65f06,87415,611,2025-09-22
62a78f10,75038,73,2025-09-21
b8ebb6e1,38410,842,2025-09-09
27bb298a,71862,206,2025-09-03
1aa8c6e8,68757,327,2025-09-11
67825568,93751,914,2025-09-12
7dd51477,35442,477,2025-09-03
a7574a30,33246,393,2025-09-12
47ddce5d,98106,446,2025-09-26
667648a8,14806,927,2025-09-10
5f4147dc,21436,874,2025-09-08
49af6a19,38976,244,2025-09-24
81a9ba38,64918,146,2025-09-15
e387da2c,13710,177,2025-09-14
efeb269b,82176,896,2025-09-05
a8260846,41150,222,2025-09-20
78752555,50139,854,2025-08-31
4efca355,53609,139,2025-09-16
09806a52,76089,733,2025-09-18
19645f61,22928,479,2025-09-27
9a6df33b,52523,921,2025-09-12
43db49d3,39219,276,2025-09-08
1140c466,39909,524,2025-09-21
3190e1fb,42798,139,2025-09-17
0ee2390b,75236,483,2025-09-10
576c2d0e,24467,165,2025-09-10
f2409039,68574,572,2025-09-06
ba5a243b,40424,538,2025-09-23
cf98fce2,89183,841,2025-09-06
858ed5cc,14756,541,2025-09-09
74995b74,54516,9,2025-09-17
30d850f4,10929,224,2025-08-31
202421ee,94735,335,2025-09-17
8574bdf4,37517,614,2025-09-01
7f130c62,81671,268,2025-09-21
077b5fbd,11374,287,2025-09-18
268017ab,83936,61,2025-09-07
65750e8b,11113,66,2025-09-10
f1c85f69,67890,488,2025-09-18
789a5c70,44481,866,2025-09-14
9116cb0e,25449,271,2025-09-18
688ddd73,45113,602,2025-09-15
1841cc30,38295,639,2025-09-05
4379acb1,63615,490,2025-09-29
b61f6af0,35490,368,2025-09-14
e02b977c,50853,787,2025-09-06
cc500d1f,66124,426,2025-09-20
0d34bf95,34320,762,2025-08-31
51f7656e,63770,125,2025-09-18
e37b55e2,69796,418,2025-09-06
e63a29f1,86910,297,2025-09-11
2f9c4a5a,90728,522,2025-09-09
ebfaa14d,11622,551,2025-09-28
027d4582,73110,962,2025-09-28
0a733e3f,73688,697,2025-09-10
9f0f1ab8,14393,706,2025-09-03
5474e9e3,68111,275,2025-09-01
4fa7cdca,79363,156,2025-09-23
2a39d6f6,35093,971,2025-09-21
94a8c95d,12261,734,2025-09-09
9c57be1a,52114,86,2025-09-21
b59adf0e,58610,392,2025-09-10
656dc50f,36508,538,2025-09-10
745dd031,12228,394,2025-09-15
cdf61803,24369,722,2025-09-18
65833154,65770,905,2025-09-19
68bd1b82,61240,887,2025-09-29
30cce00e,69562,226,2025-09-15
a59806b4,21867,263,2025-09-28
a059bb82,71734,705,2025-09-23
2bc2be8f,49237,448,2025-09-20
7eb56e70,69029,215,2025-09-12
65f6d8f9,78189,822,2025-09-08
0cfb0616,47456,577,2025-09-16
7b272c30,15895,671,2025-09-03
f6bee263,87237,34,2025-09-18
9aa0299f,59519,179,2025-09-01
e426b12d,48584,997,2025-08-31
820ee64b,30013,208,2025-09-27
76346740,72538,480,2025-09-15
f41df276,10144,163,2025-09-27
a05219de,78413,998,2025-09-20
613e58ab,33025,604,2025-09-07
4c901392,45463,785,2025-09-08
2d348ff4,57272,895,2025-09-26
a51dda88,72120,817,2025-09-08
f46c531c,99488,724,2025-09-03
b99f11f0,81632,580,2025-09-17
d081896f,82068,503,2025-09-23
ca118f9d,62234,886,2025-09-26
563ac18d,65504,266,2025-09-26
46b4d692,64370,498,2025-09-03
8ef0a3ae,56212,569,2025-09-23
bb4fc8dc,98552,739,2025-09-09
9102dcd0,12389,819,2025-09-25
18f21c9c,38489,386,2025-09-27
4233b104,37759,879,2025-09-21
735c30bb,69236,58,2025-09-24
a448c8a2,39514,256,2025-09-23
9d91d536,75930,265,2025-09-22
578c5ad6,55215,110,2025-09-07
1f4cee54,26059,10,2025-09-26
37727b81,18482,252,2025-09-04
20914339,40882,117,2025-09-20
64201080,64003,844,2025-08-31
80a9178c,35150,634,2025-09-23
972dc702,65424,855,2025-09-06
f90e84dc,22023,593,2025-09-21
1ec46f59,34201,276,2025-09-26
e500b902,44800,227,2025-09-18
d6c7ae05,37568,691,2025-09-09
0bf6d0a2,52920,663,2025-09-15
b39930a1,44039,287,2025-09-03
0f0e19f4,91288,175,2025-09-10
e1c65450,10720,340,2025-09-22
4620cd02,62708,657,2025-09-11
a547ad03,82715,864,2025-08-31
8e21f1d4,17102,830,2025-09-28
4b031e18,65602,985,2025-09-30
8079630f,36945,161,2025-09-04
8d818310,81584,925,2025-09-03
44d95d88,60926,536,2025-09-06
0ebc8a26,81882,830,2025-09-05
2e053e4b,60340,214,2025-09-08
c70dec9a,36291,205,2025-09-25
36d93b66,93169,921,2025-09-12
6f81b6f1,79092,515,2025-09-01
d79012d8,93619,617,2025-09-11
a24a9693,52891,364,2025-09-08
1ce63151,27718,202,2025-09-01
55424044,61862,848,2025-09-03
4b25e898,54255,802,2025-09-13
c01538b0,16139,461,2025-09-01
f99480c6,14684,208,2025-09-15
af5e2b8d,53188,973,2025-09-05
d3cb441f,92566,793,2025-09-11
d0e7465c,20526,818,2025-09-28
252234ab,24479,730,2025-09-11
7bef3e65,81933,568,2025-09-28
2f38216e,66289,309,2025-09-06
b1a0b299,83835,969,2025-09-27
3b4e75fc,59276,303,2025-09-16
7b1ed97e,82923,760,2025-09-11
29bb6306,36591,591,2025-09-10
13081504,42968,171,2025-09-11
be30b2d3,20735,865,2025-09-02
06df1464,88619,804,2025-09-27
a434cb8b,99882,653,2025-09-07
43ef53c7,50790,420,2025-09-05
ff88ae15,87611,313,2025-09-19
ee5397b9,91414,306,2025-09-11
3f80e941,93761,510,2025-09-16
5c73d50e,53373,601,2025-09-25
ab0c9202,54348,516,2025-09-15
175eb900,80470,235,2025-09-20
60bff463,71512,982,2025-09-21
0bb3264b,49556,838,2025-09-30
bbe2df1d,96643,171,2025-09-19
c53a7569,36368,402,2025-09-25
47173879,38643,875,2025-09-27
52c253a9,15808,889,2025-09-06
4bd3e593,89147,864,2025-09-20
22ab6dd8,30810,33,2025-09-01
98ba9be8,20650,665,2025-09-22
ee22adc2,51013,693,2025-09-09
b38c3610,35067,306,2025-09-13
e9847a22,61456,902,2025-09-15
663cc5b4,86064,561,2025-09-18
88e30268,96847,725,2025-09-21
4ef057bc,99468,212,2025-09-18
e2ebab3f,92275,863,2025-09-07
057b7f9c,29977,421,2025-09-24
7dfab56e,88936,470,2025-09-18
c28e3140,29709,280,2025-09-21
8929ec56,27639,564,2025-09-11
700e4be7,56494,553,2025-09-09
2b08db88,38899,513,2025-09-16
6243f653,53182,937,2025-08-31
c7cb9be7,26609,451,2025-09-25
f363e7b1,83946,869,2025-09-23
609de7f0,58417,832,2025-09-25
b0d4bcab,24754,701,2025-09-07
371fd189,66262,934,2025-09-19
49b0d690,79875,612,2025-09-16
cdabc989,42911,387,2025-09-23
24f7dc27,24358,646,2025-09-02
9ff2b29c,66320,927,2025-09-29
0b955245,44473,230,2025-09-18
9b402af8,38555,930,2025-09-25
4ec8672c,34748,857,2025-09-21
c58e8181,17688,315,2025-09-13
abfa85c5,67124,336,2025-09-12
2ce47a9c,42200,77,2025-09-28
c257a317,47177,709,2025-09-22
4bd648ac,33822,570,2025-09-06
5c32863a,28778,174,2025-09-23
57a0c178,88515,220,2025-09-11
a8cc9a5e,89365,984,2025-09-04
ae1e729e,51652,127,2025-09-28
5d774c56,70640,23,2025-09-07
ff2c7d14,62878,445,2025-09-08
e5d76f86,59229,732,2025-09-24
6dacb22e,38905,380,2025-09-29
4f7ac224,16287,431,2025-09-08
04e1e9f6,15321,416,2025-09-28
ff61360c,97449,691,2025-09-27
76738aae,74640,655,2025-09-21
6a8f83e2,17317,154,2025-09-16
2ecd4545,58775,648,2025-09-13
149357ba,28425,624,2025-09-29
0748c8b4,55524,903,2025-09-02
f83b8811,72136,620,2025-09-21
1b36f34b,54777,740,2025-09-21
f7865fcf,68165,937,2025-09-25
46d798b3,13714,879,2025-09-16
b37d07ad,72858,198,2025-09-01
3eaaa362,75754,556,2025-09-16
a6a5f2d0,32339,733,2025-09-15
8e1f2ebd,69939,256,2025-09-23
b86866da,87879,822,2025-09-28
c7d98944,30823,964,2025-09-25
b40319d5,26342,778,2025-09-03
0746c524,90233,335,2025-09-19
bb983912,28789,708,2025-09-26
4c6c56b1,15644,80,2025-09-25
fb0fe51c,11995,273,2025-09-21
fbbc20b8,38478,97,2025-09-23
a5ae7341,25525,38,2025-09-13
9dfbd9de,20003,237,2025-09-20
d3292f2b,37337,427,2025-09-18
98ecafd2,11002,336,2025-09-30
74331b9b,81497,862,2025-09-16
945abcea,50332,470,2025-09-21
59073ca2,82618,303,2025-09-18
803f5d9e,90257,797,2025-09-20
2d3f4788,92962,517,2025-09-06
46c631d5,82871,491,2025-09-28
2a22b9f3,30201,382,2025-09-17
afd096cb,96475,878,2025-09-03
dc78ebdb,17035,323,2025-09-27
d3b297b4,61571,977,2025-09-13
59622a62,17799,208,2025-09-05
36f9a94c,95515,813,2025-09-19
732c5d88,52666,69,2025-08-31
313b0da8,22177,173,2025-09-14
8a816012,92300,408,2025-09-09
7bb36925,56518,770,2025-09-26
8c0922ed,66969,298,2025-09-03
5014dd75,89824,305,2025-09-05
15233279,60651,410,2025-09-07
a02fcda3,37026,320,2025-08-31
e97af23e,56283,872,2025-08-31
82795662,72072,214,2025-09-15
aa260ead,83604,233,2025-09-25
cadc66f9,35696,663,2025-09-15
f244e0d8,13573,938,2025-09-12
33e8a361,62657,328,2025-09-29
b7d2af83,75279,226,2025-09-07
81919047,82954,36,2025-09-19
f1bf06d2,94349,906,2025-09-22
60004815,70026,850,2025-09-30
f324e88f,10008,792,2025-09-28
dd907cfa,12140,311,2025-09-29
3bd21d0e,60489,947,2025-09-26
1d5b5af3,91973,202,2025-09-30
0ddf698c,96616,21,2025-08-31
01862712,99266,660,2025-09-01
e2cec361,10528,113,2025-09-12
28acfa8f,80972,875,2025-09-25
ea63ddd8,14175,241,2025-09-27
9fffbcf5,55300,866,2025-09-27
d1ba4550,34869,49,2025-09-28
4edba88b,48844,985,2025-09-07
ff862fa4,63323,279,2025-09-21
b47ad183,91938,772,2025-09-07
6701c7c5,36954,323,2025-09-11
d45e5b60,74165,21,2025-09-27
5c4ac0ff,20382,468,2025-09-19
569350c1,17698,827,2025-09-18
ecc3c8a8,12336,501,2025-09-04
0d7ee928,56348,900,2025-08-31
3571b18a,87720,744,2025-09-15
aa1c8f18,78157,694,2025-09-29
a4f71b68,57397,516,2025-09-16
3bb44dd7,69596,456,2025-09-29
33f58277,64219,85,2025-09-02
363a348b,63917,633,2025-09-27
0047f35f,95522,19,2025-09-05
661ac5b6,43094,986,2025-09-05
84ff1287,34939,438,2025-09-18
7f908cc9,96645,566,2025-09-07
194b28de,36560,215,2025-09-02
9d7786f7,94200,729,2025-09-18
3ce5914e,22369,185,2025-09-25
86ec0cfc,45534,486,2025-09-28
ebc12c0e,96218,367,2025-09-05
b711023d,96882,169,2025-09-18
a022cedb,83584,578,2025-09-10
184fac18,80553,776,2025-09-23
0505feee,77334,785,2025-09-05
a073fd7e,35288,336,2025-09-03
df1fd8f7,53685,866,2025-09-09
03040b2a,47847,637,2025-09-04
6c23fea8,50164,547,2025-09-22
e920b2c4,25201,890,2025-09-28
828c31b2,31443,824,2025-09-21
f957784f,76479,932,2025-09-08
460d1f96,18788,31,2025-09-15
8f6db7de,54007,452,2025-09-09
63c52603,12199,685,2025-09-14
25de8b1d,36968,524,2025-09-24
4f4f85df,99397,592,2025-09-17
b5752e8e,77770,494,2025-09-09
28b3aeb8,18044,778,2025-09-14
5c2a00af,94238,490,2025-09-06
dd26a016,98274,905,2025-09-02
a4368890,61308,999,2025-09-04
b2a20fa0,49066,770,2025-09-08
70f33c2c,78133,329,2025-09-05
865165a1,44158,164,2025-09-12
5eeb9702,54488,241,2025-09-23
b68823f0,99333,711,2025-09-09
147d6a91,50879,866,2025-09-23
09875b4e,90150,260,2025-09-19
3832b5da,98851,138,2025-09-18
ab464210,98698,427,2025-09-17
e53c6a3e,73220,885,2025-09-10
7be36fee,29313,807,2025-09-22
fa892a53,69876,599,2025-09-02
b41e8279,51362,204,2025-09-12
10e43ea3,26659,502,2025-09-19
e7c07576,26131,125,2025-09-27
fac58947,71226,820,2025-09-15
b92e68b7,33698,654,2025-09-30
de33c116,93980,689,2025-09-06
82f92129,46246,904,2025-09-07
3a94238b,60251,140,2025-09-13
44b45870,71587,508,2025-09-06
d93c3c36,52761,934,2025-09-05
48d8a127,78111,715,2025-09-06
f91cfcd1,38083,207,2025-09-22
c7df7c25,98771,671,2025-09-08
bcd44bdb,94520,526,2025-09-23
4107d280,99109,372,2025-09-30
06092b84,63500,802,2025-08-31
946f1703,85090,828,2025-08-31
1c5fe656,22595,554,2025-09-20
456d8349,36368,119,2025-09-19
d17a7d94,55436,159,2025-09-07
604fcdb8,52926,699,2025-09-07
b360b98e,84193,303,2025-09-26
13d413a2,91849,50,2025-09-09
edd733fd,35042,734,2025-09-15
206bbe18,31774,724,2025-09-05
ac6df013,19378,808,2025-09-15
d839a9c9,18634,764,2025-09-25
6b5b9127,81304,464,2025-09-05
0499dd69,54776,222,2025-09-10
b2828a4e,92546,163,2025-09-08
2709c6d0,32210,608,2025-09-07
2d3f39cf,79479,646,2025-09-06
7cab495e,88667,776,2025-09-27
e2f3da19,68933,206,2025-09-13
8dbdcb1a,97648,286,2025-09-25
62320912,15180,179,2025-09-23
b094dfd8,69162,843,2025-09-02
85c7da13,41886,189,2025-09-02
8b5292ed,89468,462,2025-09-18
5351f60e,44103,629,2025-09-30
2ab3958b,68703,187,2025-09-19
edf4b49f,63647,704,2025-09-01
1073f221,22494,988,2025-09-24
f23f8b40,10791,937,2025-09-26
10e1e340,68647,966,2025-09-24
8c0109d1,92189,424,2025-09-05
1cf00f34,18774,649,2025-09-16
a1b0f5b8,58668,224,2025-09-10
7ced007e,44962,292,2025-09-16
52a98062,77857,933,2025-09-13
c551ce0c,80398,967,2025-09-01
55032d3e,32144,815,2025-09-13
74058c8c,65184,510,2025-09-22
77261b2b,86529,756,2025-09-06
f90f45ef,90215,348,2025-09-04
bb366196,93951,55,2025-09-01
4c5021c4,95018,845,2025-09-07
27ae9e80,84155,42,2025-09-15
17148dda,52082,522,2025-09-30
99ce5c0a,38663,942,2025-09-04
eddb47a6,75487,440,2025-08-31
ba869dd5,55349,62,2025-09-02
3985ec5b,71285,68,2025-09-11
b7c9c646,11812,37,2025-09-24
e74ac5ad,28483,610,2025-09-16
bdcd9e80,99675,736,2025-09-15
a93849f5,62968,913,2025-09-23
72cdb664,44364,764,2025-09-25
f803fafb,69960,731,2025-09-12
7709ae76,54764,630,2025-09-26
fb8028c4,98124,779,2025-09-17
b1a44249,35235,980,2025-09-21
7759782e,70557,630,2025-09-05
bc024328,92078,701,2025-09-09
8c284c4a,56511,812,2025-09-26
8822af82,65601,135,2025-09-13
c717a229,93588,343,2025-09-19
1691972a,25372,783,2025-09-22
d0c215a1,43516,961,2025-09-15
2d773b5d,34982,727,2025-09-19
42637d0e,89148,508,2025-09-13
bb66fd07,38464,145,2025-09-15
faa6c2d8,83301,944,2025-09-02
d00def87,80399,321,2025-09-07
6324846f,22737,996,2025-09-08
a13f1e31,71826,878,2025-09-06
8c994688,48762,763,2025-09-17
f598c5cc,48354,990,2025-09-22
acefe39d,88589,30,2025-09-18
001c51b1,15760,358,2025-09-09
bdb6bc0b,72929,180,2025-09-08
5df07ab3,15678,143,2025-09-01
4442fb29,70579,172,2025-09-18
35ec78dd,70334,612,2025-09-23
84a26107,54808,148,2025-09-21
074e6a5f,19933,455,2025-09-05
8fab9842,69841,61,2025-09-07
a8f5e764,86444,443,2025-09-03
1d796362,65323,754,2025-09-11
01ecb22a,19782,376,2025-09-25
04f3ff58,62880,265,2025-09-25
c65e3b61,24668,538,2025-09-21
2d9dcea6,65092,186,2025-09-25
30bc328f,21572,787,2025-09-29
012c6de4,18898,641,2025-09-21
8fb3da18,30406,905,2025-09-29
b4a1dee8,58958,386,2025-09-17
8a28e936,66891,520,2025-09-16
53fa7ff2,43771,403,2025-09-01
ad4576e1,50453,987,2025-09-08
17d56f97,15017,221,2025-09-09
c8ebe302,61906,384,2025-09-27
27081b31,56528,1000,2025-08-31
7b6e7333,96186,514,2025-09-16
acc58752,99399,693,2025-09-06
97e9ef9c,88172,504,2025-09-20
60f53697,15963,869,2025-09-19
85a80196,49579,207,2025-08-31
db70240f,36420,643,2025-09-30
546efde8,24213,931,2025-09-23
8b3cc9f1,83606,779,2025-09-10
8c848ada,30476,783,2025-09-04
666f8f72,72027,923,2025-09-22
1b274097,28564,873,2025-09-25
d6ddc3a3,84151,25,2025-09-05
444f6678,13972,367,2025-09-09
0fb44e6b,90095,849,2025-09-14
a9685c16,82984,617,2025-09-23
ccf40e98,80032,830,2025-09-26
a47baa40,21655,151,2025-09-10
6d4b1f18,76751,918,2025-09-20
1da0f75e,12782,554,2025-09-18
5c21a262,25252,746,2025-09-03
227937ea,51393,155,2025-09-21
edfead2e,89458,818,2025-09-29
596cddf1,17828,944,2025-09-22
7fa7f697,19853,320,2025-09-05
9f6074e7,80334,11,2025-09-12
c56d2a37,16790,23,2025-09-29
96c9d355,58497,910,2025-09-23
9255684f,27346,339,2025-09-02
28fa164d,13740,298,2025-09-04
d8c7866f,58382,341,2025-09-01
2db0ad78,21323,420,2025-09-22
e4bed59c,47895,616,2025-09-04
4eb347e3,41855,520,2025-09-19
d09df4f8,69362,475,2025-09-07
8967ab1c,48161,75,2025-09-10
493b8a18,14204,994,2025-09-27
ceb354c2,98060,998,2025-09-30
f7632a09,27036,332,2025-08-31
acf9fbcd,83813,776,2025-09-04
78b18e54,21703,375,2025-09-11
0f1b0152,85665,996,2025-09-06
26db06c9,72335,580,2025-09-29
a15017fd,69579,652,2025-09-30
f1d0907d,34535,985,2025-09-16
193a53a2,46709,386,2025-08-31
83b0a074,57478,683,2025-09-08
1fd5d0cf,56347,403,2025-09-07
819fc6d0,66905,226,2025-09-23
262d5abc,80350,109,2025-09-26
f055286d,35971,713,2025-09-20
6ef9d8e9,77458,487,2025-09-10
fbb4eeb8,53531,400,2025-09-01
b8fda44e,48501,352,2025-09-14
068af21e,24621,833,2025-09-18
04a6f0b6,31073,354,2025-09-10
0764449d,46612,366,2025-09-13
273171a0,79231,127,2025-09-02
ff781aa9,62624,15,2025-09-07
e01e0f00,98219,259,2025-09-16
e1b01bbf,22259,25,2025-09-20
4979ddf0,55032,387,2025-09-12
8cd0ba5c,48329,709,2025-09-14
f0c7a08d,42484,70,2025-09-18
c38812a0,50142,818,2025-08-31
c934eef3,81529,378,2025-09-01
d75fd6ae,29411,708,2025-09-19
ec23a938,28250,429,2025-09-02
0e6e4b54,32422,164,2025-09-20
7e27cc23,51127,267,2025-09-06
0e19a9ba,57032,670,2025-09-06
44e6a4f0,97361,61,2025-09-25
0432f4bf,13561,395,2025-09-06
73684bc4,16408,318,2025-09-28
217a0715,67624,598,2025-09-10
9e48ae38,96146,522,2025-09-16
c72608e8,96352,157,2025-09-08
22c23b7e,16802,270,2025-09-10
086f0f5f,27171,132,2025-09-15
838686e0,24500,668,2025-09-22
f7754633,53403,548,2025-09-14
c2229df6,11469,383,2025-09-04
22169ec7,27256,652,2025-09-02
30afbc69,74566,468,2025-09-14
9fb518ac,98910,756,2025-09-11
52db1fb9,63406,591,2025-09-16
a6c2278a,32052,352,2025-09-26
4c8b275e,82301,893,2025-09-12
8db6a59f,28647,927,2025-09-07
347d6bbe,31759,878,2025-09-26
1154e86d,13468,378,2025-09-21
1131ee32,63771,677,2025-09-07
2aca50d8,40144,807,2025-09-17
3c0028b1,28059,47,2025-09-25
33b37348,72417,429,2025-09-24
ef9dae3a,38510,990,2025-09-27
e0ad6ac2,70033,699,2025-09-20
0dbbd32f,71763,558,2025-09-27
9ec10a40,45991,78,2025-09-07
5138a053,31912,511,2025-09-15
47b288ce,79080,342,2025-09-03
2bf1f99e,54001,95,2025-09-30
0d7725b6,30655,768,2025-09-23
3ce2eb13,50741,46,2025-09-23
07525520,64711,88,2025-09-10
17248c8f,75836,24,2025-09-10
ba3dce10,66038,295,2025-09-15
6c6a6439,91603,578,2025-09-30
c5624326,84175,174,2025-09-07
09b48134,34567,4,2025-09-09
19fa5a38,90669,934,2025-09-07
73a26233,40715,963,2025-09-02
05b96a23,42309,67,2025-09-01
303a43bd,61298,776,2025-09-10
c9872710,14070,951,2025-09-11
6f39d9d4,16241,564,2025-09-20
ef370c26,97708,677,2025-09-10
47270ac5,12039,754,2025-09-14
631058ce,31135,147,2025-09-01
f66eecd8,96831,195,2025-09-28
904b98cf,70471,278,2025-09-15
45ea1b66,72899,990,2025-09-01
5f9695f1,36390,425,2025-09-17
6a778e69,55440,638,2025-09-17
654c8d4b,89914,862,2025-09-14
33e5c64b,74143,888,2025-09-23
f6061c4d,15410,261,2025-09-01
ae604d96,94728,172,2025-09-07
a773c628,45803,323,2025-09-09
fb631125,10542,913,2025-09-10
d108cc94,81226,90,2025-09-18
6d886851,14401,627,2025-09-02
69ffdc73,65854,423,2025-09-09
29264a45,82908,937,2025-09-03
1fa53027,26844,545,2025-09-01
077e3072,75518,597,2025-09-08
2393b32f,46711,629,2025-09-10
1fddfca8,86649,51,2025-09-06
f2dc1ece,92382,507,2025-09-17
4e87fb5a,60862,851,2025-09-21
a764d5a8,38829,703,2025-09-15
3a15baaa,91671,332,2025-09-10
cf7fa7a3,72288,55,2025-09-18
fcab6ed5,77346,375,2025-09-27
46e24dbc,60852,463,2025-09-14
88c57b16,19474,645,2025-09-01
34dc1437,57251,929,2025-09-15
dcfd3a15,31679,305,2025-09-30
c6324ad9,35994,449,2025-09-05
ef096d58,80388,684,2025-09-04
ef0fc9f7,63329,18,2025-09-04
1eb82022,29293,61,2025-09-08
89e4e279,39624,611,2025-09-24
7f8665f8,47291,264,2025-09-20
591b00e7,63415,718,2025-09-22
9d75f509,64830,686,2025-09-22
83b08b6a,18465,860,2025-09-09
899bec5c,47114,697,2025-09-16
e393a596,44444,319,2025-09-18
86bdd363,35346,959,2025-09-02
16fe90d5,23200,789,2025-09-27
c898f0ea,34278,584,2025-08-31
e37d05b0,33461,409,2025-09-09
528bf8cb,69406,282,2025-09-08
3a030cef,74407,887,2025-09-12
ec3b7f3b,49597,496,2025-09-09
cf6a9e77,46759,417,2025-09-27
bd5fdaba,27670,714,2025-09-18
53ac0044,28373,294,2025-09-19
df488fa9,85093,617,2025-09-26
767bd324,76149,225,2025-09-22
2aae991f,96113,963,2025-09-05
821b79e3,85147,336,2025-09-12
70c36993,34401,140,2025-09-18
64486825,62843,363,2025-09-25
0d892c7b,47043,80,2025-09-28
bde80e01,21215,647,2025-09-15
78f64dd2,62708,3,2025-09-05
fcb5879a,19300,794,2025-09-12
9e786f1b,60212,741,2025-09-14
3f0fca6d,82963,76,2025-09-23
71dfe7a0,20471,905,2025-09-07
439f6c5a,90557,766,2025-09-20
9ca969ac,22444,422,2025-09-27
cd471f4a,69077,53,2025-09-01
41e1a0cc,49585,734,2025-09-12
d16b1eb4,87888,237,2025-09-16
550833af,18573,128,2025-09-08
d124a17c,23716,925,2025-09-14
bf36bf3e,28435,465,2025-09-13
18459b6c,50932,967,2025-09-07
8015359a,85149,29,2025-09-19
f3926475,26415,925,2025-09-24
022957cc,96246,69,2025-09-16
d8409501,43381,82,2025-09-07
7563cfc2,81720,32,2025-09-29
768819c5,89111,279,2025-09-26
01a54a46,68521,911,2025-09-05
a1273748,19474,624,2025-09-16
6ae19591,10207,29,2025-09-15
6c0aea18,89098,44,2025-09-09
ffafcedb,37392,595,2025-09-09
46994709,82244,410,2025-09-28
486c62db,89863,50,2025-09-26
8f8bc048,56104,909,2025-09-19
763f98c2,99386,750,2025-09-10
20167b3f,95429,42,2025-09-04
7dee999c,15985,33,2025-09-28
dcbace8b,47010,21,2025-09-13
8b97f2fe,25892,646,2025-09-16
4cff6ac5,20729,65,2025-09-05
40b13bf8,39483,448,2025-09-02
5e2513cb,24165,783,2025-09-02
7e423ca7,55831,26,2025-09-28
111b861f,72400,869,2025-09-13
1a5e27ca,71062,383,2025-09-09
69d322cf,15281,647,2025-09-26
a5863748,11082,783,2025-09-27
45f5d03b,78696,495,2025-09-04
c9ff77af,95790,359,2025-09-05
8d6fe515,39459,320,2025-09-03
f89ab347,93893,657,2025-09-22
a50fb2c5,77708,708,2025-09-18
5f604621,19589,328,2025-09-14
c5862dcf,77724,489,2025-09-15
4f9f2615,47646,219,2025-09-25
2cc8c925,61662,687,2025-09-01
34f8f1b8,63985,869,2025-09-20
ed27b245,28362,449,2025-08-31
b58fec75,21337,283,2025-09-16
b340c67a,59629,108,2025-09-02
5966dc93,12091,690,2025-09-21
cc441179,59442,674,2025-09-11
894e8442,52909,622,2025-09-27
f4477ede,56488,300,2025-09-23
93282f2c,89947,482,2025-09-06
5221ef11,61881,859,2025-09-09
f51ed905,27311,655,2025-09-12
90cceb1a,19139,141,2025-09-04
1dea3daa,13708,296,2025-09-03
100332fa,70772,495,2025-09-15
73629361,65964,39,2025-09-06
33334186,27374,91,2025-09-18
f70d7489,86826,704,2025-09-30
846c20bd,76372,32,2025-09-15
b65a63ce,40116,151,2025-09-06
a0f0cec5,24761,789,2025-09-25
b89e73c5,10602,669,2025-09-07
54a7b602,24835,159,2025-09-07
5a6e841f,85620,859,2025-09-03
8a0fa4b4,39038,983,2025-09-04
4c3ed287,81550,430,2025-09-10
254465c3,91070,387,2025-09-23
accff377,49658,315,2025-09-23
c6533d7f,85649,14,2025-09-22
52035c33,83404,451,2025-09-19
38cb05ba,38419,216,2025-09-26
1ef1fbea,80354,418,2025-09-23
3c35cc6e,94347,952,2025-09-28
b30b9ea6,76363,579,2025-09-15
404ebc30,32122,741,2025-09-26
083dde71,39758,966,2025-09-28
7b193fd2,45746,592,2025-09-22
cc4e58d7,42978,492,2025-09-10
1aed392e,33181,233,2025-09-10
0867b0cd,86814,304,2025-09-24
a6673b42,14591,495,2025-09-29
5ea3e351,20802,975,2025-09-15
e3d108ed,27215,36,2025-09-29
ac68d859,82136,405,2025-09-16
6b11fba5,90042,575,2025-09-26
4f8720ca,64898,106,2025-09-27
5ef99b6a,69612,869,2025-09-13
2ca1946c,22860,449,2025-09-02
1293b007,35409,513,2025-09-17
253dd4ba,66459,274,2025-09-24
0f0e648a,53053,169,2025-09-22
a869f6fa,40923,227,2025-09-16
68bd6f7d,90310,235,2025-09-07
65b118db,40928,814,2025-09-12
38fc8587,37458,817,2025-09-22
793da5ca,84626,589,2025-09-28
78767c53,62922,557,2025-09-25
953d99e0,80065,852,2025-09-29
377a6a2c,84047,727,2025-09-27
1ef205de,60086,479,2025-09-10
6c050bad,67195,57,2025-09-01
ad9444b8,87672,946,2025-09-09
3e0c4f8d,59850,415,2025-09-26
c06c41eb,10420,550,2025-09-10
1de7da94,31979,104,2025-09-04
38d3e619,77324,973,2025-09-06
74904412,78325,341,2025-09-19
698aa892,43109,413,2025-09-02
1ae8abb0,16829,444,2025-09-05
adceb65a,95537,473,2025-09-26
fefe8af4,21497,332,2025-09-21
a49534b0,62692,594,2025-09-16
b6ee1e0c,81585,770,2025-08-31
b878d8df,69159,946,2025-09-08
6f176d0b,53966,335,2025-09-27
6154c94c,56030,106,2025-09-14
edd73191,83265,17,2025-09-27
e483afc1,70808,308,2025-09-13
e6c502ce,82964,862,2025-09-29
677ebf96,61621,760,2025-09-05
d9c6fd3d,41226,853,2025-09-09
ae5d9f29,25352,800,2025-09-11
4586ae4f,65788,648,2025-09-22
04bab563,82006,212,2025-09-20
d0326356,67933,983,2025-08-31
757d2f74,17907,988,2025-09-14
7164790f,62983,504,2025-09-07
ceb50af8,70181,817,2025-09-02
cc71160d,34699,935,2025-09-21
3d55192d,98320,450,2025-09-17
82912fe5,94410,584,2025-09-13
0a0e4310,72207,571,2025-09-14
3ca62e4e,36484,854,2025-09-04
6a3aa987,39013,44,2025-09-29
7419fd83,37671,863,2025-09-04
421ee83c,40302,437,2025-08-31
0517dc8e,16898,423,2025-08-31
b5221b7a,65326,908,2025-09-21
ea1df054,28704,32,2025-09-02
e228c8ca,89011,523,2025-09-25
89abbb31,71087,850,2025-09-20
3c16eaa6,14662,107,2025-09-15
fa7ff9a8,60584,612,2025-09-06
f5e94210,23801,41,2025-09-16
0514c0a3,19076,34,2025-09-08
ffc08a5a,85336,333,2025-09-22
dad50390,66464,213,2025-09-22
6d59dc12,22166,650,2025-09-28
deb5d4a6,25443,723,2025-09-26
5185dc90,30201,705,2025-09-06
1292b883,48264,325,2025-09-20
867018f9,33469,932,2025-09-01
880076a9,34829,974,2025-09-14
0a79bcc2,44147,871,2025-09-07
9fe7369f,80911,170,2025-09-24
2cfe1e8a,28333,927,2025-09-29
f4fabb64,86330,336,2025-09-02
b63c4bb4,75890,997,2025-09-06
536a598e,16594,679,2025-09-17
a6f3b62b,44805,243,2025-09-10
8d2fc49a,91772,685,2025-09-28
b68c5956,99006,720,2025-09-08
50181c2e,99660,290,2025-09-16
9d6a97d5,22637,648,2025-09-28
439d140a,97497,769,2025-09-08
5ead21d1,61288,730,2025-09-06
adaeda68,42351,871,2025-09-01
b50ac200,22705,626,2025-09-12
931ff170,68410,842,2025-09-15
1de6724d,31806,704,2025-09-07
28d41705,32832,197,2025-09-02
e0de2187,32541,995,2025-09-17
485c312d,17478,589,2025-09-17
9911b36a,22313,940,2025-09-19
1a29d980,95514,642,2025-09-17
ca535768,57830,769,2025-09-25
d6dc063e,44425,663,2025-09-26
5cf1eb9e,50396,597,2025-09-13
7f52dd24,12233,991,2025-09-06
1eee5720,32157,485,2025-09-20
5c425e18,60184,269,2025-09-27
2ccd65e6,63267,882,2025-09-24
eea8b42e,80616,933,2025-09-01
8ba65b02,47697,116,2025-09-23
5a9a8fe1,99727,506,2025-09-08
9d4e0592,40863,93,2025-09-22
e7c15eaf,89702,910,2025-09-19
93d0c11b,40292,926,2025-09-29
3cebe2df,35489,192,2025-09-19
a1d3ac98,80902,203,2025-09-18
07179ea8,57966,599,2025-09-10
81a69574,91322,189,2025-09-24
17410d38,65910,374,2025-09-14
49aea129,80161,935,2025-09-10
da6263c9,36695,559,2025-09-06
788006d0,50734,51,2025-09-05
62ec8d7b,53386,533,2025-09-06
a66654f9,37350,187,2025-09-05
eb0f0d1f,77111,318,2025-09-07
29c76fbe,86416,485,2025-09-01
9d8cc347,26314,2,2025-09-13
41d319e8,44215,947,2025-09-06
5821d3f4,35311,741,2025-09-10
78c6e4c4,39539,199,2025-09-22
cfbdabfe,94229,73,2025-09-04
058a1cd3,30566,534,2025-09-28
44dc8d52,55261,797,2025-09-21
67dc848f,23660,369,2025-08-31
4593b3f3,72045,717,2025-09-12
f95c7613,31704,484,2025-09-18
45392955,15536,517,2025-09-27
7ef6d686,73560,557,2025-09-27
83dc6c92,38837,825,2025-09-21
69b2d03c,24529,792,2025-09-04
d427e9f7,31418,50,2025-08-31
5a292197,61394,84,2025-09-06
03fc07cb,85392,471,2025-09-13
605d22b8,74648,899,2025-09-13
f0a530e1,93928,903,2025-09-15
c8314228,40494,930,2025-09-11
719a0bc7,52287,253,2025-09-17
a3411b91,53039,939,2025-09-13
6810a5a2,22192,213,2025-09-13
fb74f671,99034,76,2025-09-19
55d5e6b0,94998,368,2025-09-17
d4e0a14e,44253,215,2025-09-24
e7f71029,30153,441,2025-09-01
b82da652,62293,926,2025-09-01
24a8ed47,28571,105,2025-09-06
eb5d4bbc,37470,134,2025-09-06
4cb1d4a1,97032,5,2025-09-14
02c200c4,17046,133,2025-09-14
45cf730b,50248,451,2025-09-04
d98bd5fe,91403,974,2025-09-27
52941df0,73210,101,2025-09-11
07b5b63e,39420,81,2025-09-13
c7238c29,14170,893,2025-09-08
0bdbdaaa,84224,778,2025-09-13
b46a3c74,79851,452,2025-09-10
8b6c0423,32743,948,2025-09-01
0336fccc,94003,802,2025-09-23
10c88918,48033,376,2025-09-11
0d9ad384,31411,304,2025-09-12
2067de67,54635,189,2025-09-26
b4cbfcb8,13993,868,2025-09-14
f049f13d,63511,988,2025-09-13
8bec94d0,57454,102,2025-09-15
18dd698e,48300,637,2025-09-05
59342ecc,68552,466,2025-09-21
222141df,33490,496,2025-09-22
78ecd68b,76156,499,2025-09-18
ddbc72f6,13119,263,2025-09-14
36b0ed0c,32655,910,2025-09-17
88f57112,33427,733,2025-09-13
ae8f79c9,73020,380,2025-09-05
be7bf62f,32913,320,2025-09-23
bad74673,10266,788,2025-09-04
dad64ae2,88410,305,2025-09-28
127b27c3,63896,492,2025-09-29
94c2b288,97901,871,2025-09-16
9d4b71ea,15549,191,2025-09-07
fca141a7,25869,685,2025-09-17
f309b2b8,72164,871,2025-09-04
4465b96c,93207,16,2025-09-17
3441f6f8,79666,35,2025-09-18
77d8cf26,66847,389,2025-09-11
19714167,66943,713,2025-09-28
6b9514aa,63494,361,2025-09-26
20636ee0,33960,589,2025-09-28
3ef2aa0c,68879,460,2025-09-21
2d5811d8,87121,892,2025-09-03
9923592f,48757,868,2025-09-20
8519b7af,28421,68,2025-09-24
efc96a74,40315,347,2025-08-31
1bee8aaa,63069,742,2025-09-21
4ddab195,38971,980,2025-09-08
f0a1bf23,84746,277,2025-09-06
3208443f,69221,461,2025-09-16
f88bd89d,74001,848,2025-09-16
3b5349a3,70437,586,2025-08-31
77768ea0,77855,662,2025-09-30
e2d22509,98179,851,2025-09-23
9b03793e,31941,464,2025-09-11
55c07a7f,61850,233,2025-09-06
51b0e2b0,89003,652,2025-09-26
2be55d5f,11142,618,2025-09-27
4f1550ee,38338,573,2025-09-19
a978d0e5,38817,429,2025-09-14
edb44690,61822,714,2025-09-10
7e5d8771,20283,785,2025-09-17
1fc71feb,40328,933,2025-09-16
85212b6f,84389,480,2025-09-16
1daf2f16,97013,601,2025-09-23
626cc047,80503,440,2025-09-24
f6047203,39484,808,2025-09-20
a52650cb,34651,301,2025-09-06
0eaa7d75,52647,521,2025-09-13
255b28a2,76001,115,2025-09-16
7b0811d3,17969,24,2025-09-24
8caf928d,53037,455,2025-09-02
1c881862,10811,44,2025-09-06
c5f1b593,37426,745,2025-09-08
564794ab,97393,613,2025-09-12
e2339f45,23992,106,2025-09-24
dce2f36d,30976,34,2025-09-27
652f124d,79616,156,2025-09-12
2cc33e30,39225,92,2025-09-17
e6559a1d,79166,734,2025-09-21
5be2ff3f,53860,226,2025-09-21
25661343,48816,611,2025-09-03
54f9b73f,46107,872,2025-09-15
e8af55e3,74646,221,2025-09-30
b1c66fb5,46966,956,2025-09-26
dcd22a9f,69643,440,2025-09-10
a8c12897,87877,555,2025-09-27
d48f7fba,21902,239,2025-09-23
81fd1455,36815,586,2025-09-09
78a1b52d,56692,555,2025-09-21
2e41b0c3,56104,310,2025-09-26
1c163940,93987,401,2025-09-12
3e25a9d6,22121,779,2025-09-01
86c059a9,60180,788,2025-09-01
f42f0056,14715,795,2025-09-20
ba8f24c2,99552,723,2025-09-01
d3669c75,27841,866,2025-09-15
816e2b8f,87166,110,2025-09-06
1abd8500,18938,105,2025-09-07
03ffbf2a,78404,716,2025-09-02
2d08d473,42978,318,2025-09-14
5fb76209,89805,856,2025-09-01
904c9093,89476,585,2025-09-05
5cbdcc2b,47263,236,2025-09-11
307b7f80,25512,353,2025-09-26
cc184fa6,30611,328,2025-09-15
e362288c,46688,283,2025-09-08
420d1b1e,17597,199,2025-09-12
643dbf22,99932,573,2025-09-12
d15fc2ad,63745,715,2025-09-08
88c0320a,25242,435,2025-09-19
99b33157,35772,669,2025-09-01
7c428213,22073,303,2025-09-18
b3923270,16856,898,2025-09-21
9974f07f,55551,816,2025-09-26
9537caa6,88660,787,2025-08-31
ed67622e,90686,469,2025-09-26
f997e5ac,20823,816,2025-09-07
85873e4b,95443,700,2025-09-02
4c6e4ac4,63793,712,2025-09-08
488fe0d3,67715,407,2025-09-13
d3703838,99262,272,2025-09-06
d6bee71a,14628,41,2025-09-08
80944687,41658,699,2025-09-07
06fb7e90,16939,231,2025-09-02
35bfbb92,10801,526,2025-09-07
5417d84e,24328,635,2025-09-10
925b27ee,70090,385,2025-09-16
8b9c46ae,36037,268,2025-09-07
00a5503b,68435,276,2025-09-06
b3e2f2ed,58141,355,2025-09-09
428417f4,98165,88,2025-09-03
d96fe9bf,22975,860,2025-09-04
88fdd5bc,28723,848,2025-09-09
e8088c7b,51350,335,2025-09-11
22383a73,74938,746,2025-09-02
d70fffcf,14940,782,2025-09-08
ea4f7628,38405,467,2025-09-21
57ff73bc,53225,666,2025-09-01
424e700d,57205,540,2025-09-27
2b5f341a,17872,296,2025-09-05
93942b39,38105,727,2025-09-25
79de4bb6,56667,919,2025-09-02
cd8f037f,39185,958,2025-09-16
a5de151a,57509,427,2025-09-09
7c747425,56715,227,2025-09-22
7e19d281,92453,333,2025-09-05
89e9ff05,11292,7,2025-09-12
77749862,45427,856,2025-09-25
a9147cdb,50836,985,2025-09-28
fdd2a6bf,25914,796,2025-09-12
25aa88ff,75069,10,2025-09-12
85ea257f,90987,853,2025-09-06
05544147,95309,802,2025-09-16
aaf049ed,92479,10,2025-09-09
5dc07526,60716,391,2025-08-31
931f75a8,27807,917,2025-09-13
af134c3f,57779,564,2025-09-01
3c60afbb,82667,509,2025-09-14
2b5d91f5,57095,800,2025-09-26
fabae168,19536,263,2025-09-10
74e05332,57681,834,2025-09-28
c782a03e,83466,591,2025-09-02
bafc2e4f,99959,438,2025-09-14
42e2cddd,25466,501,2025-09-18
114006f8,92532,955,2025-09-11
a7b1bd81,22569,621,2025-08-31
ec886b13,20901,853,2025-09-16
61f2585f,23562,731,2025-09-14
aa87520f,31682,110,2025-09-03
1b636a2b,65610,1000,2025-09-01
c71296f0,53660,58,2025-09-13
e9666589,19682,990,2025-09-27
e7868098,32000,356,2025-09-03
0a3e08f3,90930,816,2025-09-26
59e8fdc7,58435,212,2025-09-27
80a2cdc8,45825,169,2025-09-08
5348827b,99461,818,2025-09-13
7342ff55,63855,155,2025-09-06
257e11b8,99784,570,2025-09-11
4d3f604b,83970,920,2025-09-25
d2ed092f,79875,878,2025-09-25
b1e356d7,21427,130,2025-09-28
e2a03c28,80674,197,2025-09-27
38951471,64978,189,2025-09-04
baf83bd9,30633,30,2025-09-28
deeb959c,85427,28,2025-09-01
ef89c336,76157,419,2025-09-25
d6408541,62644,189,2025-09-08
37e08a43,35023,14,2025-08-31
851b2792,84770,681,2025-09-13
55d1d5ed,22708,866,2025-09-16
ef669874,51575,689,2025-08-31
5ddc3886,57700,536,2025-09-05
51b61449,25168,112,2025-09-20
27b47135,14111,827,2025-09-09
0d935cac,15859,155,2025-09-15
35bd567c,53528,378,2025-09-23
a34b83bf,49420,660,2025-09-14
dfe1e9ee,98873,41,2025-09-15
319f472f,42782,753,2025-09-30
50156d9a,50245,857,2025-09-08
005092a5,50378,319,2025-09-06
ab26fb68,63342,610,2025-09-19
81221dab,21635,407,2025-09-18
560f0708,79357,157,2025-09-25
f8d663a9,16920,497,2025-09-23
6644ede8,10320,892,2025-09-19
87f6ce28,16318,548,2025-09-21
c9ec0137,52376,434,2025-09-09
d63fb3fb,15061,408,2025-09-12
ace6c592,24989,264,2025-09-25
044cfed9,45011,802,2025-09-25
7724cac2,82740,872,2025-09-06
1f6ff8c3,62802,804,2025-09-08
2f77ef28,10747,597,2025-09-11
c274e848,32409,603,2025-09-23
946e7103,32455,61,2025-09-10
657d8160,80615,870,2025-09-07
59ff2dc9,29971,694,2025-09-27
32b10133,13008,208,2025-08-31
309290d5,91355,949,2025-09-23
a40ed569,86201,242,2025-09-19
39a12f9b,20594,677,2025-09-19
261176d2,32534,541,2025-09-10
b337e664,90332,550,2025-09-28
a1eaf870,45718,459,2025-09-10
360d1437,72456,115,2025-09-20
274973de,94981,214,2025-09-29
3feec6b8,52841,596,2025-09-09
5913b031,75679,311,2025-09-06
26d5e2c2,16155,949,2025-09-04
58190d43,14596,91,2025-09-20
c185eae2,57495,952,2025-09-27
be754bbe,38481,540,2025-09-16
cadde782,87695,295,2025-09-23
45db3d55,10021,146,2025-08-31
9bf6eb2c,62954,963,2025-09-23
1c7d9e1c,82589,726,2025-09-14
3d6e224c,78168,518,2025-09-17
fa48aee7,24956,381,2025-09-21
d258b596,55424,878,2025-09-26
ae2ba8da,76502,400,2025-09-21
20054b14,84803,43,2025-09-06
5b2fd46b,46736,919,2025-09-20
4a403edf,76715,420,2025-09-25
e60a0f64,74239,334,2025-09-29
691ff49d,31832,819,2025-09-05
b6eb542c,82965,184,2025-09-28
8045b358,33906,120,2025-09-30
b1016c2a,51503,369,2025-09-26
1d4ace04,55146,369,2025-09-10
cac3812f,97384,543,2025-09-25
43a994b5,32450,632,2025-09-28
28e2ef35,17984,716,2025-09-03
9616ad61,55531,976,2025-09-29
f577f1bb,27866,690,2025-09-05
fc95f68a,26944,844,2025-09-23
365513ae,38710,744,2025-09-08
c2720c11,45680,939,2025-09-03
fbed1447,98925,492,2025-09-23
cf508cb0,94666,107,2025-09-24
c3f88500,26350,477,2025-09-18
a93d41c5,19271,239,2025-09-13
cdaa0a3b,80262,614,2025-09-03
cad21c4a,14528,914,2025-09-27
3e5b2884,93687,387,2025-09-03
f10120fd,63463,341,2025-09-27
25bd090a,32404,921,2025-09-18
b9c6eb2b,66745,885,2025-09-28
de64f51a,79724,479,2025-09-11
fb219d43,73552,306,2025-09-15
2a1d6a25,26548,857,2025-09-07
c8de75a6,39435,970,2025-09-27
40b809b5,63630,792,2025-09-20
9a5f3d3d,54235,417,2025-09-20
5b0e6ffb,30359,55,2025-09-12
2f6b25ab,10015,396,2025-09-23
c358e79a,98192,340,2025-09-28
7b381a17,37328,819,2025-09-11
3b0e7fbf,75839,937,2025-09-16
7e71501b,25618,951,2025-09-28
f3fd03f4,30871,320,2025-09-17
16be53f5,13295,202,2025-09-21
f33fbfe6,66439,423,2025-09-08
fe457497,31425,826,2025-09-15
ba0db6f4,42003,405,2025-09-21
f1c23d7b,68327,333,2025-09-23
a01d809c,42269,339,2025-09-10
fa73d455,79670,299,2025-09-27
2f100c16,58608,142,2025-09-01
43f4fb53,42807,476,2025-09-13
431b5cb5,76939,154,2025-09-11
f3964e07,70937,493,2025-09-27
1d13f443,15333,633,2025-09-21
be22de92,87755,69,2025-09-12
5b35d19a,54163,85,2025-09-19
7514f47b,56538,970,2025-09-08
581026f1,89955,286,2025-08-31
6a9251db,83699,956,2025-09-14
4da84023,27395,181,2025-09-01
882e25bb,18766,615,2025-09-15
780ad09c,14135,98,2025-09-29
94196667,91917,591,2025-09-13
52a9c1a5,84914,918,2025-09-22
319cf89b,55424,102,2025-09-08
95029682,52715,881,2025-09-24
9f334ad5,64624,281,2025-09-22
3bfc64c2,66156,57,2025-09-24
f590f72c,76037,421,2025-09-28
14e40274,60301,281,2025-09-05
692d4ead,91679,585,2025-09-28
bde3befd,81983,757,2025-09-22
da0db44c,73793,977,2025-09-04
1ae7ec70,45576,644,2025-09-30
1827e565,72058,786,2025-09-12
f3de9bfb,35724,547,2025-09-26
d0b073ac,75452,588,2025-09-06
ef80615d,27494,883,2025-09-02
c31f965b,49415,176,2025-09-13
09be10ac,13709,451,2025-09-16
6d3d7bcb,75938,865,2025-09-21
39b40d9f,75955,37,2025-09-23
2232e441,99987,111,2025-09-30
d30f03a0,72984,63,2025-09-21
723897d7,41326,131,2025-09-03
26210746,35589,182,2025-09-17
cba16b72,85166,46,2025-09-16
fc7e4600,98501,869,2025-09-08
96a92206,45524,120,2025-09-11
65df7a22,64254,785,2025-09-04
8322a771,16707,297,2025-09-29
304fe819,95396,351,2025-09-18
291db1de,85609,85,2025-09-12
e3f9f53b,51258,227,2025-09-08
12e9c027,73344,275,2025-09-29
015f702c,21553,257,2025-09-01
cbe2f325,45295,663,2025-09-18
b1890ee8,24801,923,2025-09-17
08bca4d0,77754,213,2025-09-25
5af9f918,13545,178,2025-09-08
18cca713,82001,953,2025-09-07
3ffdfb42,78844,759,2025-09-17
348efd98,31851,583,2025-09-01
5fefb9ba,68188,197,2025-09-25
32e0862a,25440,393,2025-09-14
21223f09,58737,363,2025-09-21
a007e7d2,95857,685,2025-09-07
fc2e581c,44998,247,2025-09-08
f9c36e3d,89560,415,2025-09-14
5907da9d,20249,943,2025-08-31
5b1e31b3,81428,106,2025-09-09
b9628731,85327,69,2025-09-17
4e5160c0,22431,918,2025-09-13
1d1c5b71,44418,982,2025-09-04
1ed58a1c,94995,600,2025-09-13
1601aed1,89580,292,2025-09-08
033fcbe0,57666,459,2025-09-08
03bbe8a3,61785,88,2025-09-26
c4b004c3,43467,717,2025-08-31
d291181f,79276,644,2025-09-20
4361dcdc,91509,726,2025-09-26
ecb21271,20812,525,2025-09-23
aaa22e4b,53876,385,2025-09-28
2826c955,50947,22,2025-09-21
8e9ad3d8,75355,495,2025-09-16
d6b8a768,15740,738,2025-09-08
d00f9a70,80449,401,2025-09-18
f573a827,62800,421,2025-09-11
b88c179e,61742,872,2025-09-09
798c2223,82195,216,2025-09-23
e14ce1b6,99891,501,2025-09-18
a0b71578,13145,571,2025-09-11
7eded942,57984,288,2025-09-16
d0f98645,20525,915,2025-09-30
26352d20,25248,666,2025-09-28
2608eac5,41463,619,2025-09-03
16254663,54950,619,2025-09-08
eaf51558,68274,258,2025-09-19
0bd4a129,59858,508,2025-09-22
99ab6f73,82918,494,2025-09-09
32c973a5,42594,661,2025-09-01
8ec455da,25132,287,2025-09-11
e47debed,61556,917,2025-09-26
8b08bda8,13574,997,2025-09-10
f36b7274,12991,958,2025-09-16
6f97d6a5,51440,816,2025-09-08
e5ecc359,77156,176,2025-09-06
4c1e533d,83785,215,2025-09-01
d4b09cff,19845,844,2025-09-11
ef826540,64903,860,2025-09-24
d1ced4a4,92022,139,2025-09-18
4bb7e84f,48647,966,2025-08-31
14a62e70,70169,427,2025-09-20
ab122d14,53640,788,2025-09-04
ecef397f,57358,345,2025-09-28
c30ff46d,77951,560,2025-09-03
aede58aa,27531,252,2025-09-19
30d50ec8,98832,702,2025-09-13
cd42afb3,33159,18,2025-09-15
a17441b4,49941,746,2025-09-29
2cbe6b1b,15118,877,2025-09-03
081087bb,76036,960,2025-09-08
1ee60b76,55953,186,2025-08-31
46ed0308,19568,926,2025-09-16
653e2c75,58409,312,2025-09-26
3d28b706,84985,331,2025-09-22
99178f73,70881,727,2025-09-16
789c5d65,19766,827,2025-09-16
f81580dd,29867,503,2025-09-22
b15c4b70,48547,158,2025-09-27
a0c8cfb3,89407,136,2025-09-22
19013332,14304,897,2025-09-29
627a3719,63467,9,2025-09-25
3eb8d423,15690,699,2025-09-03
c96d95cf,45455,27,2025-09-10
7dca47f2,91700,802,2025-09-29
e443e226,51058,849,2025-09-24
b96e3530,90657,580,2025-09-06
44960e3e,96181,999,2025-09-17
eb09de1a,82938,183,2025-09-15
c9ad5ea6,26339,439,2025-09-01
49822b13,97189,838,2025-09-27
7a05e900,79585,56,2025-09-04
f45594ec,17221,709,2025-09-18
0ae8f18a,94229,607,2025-09-21
0dba4b54,69382,296,2025-09-07
2a6c08d0,42646,646,2025-08-31
27a9340b,38909,696,2025-09-03
043046d8,53325,248,2025-09-20
8fc757a2,61611,756,2025-09-16
b797327d,74987,4,2025-09-11
e04ea208,36919,363,2025-09-24
8e65af7b,27312,598,2025-09-09
c956420a,24137,455,2025-09-01
e924e8be,65945,926,2025-09-09
b00ff4a2,30746,634,2025-09-30
2d85c4d0,85343,586,2025-09-10
611820c7,34203,504,2025-09-17
0569b1f4,28159,992,2025-09-15
0290fd4f,97733,722,2025-09-23
a2e5c6f7,36375,508,2025-09-28
a3fba625,63945,79,2025-09-18
bffc96bb,50956,191,2025-09-22
e56c4769,23190,316,2025-09-28
0e6a4e47,49034,631,2025-09-30
470f82a8,90498,708,2025-09-04
139a7438,54890,322,2025-09-09
c5477dfe,24014,841,2025-09-10
0400f680,18532,733,2025-09-14
d75a9ded,79743,960,2025-09-22
9f6e24a2,61175,431,2025-09-03
aa65c466,12010,434,2025-09-18
f8e4f1ec,55560,233,2025-09-07
24dcecc9,59953,159,2025-09-10
dc1656a6,53576,936,2025-09-10
aadeb824,40566,862,2025-09-02
8a6e7495,77560,143,2025-09-26
2efad366,64601,924,2025-09-06
e8167d45,91957,350,2025-09-11
db0ea97b,29834,584,2025-09-13
a1012b74,60458,186,2025-09-05
ad1ec2e3,18926,399,2025-09-22
36b1b5da,66287,810,2025-09-29
ba246132,75117,353,2025-09-16
de8de57f,88407,517,2025-09-05
01c80e97,18763,809,2025-09-13
08025028,18577,860,2025-09-11
38f5cf83,70320,509,2025-09-13
37753e68,91107,238,2025-09-03
c3362adc,29010,702,2025-09-20
2f89297b,69919,797,2025-09-03
1b0bfb22,93235,737,2025-09-03
fda378f8,98665,552,2025-09-27
9b27c70a,24302,431,2025-09-21
975a94e3,80171,98,2025-09-08
52e9efb0,19254,695,2025-09-13
45fc9297,58624,285,2025-09-21
4ad96a7d,27554,583,2025-09-11
217da92c,95553,953,2025-09-25
79f94bde,62868,201,2025-09-10
17bea556,60301,644,2025-09-27
160e865c,11640,185,2025-09-08
6f6d5202,48808,746,2025-09-01
56408110,45174,645,2025-09-29
0d0719d4,73552,290,2025-09-29
2ca3ab4d,51261,639,2025-09-12
189832b1,12036,807,2025-09-09
1636e081,66730,608,2025-09-12
bf78cf81,71213,923,2025-09-06
a6405bf7,48159,740,2025-09-16
f2293366,11207,526,2025-09-25
cc1aa3d8,29989,883,2025-09-11
1933b016,75321,993,2025-09-17
7ac6b4bc,34758,368,2025-09-26
0cd51dbb,93725,226,2025-08-31
c904e8b1,85668,141,2025-09-03
d4afa407,50900,662,2025-09-11
32e5ffd1,88027,441,2025-09-01
a45b61d0,57228,940,2025-09-22
c9f56114,52977,831,2025-09-17
3807cfac,94171,753,2025-09-13
2f08be36,77979,855,2025-08-31
d9a23231,31221,340,2025-09-01
d89e4f91,35671,658,2025-09-05
59822547,25059,36,2025-09-29
3a453bad,69099,540,2025-09-16
f031005d,75739,376,2025-09-04
5489aa56,22928,557,2025-09-24
ddb4ee26,27930,881,2025-09-12
67a4e044,37646,996,2025-09-28
4ab7ff12,83062,609,2025-09-23
03b8abdd,53182,116,2025-09-22
138ad708,18494,77,2025-09-15
fcef86e6,13273,237,2025-09-22
86251771,38960,103,2025-09-01
66e023b6,97566,526,2025-09-02
0de0d5de,93311,36,2025-09-15
b23c6368,10854,230,2025-09-29
0c41a97e,38038,581,2025-09-07
6b900f5b,79906,341,2025-09-17
268f6217,68510,126,2025-09-21
a3fdc40e,30007,238,2025-09-04
5395b63f,83442,609,2025-09-26
615a0088,16362,893,2025-09-20
b3120f51,81235,868,2025-09-08
3f5df79a,24961,653,2025-09-04
b808c549,96502,264,2025-09-20
7ed9f802,46531,643,2025-09-30
3832fe84,88889,733,2025-08-31
24b1b117,72847,995,2025-09-29
1f2cc076,20368,21,2025-09-18
477c0247,51469,597,2025-09-16
216fe0d6,55184,326,2025-09-04
a4b1b51f,93698,703,2025-09-18
526095cb,14176,779,2025-09-14
def2c431,76323,531,2025-09-05
aa622341,64923,978,2025-09-29
3154e71d,81086,621,2025-09-17
a6a30df8,55137,396,2025-09-17
1b0dc8b9,67432,878,2025-09-08
99dc2c9c,92654,170,2025-09-15
1d3304ac,89296,387,2025-09-22
b9e7f9a3,25735,609,2025-09-30
4f88aacc,27265,318,2025-09-27
b156eebe,54837,63,2025-09-22
62cae746,16981,769,2025-09-25
f0ef8325,85648,267,2025-09-29
561df933,46377,219,2025-08-31
ecfb2203,11396,545,2025-09-02
81eb1e65,95686,44,2025-09-17
97395eb6,14574,336,2025-09-10
50e54eb1,26857,344,2025-09-20
e1dc2b72,24123,199,2025-09-03
8e801d6f,24314,686,2025-09-21
2c787567,71276,972,2025-09-03
bb9407d8,77956,213,2025-09-19
d234413b,11376,784,2025-09-19
27f1562a,35842,474,2025-09-10
39e731f2,31634,848,2025-09-09
f56f2375,23239,651,2025-09-14
afc205d2,61747,682,2025-09-01
62f90993,95312,29,2025-09-17
1bd3e4c6,19216,113,2025-09-20
240fc495,39699,974,2025-09-04
34cc74b2,42256,414,2025-09-28
71589141,26460,479,2025-09-15
7185ed68,62663,383,2025-09-23
4911b0ba,45935,544,2025-08-31
38f9e709,70073,275,2025-09-17
060cf62a,38677,59,2025-09-07
4bf8c8db,62716,595,2025-09-27
1902ff20,97696,719,2025-09-24
9adb0353,36439,397,2025-09-22
b824a121,88191,683,2025-09-23
0e068880,89456,171,2025-09-06
dd08d8de,79146,141,2025-09-26
c6c2d7bb,92646,864,2025-09-10
e14b3ce3,99418,421,2025-09-25
fb86c4d1,82958,529,2025-08-31
3a92bd7a,39716,910,2025-09-06
99ecbb93,15228,843,2025-09-04
00cd4ba3,13334,32,2025-09-04
4fcdcf4c,52856,644,2025-09-25
c64e40cb,39111,240,2025-09-19
35a940bf,11770,888,2025-09-01
4efdbc56,45770,389,2025-09-21
cfd74881,58224,301,2025-09-30
201f83c5,16038,27,2025-09-05
8711fb14,24614,266,2025-09-25
c9403e7f,29325,685,2025-09-12
923020e0,38639,544,2025-09-05
0cbcfbac,24764,507,2025-09-28
aa1d1206,11457,618,2025-09-11
0cc1e8cf,81268,619,2025-09-15
05a574a7,95736,655,2025-09-05
e6347cf5,93657,323,2025-09-02
9bfe6c05,38436,629,2025-09-24
69d67d65,15950,154,2025-09-01
018532bb,82161,169,2025-09-11
c8880d25,53386,305,2025-09-20
8d6fa490,93629,176,2025-09-09
8cddbc1c,36218,848,2025-09-09
f72bb1e4,82532,834,2025-09-23
4cf24c36,18418,911,2025-09-08
6dcc7f53,39957,463,2025-09-07
81906706,93872,431,2025-09-26
5053de15,10947,395,2025-08-31
d6e9aa6e,67682,382,2025-08-31
0b2339a7,90098,998,2025-09-07
04b245e0,29396,207,2025-09-14
72639a4d,34608,515,2025-09-23
8736358b,20887,195,2025-09-21
526cd56b,28748,901,2025-09-03
576bd01c,75151,411,2025-09-19
ba496878,81017,5,2025-09-08
b5b82ad0,28652,772,2025-09-13
e5f1e0aa,48435,726,2025-09-04
8e1fe72a,16941,609,2025-09-08
32b70000,66682,102,2025-09-05
2f3c9a08,76914,12,2025-09-07
89b15d16,15344,350,2025-09-03
e3360de5,78500,52,2025-09-01
b3781239,92018,682,2025-09-08
60724667,41942,434,2025-09-30
61a650e8,25882,283,2025-09-05
33a27d06,52932,401,2025-09-11
509dbae0,39977,811,2025-09-25
b29e58ac,54507,745,2025-09-10
d1825ed1,74086,106,2025-09-03
ab94ee6f,78275,130,2025-09-27
bf488ada,39572,114,2025-09-03
918f19fc,63053,797,2025-09-08
c68540ca,43070,548,2025-09-07
a05e9202,25029,135,2025-09-30
d3280e6e,46852,111,2025-09-22
26082b6d,51028,169,2025-09-18
77a77764,77592,610,2025-09-14
d1a19676,74731,188,2025-09-28
c52f4a44,37775,719,2025-09-15
bf81eee1,44092,691,2025-09-01
88e83748,47661,966,2025-09-22
d18cb4ab,47192,16,2025-09-21
814bfc40,86376,457,2025-09-26
855c7701,83995,980,2025-09-23
b1fa1b6e,82627,746,2025-09-05
6da3faa5,80880,620,2025-09-07
04fc675e,21584,51,2025-09-04
b3370f2a,41462,532,2025-09-06
d82657f4,53415,680,2025-08-31
d429b627,79647,318,2025-09-22
a982aaeb,15000,646,2025-09-26
c6516cd4,78564,931,2025-09-07
8c6d065b,34109,829,2025-09-01
1ead41c5,49609,724,2025-09-01
0280877b,18635,40,2025-09-07
ef89c8ca,84754,73,2025-09-15
c2935cf1,61204,191,2025-09-23
82e4f44a,50880,317,2025-09-28
a49c094c,86452,30,2025-09-12
b1a0d555,18288,186,2025-09-12
944eca2f,53568,515,2025-09-10
908c2f29,21921,259,2025-09-26
c2cb87b7,11150,502,2025-09-10
e86cdc3d,44618,350,2025-09-24
ae0575e4,29688,573,2025-09-02
c0d8c036,99603,508,2025-09-09
dafb0c67,76368,495,2025-09-06
1730358e,53944,750,2025-09-24
8177a82d,84647,453,2025-09-03
5687c7b5,39999,981,2025-09-15
ac624b2a,74508,404,2025-09-29
300c0253,26689,59,2025-09-20
6a935324,41086,900,2025-09-20
5ea700e2,66413,237,2025-09-27
53600c3c,13167,44,2025-09-20
d498dba4,91672,838,2025-09-19
12399704,15502,865,2025-09-09
cdf698e5,90686,739,2025-09-15
c61ab1ba,67138,232,2025-08-31
4b4656d7,29953,252,2025-09-21
a18dec93,16584,797,2025-09-12
8e7039cf,41706,606,2025-09-04
f0d508a3,66726,435,2025-09-28
69de1329,96720,579,2025-09-23
898c809a,25227,877,2025-09-20
fde503b6,15081,875,2025-09-07
c7f2a008,91195,318,2025-09-25
2536a748,49499,96,2025-09-22
86454455,13669,449,2025-09-16
cc91e899,29137,811,2025-09-08
6ffab0af,37450,318,2025-09-09
949c955c,60364,725,2025-09-05
d905df70,39454,777,2025-09-27
805cb64b,84662,376,2025-09-13
c305b94d,33591,867,2025-09-06
9f140498,81606,602,2025-09-11
c66bcc46,88136,396,2025-09-21
18a3996b,17637,741,2025-09-16
92b86f56,72156,255,2025-09-30
219efcd2,45696,56,2025-09-13
760927c9,94013,75,2025-09-20
53344cc4,78751,439,2025-09-29
748b03be,74829,538,2025-09-07
a5d7aad9,11826,345,2025-09-17
1533ee0d,60276,452,2025-09-05
a4e9b2cb,81918,866,2025-09-19
3c53c1a9,49805,508,2025-09-07
4461e5cd,93700,499,2025-09-01
ee2e4ab3,83996,516,2025-09-24
17e1f77e,33604,283,2025-09-22
fc98e356,88510,896,2025-09-18
2584ef86,38981,26,2025-09-24
a27af24d,13781,693,2025-09-19
84d0f630,43210,908,2025-09-23
017b8157,84912,985,2025-09-19
0ea564ee,76884,901,2025-09-19
ce3ead60,33741,14,2025-09-27
eac98f07,11905,606,2025-09-30
89279eb1,91965,292,2025-09-06
05598964,49553,188,2025-09-25
6171404d,72057,438,2025-09-22
24a3a4d6,74580,990,2025-09-17
490cb7bb,87748,392,2025-09-25
d02ca6e6,99943,912,2025-09-17
4e1eefa7,57263,576,2025-09-22
50fa99bb,23835,853,2025-09-15
7115d841,29894,617,2025-09-21
75d5b15c,95585,657,2025-09-18
f6c80834,46965,745,2025-09-01
ad25e152,45986,706,2025-09-20
ee04478d,30219,271,2025-09-15
8ccb838d,39918,740,2025-09-08
0616aeb7,77493,615,2025-09-04
d407d039,42713,144,2025-09-29
e6f43cbc,34491,899,2025-09-21
eb1529ec,76207,621,2025-09-14
feb291d9,28231,219,2025-09-28
f0e961a7,85719,650,2025-09-04
2366f73e,60010,36,2025-09-13
01018199,14491,623,2025-09-09
1b38ed11,73020,942,2025-09-07
ecb8a12a,56806,576,2025-09-27
dc7af38d,37642,50,2025-09-01
bfeb364e,96811,197,2025-09-14
59f6dece,92656,304,2025-09-13
946742ee,54583,511,2025-09-09
5c13c6b9,27123,166,2025-09-08
e2b1ca5e,22479,380,2025-09-05
3cf59dfb,12036,626,2025-09-21
498c9558,33109,584,2025-09-30
70afb26c,84743,13,2025-08-31
bbc8a34d,62479,279,2025-09-24
37af80f1,75813,430,2025-09-14
46656ada,70072,308,2025-09-21
b4f730b6,67459,814,2025-09-23
1d45fc03,33617,357,2025-09-05
445297d3,55388,79,2025-09-26
93f5b1f8,99386,572,2025-09-12
496d44df,49112,942,2025-09-16
9df197d8,38323,696,2025-09-05
25e5787f,12851,1,2025-09-18
39c89667,41116,57,2025-09-18
badd2373,95085,411,2025-09-17
626bf24a,28629,973,2025-09-22
afb2d121,88504,673,2025-08-31
bc0d80b9,32790,777,2025-09-01
39f3cfdc,62076,138,2025-09-08
5301bf83,91336,570,2025-09-16
1c63aefd,49585,782,2025-09-30
163550e6,13997,317,2025-09-03
57b4b11c,66260,179,2025-09-14
a8232960,84770,116,2025-09-10
7375cb98,80414,675,2025-09-10
1259adb3,65573,34,2025-09-12
3b752057,45834,676,2025-09-14
c612e386,91032,117,2025-09-15
e731644c,57089,797,2025-09-24
eb36a317,83827,459,2025-09-26
c0eed6d5,88889,349,2025-09-08
10d9c374,92620,561,2025-09-24
47706b6f,92241,657,2025-09-26
7473136b,74747,703,2025-09-19
7896f12f,34503,175,2025-09-02
f502aad6,35725,690,2025-09-17
89ec4874,88873,170,2025-09-25
20b71b5c,89704,446,2025-09-22
046199ab,64816,475,2025-09-16
11a3fd3a,19497,659,2025-09-14
d5d3d568,52839,874,2025-09-23
c0b3701f,18547,396,2025-09-15
d4212fa4,80466,654,2025-09-06
41c5695c,90091,761,2025-09-17
50eac0f3,49112,463,2025-09-28
4ab7e9b4,29573,603,2025-09-19
81832e07,51612,577,2025-09-25
c68f0a86,60749,884,2025-09-13
c816adc0,43994,542,2025-09-22
4c6c2ecd,25993,512,2025-09-01
de841f8e,27956,169,2025-09-05
8e04a807,61758,151,2025-09-17
945e2eb1,15433,549,2025-09-18
2b5fa254,24777,173,2025-09-30
93f3583b,18331,846,2025-09-13
ec8eb53d,39226,819,2025-09-15
54dea8d8,55021,982,2025-09-27
4ee3df83,50111,634,2025-09-01
a1f10bd3,89317,660,2025-09-15
f0e10e16,65596,933,2025-09-25
5587cf56,92188,534,2025-09-08
be2adb56,97548,586,2025-09-30
4c2f5e6c,95207,972,2025-09-28
4a336e78,32276,313,2025-09-16
73e8647f,74719,996,2025-09-09
9a874651,62037,611,2025-09-02
eccfc753,71810,744,2025-09-10
8fe53a62,94442,718,2025-09-16
3d84e8d0,75318,983,2025-09-18
8fc68549,98906,905,2025-08-31
f8963d88,34784,322,2025-09-09
d9b17da2,21531,598,2025-09-10
f2cf3478,95994,497,2025-09-05
d515fbe5,96824,481,2025-09-17
91318ddb,76705,312,2025-09-05
34a6ea25,50089,295,2025-09-03
297b60bf,63126,342,2025-09-30
821c4a13,90860,268,2025-09-01
aa22ea4e,48292,686,2025-09-30
bc6b244d,93410,506,2025-09-22
095fd8bd,74520,424,2025-09-24
4ff03a27,32659,582,2025-09-19
713b0d0a,66835,61,2025-09-16
caf78643,22317,507,2025-09-03
eb2392f5,38652,224,2025-08-31
4fca947e,25587,942,2025-09-19
4f8c07ab,75402,276,2025-09-04
65d9d304,29031,687,2025-09-06
505b5f19,13386,473,2025-09-21
b079d11e,16904,497,2025-09-16
dd604174,91306,537,2025-09-05
234fdcc1,89518,934,2025-09-20
348b433a,91301,85,2025-09-07
762cae75,58548,73,2025-09-16
070fb80c,37544,643,2025-09-05
bf20ffe9,69775,459,2025-09-10
70f3573e,99707,505,2025-09-21
4271a5de,40727,76,2025-09-06
d8d106d9,39006,114,2025-09-27
70637fbb,42788,332,2025-09-04
a6c5c07e,72914,752,2025-09-06
0cae0a2f,53168,596,2025-09-10
4a16ed80,46416,761,2025-09-05
4980225b,38406,507,2025-09-24
2d5b4565,27313,708,2025-09-21
b18040ba,76759,311,2025-09-28
bc4a68a4,59048,667,2025-09-14
f70017f3,47596,420,2025-09-16
205dd1e0,48510,605,2025-09-12
80b7e4f6,76607,118,2025-09-07
3933a932,66830,922,2025-09-21
baf6a3c8,84412,805,2025-09-25
bf596635,41289,155,2025-09-07
512c08ce,89386,604,2025-08-31
a664b0a0,44892,251,2025-09-19
e3814e47,38874,149,2025-09-26
bd85f5a4,85655,53,2025-09-15
a5c1fd25,90792,282,2025-09-02
b57b509e,81100,391,2025-09-27
a12a6248,86135,417,2025-09-14
e317bcab,80180,624,2025-09-13
79ffb47b,16950,705,2025-09-06
ab79538e,11850,938,2025-09-02
4996cb5e,24461,377,2025-09-07
89dd6657,69582,935,2025-09-06
6df87be6,18085,362,2025-09-15
cd39cd88,71719,325,2025-09-15
9e46ec9a,64115,490,2025-09-02
fb005124,24429,635,2025-09-16
2e598d0c,77290,38,2025-09-18
40f5996a,47460,547,2025-09-12
b2e4602a,65152,752,2025-09-05
b4656467,98148,476,2025-09-16
3294d939,15065,969,2025-09-04
07fc3e73,21292,385,2025-09-30
902bfa8d,31378,953,2025-09-11
30ed2231,65080,26,2025-09-28
203e4615,31356,776,2025-09-27
a89dfe24,66866,970,2025-09-04
a360c4c7,97748,704,2025-09-14
f0b2a224,44199,643,2025-09-20
b8d7d89a,52745,895,2025-09-17
20be7b02,97343,513,2025-09-04
b37c8131,27062,390,2025-09-21
34ec3995,56415,296,2025-09-24
694cd55c,10505,53,2025-09-20
b0e41f15,69499,139,2025-09-26
7f8aeb86,56444,887,2025-09-05
9896c9d5,89256,71,2025-09-17
52ceda59,63158,477,2025-09-18
504d6637,70741,403,2025-09-29
dac4e246,37043,854,2025-09-09
d7fdcca9,80261,10,2025-09-23
485b00ac,19304,33,2025-09-10
c089a885,63827,614,2025-09-06
d9083059,20574,367,2025-09-18
cda88cee,21846,703,2025-09-03
fc293c20,58979,254,2025-09-27
44f9b428,20241,725,2025-09-27
e29b3efb,69948,518,2025-09-23
cf5e4461,62803,957,2025-09-05
ad8311cc,58653,240,2025-09-04
1098f63a,46582,37,2025-09-29
3881d6cb,36481,357,2025-09-01
969ebe69,35836,256,2025-09-22
7514f79c,26925,678,2025-09-22
20eee05b,85070,263,2025-09-08
7477e23f,54797,116,2025-09-27
4f141999,43529,903,2025-09-24
ae372105,63847,403,2025-09-14
b0063d84,49975,569,2025-09-22
57893294,33972,138,2025-09-20
7dfe5ebb,29199,812,2025-09-12
e0ac25ca,75341,742,2025-09-13
432922bf,88912,745,2025-09-09
bfae2be8,60428,927,2025-09-03
9821a9e8,89398,819,2025-09-26
03332c4f,96721,506,2025-09-01
52dd7172,31951,849,2025-09-13
72d9428f,20400,674,2025-09-20
34850d04,39838,172,2025-09-19
5c6365fc,25204,740,2025-09-10
d9ed7d3b,68993,419,2025-09-01
1b4ec9b0,12435,118,2025-09-18
dfcd67d7,26094,734,2025-09-28
dcc8a2f7,86020,131,2025-09-03
b571b3c7,40101,722,2025-09-21
983d1b47,83111,334,2025-08-31
e606b6f1,87369,482,2025-09-11
d36c4cfc,85248,746,2025-09-28
264dfd32,72739,18,2025-09-02
ba195862,89826,231,2025-09-24
45e682f5,20151,967,2025-09-22
bde56666,37635,872,2025-09-24
6ac32120,63683,262,2025-09-29
cb074acb,39950,74,2025-09-20
91a82486,89355,218,2025-09-11
625604a3,41374,262,2025-09-15
4edf51df,28564,441,2025-09-28
7f4e90ec,72457,433,2025-09-25
a049eb54,89358,459,2025-09-10
da25abed,60609,753,2025-09-12
04c0d437,76432,717,2025-09-21
6a1d83ce,23121,920,2025-09-20
0b33aa4d,84023,660,2025-09-17
1ebf4b73,36519,217,2025-09-15
e5531c97,34029,255,2025-09-23
9f081b08,88067,215,2025-09-09
86153325,93429,858,2025-09-16
fcc7ebed,27667,685,2025-09-19
3eee938d,27859,488,2025-09-26
81a71043,69550,459,2025-09-23
3799afa8,77905,912,2025-09-18
1a117ac5,35371,23,2025-09-13
33145ba2,16092,154,2025-09-02
1b4b6d73,76288,825,2025-09-01
5fdca122,94172,419,2025-09-08
678db3f9,58369,887,2025-09-18
f2f30b1c,94631,24,2025-09-22
1e4622f1,79501,476,2025-09-15
afea6f88,88557,233,2025-09-07
62a70121,22963,743,2025-09-01
78b602b2,91718,329,2025-09-06
f8fe6788,79080,110,2025-09-04
acee1108,99045,59,2025-09-18
f3855fb0,88380,868,2025-09-09
f803c94d,60364,603,2025-09-09
3e99692d,14002,629,2025-09-20
a8147643,26175,670,2025-09-13
803d8f6d,85580,900,2025-09-08
f48772d9,72551,844,2025-09-14
4706f3de,19343,375,2025-09-06
6980fcbb,60376,887,2025-09-25
b7f1c030,94225,68,2025-09-17
d7fed484,31193,131,2025-09-17
715048fe,72794,30,2025-09-27
c1b37491,93095,620,2025-09-29
83ad327d,19153,811,2025-09-01
d80fa509,31248,712,2025-09-28
ed64bcfb,56842,475,2025-09-29
6c405df8,56432,658,2025-09-18
27c3b1dc,69010,533,2025-09-05
b484d638,20258,576,2025-09-08
b3a23d7c,73973,714,2025-09-03
53ae22be,89042,365,2025-09-25
3a548653,90274,233,2025-09-10
c31c6978,36840,681,2025-09-06
b07493dd,61701,500,2025-09-25
7dff5106,76176,78,2025-09-21
0787f0af,88876,765,2025-09-28
92f389f5,39931,396,2025-09-11
4d978c2c,87732,990,2025-09-23
bf34770b,10123,20,2025-09-04
f55f610c,77941,719,2025-09-28
37b83e70,58425,540,2025-09-19
ea9c1066,54928,913,2025-09-29
4a757b73,40872,733,2025-09-25
c7c0f606,69266,546,2025-09-29
00d8743d,41580,337,2025-08-31
924bb10f,14883,580,2025-09-26
40c39d9d,32633,242,2025-09-15
936e7f6b,59634,526,2025-09-18
72559e8d,20213,704,2025-09-12
91de6a16,18083,604,2025-09-04
d3a99427,90067,268,2025-09-21
888d113e,91555,137,2025-09-27
2f853b31,65502,362,2025-09-05
d8f75d80,91512,490,2025-09-25
a1f3e2e6,38498,179,2025-09-29
96d73551,73811,220,2025-09-18
768937f9,32071,542,2025-09-27
3438fb14,68702,784,2025-09-11
628d66a3,55033,947,2025-09-05
29c3e13b,95416,109,2025-09-07
cbd25b39,20776,259,2025-09-01
b4b27bdb,54248,912,2025-09-02
d45683c3,71885,386,2025-09-30
d44fcafb,96135,244,2025-09-15
20ea92a4,41216,611,2025-09-07
a91ab422,90426,737,2025-09-27
80525947,95643,742,2025-09-15
f0b62834,29791,216,2025-09-09
7c76b50b,50792,137,2025-09-20
9b7c09ad,98460,58,2025-09-22
3e5232a7,74586,439,2025-09-08
0b675f83,15635,676,2025-09-17
ba23b31f,52337,515,2025-08-31
1527aa14,47575,269,2025-09-07
251e3f79,90466,941,2025-09-10
d64ee3be,95798,686,2025-09-20
3794e71a,37826,708,2025-09-23
878a4743,33710,454,2025-09-13
662fcfe0,94999,810,2025-09-09
d96026d5,63981,401,2025-09-01
14734fd1,77143,537,2025-09-20
59d2f723,75667,453,2025-09-27
a435a31a,46135,302,2025-09-03
d9ff81a9,65085,966,2025-09-08
8718f659,96611,815,2025-09-20
7722328c,19224,347,2025-09-21
aea240c1,66721,919,2025-09-06
39f50651,41733,338,2025-09-24
420b3300,24754,518,2025-09-01
4c94996a,79557,120,2025-09-08
69060b96,33897,809,2025-09-25
5c32aeb8,53155,330,2025-09-26
e9f09dc6,29420,975,2025-09-20
f23d6d41,68968,16,2025-09-20
f1e0e69f,25128,702,2025-09-13
78d879fb,87683,970,2025-09-22
bc3a4a0b,22947,850,2025-09-05
38644524,21526,669,2025-09-19
3147410e,28659,305,2025-09-14
c81bcd00,66172,800,2025-09-15
3c0076a8,37306,864,2025-09-20
db73b7ae,25722,935,2025-09-05
a8de58f1,72338,302,2025-09-11
4319e680,27669,450,2025-09-09
0e10361f,54465,104,2025-08-31
9b83a167,73104,184,2025-09-01
71f4abec,57492,339,2025-09-10
8e20e53d,47884,79,2025-09-16
d1657d96,95459,311,2025-09-27
7420ccbb,50464,789,2025-09-24
b4accc79,20775,539,2025-09-07
963c7be0,59553,445,2025-09-19
b722f7be,16581,631,2025-09-13
c0cc17c6,65356,119,2025-09-03
0980de73,30602,137,2025-09-08
1ec37bb9,57024,311,2025-09-16
db45d519,75645,201,2025-09-03
5f272ad3,94956,86,2025-09-17
e04ac788,23208,783,2025-09-27
b2e8676b,55967,888,2025-09-27
88effdf6,85861,478,2025-09-17
0921b49b,93758,575,2025-09-04
7d153934,55459,466,2025-08-31
c47afefb,75316,335,2025-09-02
8f617e18,45068,638,2025-09-01
95e64a21,51458,501,2025-09-25
5e6854f3,37308,402,2025-09-20
71be09f0,73607,774,2025-09-17
22360670,43763,831,2025-09-25
fa2701ec,43179,217,2025-09-20
38b989ca,55831,315,2025-09-28
46dc5e46,94527,662,2025-09-13
7170b3dc,52817,963,2025-09-11
b7acb610,66864,849,2025-09-10
1c9756ba,80736,414,2025-09-09
29d89a65,92997,832,2025-09-30
1fdcedcb,12779,140,2025-09-24
cde4bf32,30709,800,2025-09-13
4b589afa,67275,854,2025-09-06
1dc979e1,57646,740,2025-09-15
ef2bd268,99684,151,2025-09-19
c9f6fb61,34618,488,2025-09-04
3826ab4f,77336,201,2025-09-03
50cb3323,74167,995,2025-09-22
de919670,73750,451,2025-09-19
3050dbb4,64080,519,2025-09-11
bc53878f,19077,304,2025-09-17
4e0f25a2,68880,688,2025-09-01
ec6dbaff,62497,474,2025-09-07
1381414e,14117,25,2025-09-27
031f1979,18285,692,2025-09-20
3cf96d70,75694,569,2025-09-27
e8d6486b,47138,806,2025-09-15
aaa1938c,66345,835,2025-09-30
5710ea4d,41017,488,2025-09-05
da21e456,36232,850,2025-09-10
07df7ea6,55488,437,2025-09-04
3a37a4df,32217,72,2025-09-27
beafbe74,62364,237,2025-09-20
fd19506c,60259,291,2025-09-13
e73d93b0,75930,414,2025-09-26
d466768d,37271,716,2025-09-18
e2544103,28716,171,2025-08-31
a2fa317c,27137,214,2025-09-19
fd0e21c0,29995,529,2025-09-28
ff2d3254,20030,165,2025-09-14
97e407d9,67520,521,2025-09-08
44da6e4f,41127,636,2025-09-06
ba8f1ec7,26649,495,2025-09-17
bb4f39ef,50217,935,2025-09-19
83a44776,40493,211,2025-09-13
667a62a8,80172,171,2025-08-31
c5aafea6,97581,877,2025-09-03
48900f44,38046,361,2025-09-28
742b5f26,81551,325,2025-09-24
c6ce8653,78971,832,2025-09-27
7bb6d0eb,12568,552,2025-09-21
c7cf893f,65711,968,2025-09-11
5b96ef48,12017,320,2025-09-01
5f89bc24,53335,443,2025-09-11
e05edd23,35807,726,2025-09-09
c7f2cc0b,55254,758,2025-09-26
673b16e9,28774,126,2025-09-12
bd3935a2,18162,205,2025-09-22
abf56085,70767,286,2025-09-02
d33cb731,51978,205,2025-09-06
d160062e,78884,853,2025-09-26
def9ab71,24144,208,2025-09-22
fd77e4c4,97610,185,2025-09-06
ef58143b,54842,409,2025-09-27
73d12cd0,78131,46,2025-09-04
f3f01a9c,69172,620,2025-09-03
7cf92e10,94464,683,2025-09-08
58c74399,90519,619,2025-09-20
399d2cb9,66467,452,2025-09-01
f96d9c13,35752,74,2025-09-27
acad6214,32386,768,2025-09-11
188fa360,96636,159,2025-09-27
b2979ace,82905,850,2025-09-30
f6437505,87458,717,2025-09-12
21bd8954,14573,58,2025-09-20
fd0e6463,68207,131,2025-09-09
7c4f637f,56953,807,2025-09-11
0ec92dfd,57141,200,2025-09-30
e9247973,41370,224,2025-09-04
cf35ee7b,10269,613,2025-09-23
0531bc20,76545,777,2025-09-12
c699705e,94113,277,2025-09-09
4a34b45e,34560,231,2025-09-21
293631dc,11357,558,2025-09-21
c23e247f,42697,965,2025-09-23
2be065c6,66743,802,2025-09-14
e8873c4c,28275,334,2025-09-14
18fa18b7,52311,603,2025-09-06
562d6c6f,48938,21,2025-09-06
db7e85ac,14780,120,2025-09-19
9f219b4d,99377,553,2025-09-05
8d5d85b1,83349,209,2025-09-19
8e5aad29,45191,508,2025-09-21
1e230468,96394,817,2025-09-19
23aad2f3,21467,273,2025-09-18
b9b0be0f,68174,696,2025-09-28
6327e711,80309,358,2025-09-27
66243ba5,93769,88,2025-09-11
7f8ff3fe,90251,266,2025-09-03
6342e5df,72280,38,2025-09-24
d5ba0cb9,56999,514,2025-09-14
a769b818,41598,616,2025-09-04
27d4d7db,65786,145,2025-09-19
b2133110,47920,155,2025-09-18
f5dbabee,38707,260,2025-09-27
5ff0c1d4,86288,694,2025-09-19
4a90e11a,99243,411,2025-09-17
a44229cd,69722,298,2025-09-06
f0d1dc7d,22626,757,2025-09-30
49f52bab,33335,751,2025-09-06
c3136809,71090,111,2025-09-28
3f6a04c1,27011,343,2025-09-28
bc7c906e,55967,386,2025-09-04
55c49616,16090,559,2025-09-27
bbbb86d9,23845,161,2025-09-28
37ed80c0,93064,383,2025-09-23
daf630a6,85136,834,2025-09-26
09deca54,75736,122,2025-09-22
230a1d31,51916,339,2025-09-15
bbc21250,89230,694,2025-09-17
55d71407,80713,436,2025-09-10
66aa9cb6,74867,958,2025-09-07
564d763e,73724,818,2025-09-25
e9b14d0b,42549,740,2025-09-22
55b68f94,19363,825,2025-09-18
4c2d7d88,22047,707,2025-09-07
bd182915,65053,592,2025-09-08
ec39f313,89177,902,2025-09-27
03652297,24050,235,2025-09-10
930f8995,91464,700,2025-09-25
d78af00e,76514,867,2025-09-09
eb0c6554,94383,959,2025-09-04
af6931fe,60799,295,2025-09-07
ece7efd5,48230,126,2025-09-25
1da43ca5,83937,76,2025-09-23
fd8bc179,33358,906,2025-09-22
0f366b18,52126,882,2025-09-17
9be30f80,43702,375,2025-09-24
64264efa,18862,934,2025-09-11
c76e522d,75129,180,2025-09-02
d5363589,71628,238,2025-09-05
de4ebbdf,45290,305,2025-09-26
bb2222f1,21995,457,2025-09-18
0c07fdeb,93825,371,2025-09-04
3b870d8f,77316,500,2025-09-26
0da79852,96296,154,2025-09-02
810611b9,72495,766,2025-09-18
6a90c337,80837,367,2025-09-17
305f2466,93618,636,2025-08-31
a7650589,43762,679,2025-09-22
cf30a95a,77830,793,2025-09-07
9d38803a,89610,978,2025-09-27
d1c0891f,16969,599,2025-09-27
2ce5a4d7,89571,438,2025-09-16
d6744296,51306,935,2025-09-21
362dd452,44459,570,2025-09-03
1a336ce9,36023,846,2025-09-16
95ce90dd,18135,297,2025-09-21
ff50f023,94871,730,2025-09-02
156470ba,80065,416,2025-09-14
286d0e0c,43143,612,2025-09-26
026dd05e,48366,935,2025-09-29
669d641c,25164,762,2025-09-10
ffce89b8,96357,151,2025-09-14
7efbef86,62286,645,2025-09-23
d0604358,45442,788,2025-09-09
c9e3e108,92860,925,2025-09-04
56a9277c,21079,927,2025-09-25
d1b63daf,72040,575,2025-08-31
bb6d8ee0,89060,721,2025-09-03
427da564,35105,374,2025-09-29
f62baf40,86086,717,2025-09-22
e49218a8,85566,626,2025-09-20
ad558aa0,95613,443,2025-09-11
1f12d847,17111,609,2025-09-11
7a5b9ce2,66871,357,2025-09-29
c840251a,75193,253,2025-09-15
5c97c27c,69204,806,2025-09-05
436c300d,31382,669,2025-09-15
6c037fa7,32595,517,2025-09-07
6763ffea,87734,625,2025-09-25
9f0c5dd2,94931,808,2025-09-30
fe8b54c3,91246,227,2025-09-26
b6edde86,24515,879,2025-09-18
d8a67778,59591,532,2025-09-08
d0fd0a4c,23390,942,2025-09-21
b036b0c0,98606,52,2025-09-14
755718fc,19147,405,2025-09-19
43e9b6e1,18837,54,2025-09-05
37086ce0,90267,727,2025-09-28
1c607f5e,55759,373,2025-09-07
c356f166,79252,24,2025-09-07
74f4720b,78370,213,2025-09-21
1f1c55b0,94495,246,2025-09-04
41bf6bfa,61476,330,2025-08-31
a00d20b2,39837,709,2025-09-21
356a4383,86649,199,2025-09-04
d430b0bd,34768,766,2025-09-05
e8dc23a4,88627,760,2025-09-09
696c25df,83557,674,2025-09-13
83081ef6,44638,169,2025-09-29
1fd08bf3,76097,387,2025-09-12
a745d23a,59538,116,2025-09-04
2ff7a0fe,15338,36,2025-09-14
d8f16231,39453,856,2025-09-01
be44dec4,94888,488,2025-09-24
982d32b2,17669,999,2025-09-15
302e4499,82648,318,2025-09-25
47c4d18e,96293,23,2025-09-28
2aedba46,28407,578,2025-09-25
bf0e72d7,12864,934,2025-09-14
ff7b7f0b,46586,984,2025-09-25
65660db1,20960,518,2025-08-31
ee55c0c8,44357,456,2025-09-11
bb1dbd7d,60869,303,2025-09-29
64d991d5,15864,464,2025-09-28
9a55c492,35126,526,2025-08-31
42633155,24549,190,2025-09-07
25482844,71910,358,2025-09-22
d1bc7d6e,65080,130,2025-09-30
8e71cddd,60894,836,2025-09-12
5d97c2ff,72036,671,2025-09-07
565c8e2a,91724,920,2025-09-20
d375ca6d,59387,543,2025-09-05
11900bf3,43569,513,2025-09-25
b9cdfc42,53387,38,2025-09-06
d757da48,68015,623,2025-09-10
2fa13145,77517,77,2025-09-25
b6081192,47962,31,2025-09-23
18588243,90546,768,2025-09-24
79171f02,32875,989,2025-09-25
0c2c6b6b,83372,523,2025-09-20
4c66ad20,42404,300,2025-09-18
44f5723b,61282,87,2025-09-25
4ff8f7c5,69142,472,2025-09-23
0d8466d4,96769,623,2025-09-23
46849a72,38043,792,2025-09-06
ea00eb49,97083,12,2025-09-11
1cd784b8,78077,316,2025-09-23
de0ff0e8,47063,75,2025-09-30
35f9d8a7,67885,848,2025-08-31
b51be898,66843,328,2025-09-20
0c569657,86495,25,2025-09-20
220552cc,96028,326,2025-09-29
8eb6818b,10280,482,2025-09-08
f6e07ae0,38328,508,2025-09-08
0f91dd60,67245,974,2025-09-27
d161932a,22547,326,2025-09-12
a4310701,23847,102,2025-09-11
51a26baf,67902,438,2025-09-17
3844f29c,28671,372,2025-09-11
ee5618c6,90669,262,2025-09-21
b7ca7f04,54387,352,2025-09-21
c0bd7a8e,97335,266,2025-09-01
11d62445,40670,948,2025-09-26
b7406cd3,54701,532,2025-09-30
1897d013,25939,62,2025-09-08
d3ee61bd,19969,11,2025-09-04
bbedfabe,20946,891,2025-08-31
6499de7b,27624,92,2025-09-28
b7d88cea,98156,938,2025-09-30
d1ce01b5,90713,461,2025-09-07
6db50001,56769,814,2025-09-12
a58ab797,20334,45,2025-09-05
ddb950b8,42009,972,2025-09-01
ee4c2281,55174,661,2025-09-23
1b71fe5b,83900,477,2025-09-03
5d2790ea,34462,822,2025-09-30
16519d1c,30274,408,2025-09-10
c8ee6c5f,88006,230,2025-09-08
ebd4fd89,76423,301,2025-09-09
b484f61c,32753,424,2025-09-25
4c7a2c93,69077,790,2025-09-16
8a1ca921,33602,339,2025-09-02
7c586926,75907,835,2025-09-01
934e5323,64559,541,2025-09-10
d2d1976d,86012,852,2025-09-09
92c017a1,38793,105,2025-09-11
06ba718e,21609,38,2025-09-21
85ec043c,43088,902,2025-09-16
5f677353,18895,825,2025-09-03
41518406,36377,795,2025-09-13
ee7bf1d2,69558,547,2025-09-15
42f5bdac,22665,129,2025-09-12
bd985f98,49900,436,2025-09-27
e2d77fb3,36023,552,2025-09-12
ed4f2aad,58718,670,2025-09-24
5b581d97,58379,669,2025-09-28
d3bf35f7,79790,696,2025-09-17
fd2c7bda,72015,174,2025-09-20
b7765c16,87291,349,2025-09-22
fa73d817,88456,378,2025-09-15
a0731d55,38338,12,2025-09-15
daec6a4b,27352,235,2025-09-07
45c366d3,60934,248,2025-09-15
8833cf71,70903,811,2025-09-14
64f0aa8e,20342,248,2025-09-27
55148772,27224,95,2025-09-04
9b475125,94803,468,2025-09-26
3939973c,70811,534,2025-09-22
ab33d086,79949,789,2025-08-31
e38ed49d,65796,80,2025-09-17
b66649d8,36434,75,2025-09-27
a584720e,69438,632,2025-09-24
6e2b04a8,82912,496,2025-09-19
8dfee150,26861,421,2025-09-02
d361d4b1,75309,825,2025-09-04
f8323772,52194,895,2025-09-10
7785e47a,99057,561,2025-09-02
5511460d,67893,430,2025-09-12
067ad13d,94664,770,2025-09-07
566a6f5c,11776,930,2025-09-03
fe715d7b,82518,94,2025-09-28
481269a2,82909,913,2025-09-08
15c53bb9,14453,967,2025-09-11
2b28fb72,78934,274,2025-09-27
0bb23a1c,12386,17,2025-09-06
20e1e8fc,77455,848,2025-09-11
64072b5f,15006,653,2025-09-18
7a11b4ca,12462,846,2025-09-28
194a0104,69832,609,2025-09-29
6ec16fd2,46330,341,2025-09-05
c4fad8ff,83891,34,2025-09-14
47d55622,27104,179,2025-09-19
fc72775b,41917,538,2025-09-26
79dab934,59984,453,2025-09-18
712c7c4f,28079,285,2025-09-12
af898133,14179,369,2025-09-09
ecd57fdc,62969,464,2025-09-17
6cce738d,21028,199,2025-09-23
024ddf3a,56757,924,2025-09-24
7b317712,23510,843,2025-09-30
d87e61ba,49213,141,2025-09-01
3618f1a0,39852,387,2025-09-17
5f7e0647,74101,914,2025-09-19
e05f0ad7,34364,764,2025-09-04
a141bed4,95200,660,2025-09-25
ba279c98,50170,448,2025-09-10
b2e72ec0,73921,489,2025-08-31
d83ee6d4,36574,612,2025-09-21
f7fa0340,74871,373,2025-09-18
d5a30ba6,94089,951,2025-09-02
ec68b521,76095,811,2025-08-31
64b7c751,26882,889,2025-09-04
7ca0705e,41196,255,2025-09-09
a1e09973,91655,991,2025-09-19
4bac8647,61789,148,2025-09-25
28c753b7,14759,442,2025-09-06
03112eb9,12733,583,2025-09-28
3bf1ae0f,42974,440,2025-09-28
310885f9,51406,342,2025-09-26
0916887e,82216,788,2025-09-25
372329e2,45398,676,2025-09-06
1730351d,81607,174,2025-09-20
ccdf7ffc,47888,273,2025-09-15
4c8d718d,22046,350,2025-09-27
91e1cf48,62004,839,2025-09-12
e92e6a34,20572,126,2025-09-10
36e25b17,70215,54,2025-09-01
4fef634c,60437,952,2025-09-01
41d70357,24398,180,2025-09-16
3673a1ee,88281,209,2025-09-27
3ca99452,23368,75,2025-09-14
f35f5ac2,36569,687,2025-09-21
17e37d29,46376,788,2025-09-22
ff4c376d,30227,220,2025-09-19
3920e77c,31922,827,2025-08-31
e0e32cea,18390,156,2025-09-15
1e5ce5e2,42495,595,2025-09-27
f5ffb9e9,70290,973,2025-09-13
a8b50607,73363,929,2025-09-22
f3a0cfa0,76996,242,2025-09-15
d75bff2e,22456,654,2025-09-02
0118705d,81834,49,2025-09-14
daf67e8b,58818,73,2025-09-28
fb632604,50182,134,2025-09-12
2e59525a,64086,22,2025-09-22
24a1127a,60978,749,2025-09-30
172fe0c8,58023,719,2025-09-07
7d298d1a,97185,132,2025-09-08
c00b84d4,35962,921,2025-09-01
baca42ea,72553,154,2025-09-22
43545e2d,22576,86,2025-09-03
aa3f6e9d,99607,967,2025-09-21
447dc65b,93973,619,2025-09-08
4d850cf2,42731,710,2025-09-22
a0f20c74,53225,854,2025-08-31
7b533c7e,41791,521,2025-09-21
19dbcb70,35151,941,2025-09-02
d5b54c08,72658,152,2025-09-29
74821c9c,74711,313,2025-08-31
ee551e24,45448,688,2025-09-29
41aea31c,50859,405,2025-09-06
364924ba,75091,104,2025-09-08
754f467e,11587,691,2025-09-13
5074df9f,63559,390,2025-09-14
3bcb1f2e,54214,99,2025-08-31
c24902ba,57482,861,2025-09-28
3b3e8c97,51609,984,2025-09-25
9d63af85,49487,76,2025-09-24
88bd6499,59924,278,2025-09-20
65070de4,93743,973,2025-09-17
3b398e74,23958,621,2025-09-21
b34cc3b4,61651,774,2025-09-19
70137523,65896,136,2025-09-16
c526a1c6,50521,941,2025-09-05
44313544,73725,146,2025-09-15
7801b650,95210,278,2025-09-13
36814cac,73009,223,2025-09-13
8ccdbc09,97276,827,2025-09-06
69271b0c,65546,726,2025-09-22
cdeb3eb5,47388,714,2025-09-04
88a0561a,40428,570,2025-09-05
ba21f442,67695,945,2025-09-05
809ab364,87580,135,2025-09-05
9d390578,46172,944,2025-09-21
12b252c8,20107,937,2025-09-21
da54e564,85071,673,2025-09-04
f968f1e2,87436,892,2025-09-20
aab51a80,45566,558,2025-09-03
32d29302,58085,697,2025-08-31
5bedd4ce,97899,315,2025-09-03
ed0f8c82,98110,878,2025-09-23
0fb2b452,38947,805,2025-09-03
06318938,99690,359,2025-09-25
6c2faa5d,70184,940,2025-09-11
02837cc9,44506,243,2025-09-12
b0bcf3da,53460,829,2025-09-27
d9972e79,36190,645,2025-09-06
33c04202,25014,365,2025-09-25
ba3c7951,40836,809,2025-09-16
c7318a0c,19710,555,2025-09-08
fb8b4b78,91794,479,2025-09-21
a72a0240,63519,534,2025-09-08
2a9f5076,32799,251,2025-09-26
49780553,37773,993,2025-09-26
cbe50374,54159,562,2025-09-20
046f5076,13397,797,2025-09-15
cde1200e,86571,149,2025-09-07
db96beb5,11831,723,2025-09-12
f83d6ca0,15454,332,2025-09-26
344ac23c,85555,877,2025-09-19
ec03a2e6,80282,151,2025-09-15
ca18704b,23787,387,2025-09-23
c1666a88,79434,552,2025-09-11
6d5f21a2,55319,805,2025-09-20
ed3d830a,64592,311,2025-09-27
afd19b8c,97556,133,2025-09-19
4f8e6443,39308,406,2025-09-14
4f5000fc,88057,920,2025-09-05
d031d6a0,74365,607,2025-09-09
340c123d,56316,961,2025-09-29
3aa985be,11745,860,2025-09-16
2087532b,11367,330,2025-09-04
bb139fbc,39724,123,2025-09-29
2e0b8d32,79622,559,2025-09-21
b487c369,71364,107,2025-09-06
5d49d9cc,14700,712,2025-09-11
759675bc,11919,296,2025-09-14
d1f08c40,49566,895,2025-09-20
f95995ff,51493,966,2025-09-16
73747175,44383,214,2025-09-23
a32cb692,79571,98,2025-09-16
27075d27,91505,760,2025-09-13
192eb806,33609,342,2025-09-29
dad63e2b,16097,968,2025-09-26
9ae46181,89643,93,2025-09-30
f7b9dff4,23408,637,2025-08-31
66004bd3,11690,677,2025-09-22
70693b03,66738,732,2025-08-31
d8190ef4,19783,800,2025-09-03
aa3f7207,27794,113,2025-09-24
0031d2aa,23323,282,2025-09-02
7e9dd528,18445,378,2025-09-21
7d2bb7ac,53652,56,2025-09-14
02ddaa9a,49416,604,2025-09-15
0fae0adf,96761,478,2025-09-16
24246ca4,35783,436,2025-09-19
7b625b69,49758,419,2025-09-06
24cbdd9f,48337,1,2025-09-24
ee1347c2,72451,107,2025-09-01
6ef182a7,94686,878,2025-09-05
c97997f6,87458,742,2025-09-12
a2685222,52490,193,2025-09-22
30ddfe81,90564,961,2025-09-20
a85a5e66,78251,939,2025-09-22
2f8f7302,66922,810,2025-09-25
81adb9d8,34460,483,2025-09-19
96c0ef09,63978,478,2025-09-14
ecfebd43,38921,999,2025-09-07
081ff1ce,14507,631,2025-09-27
b0d6ba9e,22135,264,2025-09-04
4e6d80f1,81100,13,2025-09-08
4c217107,21348,849,2025-09-17
457d590f,27120,603,2025-09-08
8af3146f,11262,423,2025-08-31
3b3d3f2a,81140,665,2025-09-25
f6f06b86,41994,693,2025-09-23
04f56e2b,70360,700,2025-09-07
8c852ebd,66129,437,2025-09-23
03702b79,76177,478,2025-09-30
9f756965,20197,390,2025-08-31
8070c609,30532,403,2025-09-29
17734e07,63371,421,2025-09-15
2b516095,86969,924,2025-09-10
38132ea9,79478,500,2025-09-07
045d4a9c,65658,606,2025-09-26
2475b8de,36691,419,2025-09-25
32511afc,78314,924,2025-09-02
e272f4fa,91187,349,2025-09-18
7db0b29e,41073,36,2025-09-30
7e659d25,88636,904,2025-09-12
b85796a6,64764,315,2025-09-23
06939959,74836,354,2025-09-26
809b2b73,33390,62,2025-09-14
7b91bb9d,14432,199,2025-09-06
f1d74df4,82319,531,2025-09-07
cbe15ed3,93163,15,2025-09-16
191bab05,53491,154,2025-09-16
ee0e36d2,31108,84,2025-09-21
d3b3e23f,79696,509,2025-09-05
cac29890,49077,896,2025-09-21
d0521295,46512,544,2025-09-04
6928eb72,36401,648,2025-09-05
29ddc92a,52610,894,2025-08-31
26851088,96296,645,2025-09-03
34f8126d,74067,795,2025-09-02
4b8e4294,91461,776,2025-09-28
4dbe9b3f,57114,665,2025-09-19
2e806589,46460,706,2025-09-04
9dd50f85,23927,4,2025-09-01
4807d0c7,45261,342,2025-09-13
96956f79,29996,496,2025-09-08
388727af,36664,722,2025-09-06
b5e4bb12,26537,127,2025-09-04
51a6404c,24001,249,2025-09-22
094c8cc1,66687,757,2025-09-05
f55123a0,96363,516,2025-09-24
26878d74,25365,179,2025-09-30
bd368239,20695,58,2025-09-27
cc98c382,38084,932,2025-08-31
3d18d4e5,29866,581,2025-08-31
1c13c08d,22594,831,2025-09-28
d50712eb,44921,557,2025-09-05
d3ab7d47,42559,960,2025-09-08
c70628c6,30962,334,2025-09-15
58332b02,44212,909,2025-09-17
a1e5250f,91178,606,2025-09-26
6b09b228,63630,462,2025-09-25
2b1fcb1b,48435,405,2025-09-05
e60c7b50,38209,103,2025-09-23
f970e1c9,69020,274,2025-09-18
fde8dfd0,72487,13,2025-09-10
9a0eef07,39749,75,2025-09-23
57b6fcf2,40872,82,2025-09-08
7a5bc844,29732,774,2025-09-28
6371d9d6,48496,835,2025-09-20
e046170a,34060,88,2025-09-07
cad4da3e,78611,361,2025-09-10
ae591024,17847,584,2025-09-28
2ad8e5bf,76663,522,2025-09-06
bdd785f9,69608,460,2025-09-09
84a7d15f,93800,676,2025-09-23
64698e41,96308,401,2025-09-02
8309b4d7,77401,253,2025-09-01
15d5aa6d,41136,162,2025-09-18
f49d8e5e,89994,13,2025-09-16
76f057c8,45763,982,2025-09-27
3a1678dc,77750,766,2025-09-20
a40249a6,74041,516,2025-09-19
a4f5bdb7,63956,967,2025-09-25
865bdf79,69145,378,2025-09-07
1ce2326d,16681,283,2025-09-25
b22a39c6,43638,133,2025-09-08
6f162e16,60914,571,2025-09-02
49492566,28783,608,2025-09-01
c288c115,52296,601,2025-09-08
0496d0a9,86774,525,2025-09-20
85c1a0d9,71472,636,2025-09-25
c63e69c6,53486,331,2025-09-23
ae25c3ad,26616,363,2025-09-15
9dfbf9cf,69031,417,2025-08-31
f1c86854,23385,384,2025-09-11
98cb260e,60565,324,2025-09-21
ef8c04a5,67400,345,2025-09-15
942353d6,82235,820,2025-09-01
f8ff0348,12431,303,2025-09-08
0d29e937,34514,371,2025-09-28
783aed62,83595,427,2025-09-20
fa04a5b3,63342,929,2025-09-06
8003942e,74419,438,2025-09-17
ce2c5cb1,56830,862,2025-09-15
59e6148f,11086,642,2025-09-12
128198d6,99051,555,2025-09-04
e3429648,84444,32,2025-09-16
0da59f4d,67182,4,2025-09-26
20666221,87662,843,2025-09-26
8e4a0b9c,10398,742,2025-09-29
af856a22,86548,26,2025-09-18
21776c6c,45074,85,2025-09-17
d2e5eed6,88715,570,2025-09-24
cbc479e1,25412,855,2025-09-06
11b7ea15,14666,382,2025-09-19
f737edb8,33642,894,2025-09-02
cb15f2fa,24757,907,2025-09-17
6cae9b12,76482,604,2025-09-26
a3ad7da8,63687,342,2025-09-02
ceca4b98,67753,37,2025-09-09
69561bb4,86174,513,2025-09-30
908e1fb4,39856,684,2025-09-20
bcfb747a,31985,53,2025-09-23
0dbcec7c,92807,81,2025-09-28
36053608,55258,49,2025-09-02
26787492,34713,404,2025-09-26
7e3f4398,36290,894,2025-09-19
224084c5,57252,389,2025-09-12
cc3d2b2d,38436,991,2025-09-18
8a8419b2,18771,622,2025-09-01
de1288fb,70295,770,2025-09-25
f3b065b1,74651,360,2025-09-04
66a758e8,99518,728,2025-09-09
7af5a0ef,57690,662,2025-09-06
69709b1b,46951,749,2025-09-25
38daf122,59470,44,2025-08-31
83d35692,26339,325,2025-09-29
0bf438e9,53860,403,2025-09-07
5e8df3ae,45408,184,2025-09-01
af3d943b,94510,688,2025-09-18
d6177dea,16878,971,2025-09-29
d71b00b1,70445,720,2025-09-19
e9d4f955,72846,569,2025-09-24
11215fca,79998,653,2025-09-02
5593415c,40504,5,2025-09-02
503f3f92,91586,931,2025-09-27
8d04f493,65680,479,2025-09-21
9ae4a976,37035,980,2025-09-30
3a69c3ee,19276,545,2025-09-09
5cba1c5f,42695,14,2025-09-13
6671b501,97403,724,2025-09-01
6350d441,16763,413,2025-09-22
14ea6cab,25252,865,2025-09-17
e67aceeb,88347,682,2025-09-17
be282036,65694,955,2025-09-22
5415708e,87104,11,2025-09-15
695be599,65425,990,2025-09-12
fa9e1763,36122,480,2025-09-14
86caeff7,50138,49,2025-09-26
26a89929,90840,727,2025-09-25
b0c56a8d,68613,424,2025-09-13
3e94eb20,11243,739,2025-09-11
bf70b4c9,60493,666,2025-09-20
7f3fef20,51127,617,2025-09-12
b97068bb,68591,265,2025-09-08
466393ca,26813,901,2025-09-26
1b012b5b,93684,647,2025-09-20
a741a533,31030,744,2025-09-19
98d6f639,15332,109,2025-09-07
4ee12ff5,99032,833,2025-09-11
6f7b43e4,76851,485,2025-09-08
d5741f55,58809,282,2025-09-08
aadf0174,43422,64,2025-09-21
0f06f3f1,51455,56,2025-09-02
b1c6346b,68133,930,2025-09-26
fcfe82b4,31496,942,2025-09-30
64a7f1ab,10337,973,2025-09-02
76d3906c,50229,820,2025-09-29
31ea493b,29674,241,2025-09-05
4675112f,49905,808,2025-09-16
f08bb374,49383,817,2025-09-25
da7e0b73,14262,348,2025-09-24
6429e1ed,82168,641,2025-09-05
527f75e3,38768,436,2025-09-03
90a4d8b4,50271,672,2025-09-10
0bfe38c3,62186,788,2025-09-17
2d836763,14892,907,2025-09-13
4e9fea4d,81328,80,2025-08-31
10510424,35320,104,2025-09-10
783e0d49,70632,327,2025-09-12
0ed7eb34,19619,954,2025-09-07
fe1d5021,98921,873,2025-09-10
35e8bab2,83881,588,2025-09-01
d2ecb51d,82637,614,2025-09-29
d9a01f53,99634,110,2025-09-09
2f2f0a95,25194,235,2025-09-24
f4598b7a,29100,979,2025-09-14
0087d2c0,61578,725,2025-09-16
73ba4d9d,96294,654,2025-09-18
acec3240,72194,238,2025-09-21
a018652a,83463,54,2025-08-31
389bc1bb,78706,11,2025-09-26
0af299ee,25758,423,2025-09-04
64826bd3,17627,774,2025-09-13
77ab5bc4,21710,78,2025-09-17
dffb6cc0,57203,957,2025-09-06
306d5ca8,60134,449,2025-09-18
d54de84e,69468,15,2025-08-31
379922ff,57812,939,2025-09-12
6739ac68,13931,23,2025-09-25
5f637874,88289,265,2025-09-05
796bb72e,10094,633,2025-09-03
1a36745a,50350,159,2025-09-21
1d815fff,31106,150,2025-09-27
56fc1418,46399,618,2025-09-23
a0ae7530,47940,738,2025-09-04
d26e7f46,47267,225,2025-09-17
ef88c5db,16503,167,2025-09-20
ca872516,16213,672,2025-09-03
a743b8c4,56326,251,2025-09-02
966d1b54,49523,219,2025-09-20
ede70be1,46612,860,2025-09-21
2374db03,34743,558,2025-09-26
dfd3779b,17274,207,2025-09-27
a40e8400,85239,416,2025-09-13
dfdcf1eb,92964,542,2025-08-31
0d83c734,88018,973,2025-09-15
7d454f35,72603,512,2025-09-16
30dff249,56765,672,2025-09-04
cc116fb6,16918,874,2025-09-24
b4f2d016,53399,578,2025-09-06
0590f59e,60125,169,2025-09-22
13ffebdc,19925,152,2025-09-09
f0a54756,34942,699,2025-09-14
637039ab,34164,837,2025-09-28
6df9546c,58911,798,2025-09-27
d7be99bf,58784,446,2025-09-10
7c508b8a,83762,706,2025-09-24
19819bd3,37539,474,2025-09-07
49c2d52e,89747,929,2025-09-15
e66b7295,39132,94,2025-09-20
a474fae1,49688,576,2025-09-25
842950f2,22428,470,2025-09-09
040723e3,11773,438,2025-09-15
d47a94a0,68277,743,2025-09-10
90b9a1ea,45201,10,2025-09-27
3f82978e,77613,98,2025-09-25
a4789437,68131,545,2025-09-28
08784d31,11713,659,2025-09-05
b15aff17,99041,952,2025-09-02
ed67e719,29485,390,2025-09-06
11e10ffa,11334,311,2025-09-08
265c5539,18875,557,2025-09-25
4d443349,79156,571,2025-09-11
8eec8616,74760,743,2025-09-22
b3718808,39868,610,2025-09-24
9a2efac4,74598,52,2025-09-18
e7a12ad3,58268,950,2025-09-16
13cf2a37,36064,403,2025-09-01
ccb3cee4,16412,594,2025-09-23
f1bdbf8d,70865,827,2025-09-06
0e185723,81215,233,2025-09-14
ac43ecd5,76238,162,2025-09-25
b0811f23,32215,713,2025-09-08
ad3b1119,78031,194,2025-09-23
c91328c6,53646,179,2025-09-24
37b9d5c6,50659,578,2025-09-02
3e08cee6,61131,865,2025-08-31
351e6d8f,64528,713,2025-08-31
54063872,29135,715,2025-09-06
a5a3be2c,28017,709,2025-09-13
57bdbc55,41543,688,2025-09-18
5a38193e,98365,21,2025-09-02
dc0ad9c4,49557,317,2025-09-05
0b7391a5,78230,323,2025-09-29
18af3ac4,13256,761,2025-09-22
51e00327,94512,817,2025-09-12
9c75e899,46859,318,2025-09-03
db090363,62074,105,2025-09-09
d0b5eaa9,41795,294,2025-09-30
6c9c8ed6,76103,871,2025-09-28
d26cf4ff,18488,138,2025-09-10
6817c49d,14830,310,2025-09-04
b17ce3c2,83521,624,2025-09-14
771c086f,40215,32,2025-09-23
2b9466ba,50357,402,2025-09-01
1d7d7e97,14014,518,2025-09-17
3fec519d,49793,162,2025-09-21
c929ea3a,48305,944,2025-09-30
4c5c6a40,45708,135,2025-08-31
c3510978,89603,171,2025-09-20
aec04f9b,41657,955,2025-09-22
4a3b739b,57125,702,2025-08-31
869f9b0e,98405,344,2025-09-20
2fdd517e,40263,561,2025-09-14
5e9f29aa,91985,522,2025-09-24
bf31bf73,25611,949,2025-09-29
66063796,31488,879,2025-09-09
0684482a,27586,424,2025-09-19
7d568dde,13568,387,2025-09-06
963f1467,86337,886,2025-09-23
236c9f9b,13849,377,2025-09-28
7a4da4cf,51063,697,2025-09-22
f846d437,26746,744,2025-09-20
11e015c3,75657,35,2025-09-22
5624a6e3,89881,8,2025-09-02
7ee972d4,86710,115,2025-09-14
c6cd1537,60220,2,2025-08-31
f022af99,62606,524,2025-09-29
0e47f6ea,16654,251,2025-09-16
84e6f0d1,47465,963,2025-08-31
82afa838,64844,888,2025-09-30
68416429,71732,869,2025-09-20
ca8a3cd3,46376,504,2025-09-28
461d3ba9,47502,676,2025-09-05
1dcd12cd,76723,125,2025-09-07
837ab6ba,46896,875,2025-09-12
bf80edf1,81454,264,2025-09-23
3debc319,58684,606,2025-09-17
2095b52e,45020,197,2025-09-26
682681ee,52414,262,2025-09-28
54b5a805,11196,652,2025-09-18
1c3840f2,51412,462,2025-09-17
b997a131,48795,509,2025-09-11
aaf64b67,98754,564,2025-09-12
0d9c244b,10091,225,2025-09-16
edd5fb3f,29645,486,2025-09-22
5b4cf99c,67673,715,2025-09-29
2fc54b84,48511,771,2025-09-07
4c9a7e9d,82981,327,2025-09-21
f599ba23,63798,175,2025-09-17
f68e857a,69980,231,2025-09-22
12eaa8ef,98580,252,2025-09-12
1229f4d5,18907,745,2025-09-28
c851db6f,36512,805,2025-09-11
e9c7b897,62158,386,2025-09-15
e3f08c2b,83106,354,2025-09-08
6035ea42,10591,68,2025-09-12
26e68b44,14332,341,2025-09-18
1128ce24,72610,408,2025-09-11
fb78ee43,96252,112,2025-09-21
eb27ee23,78247,92,2025-08-31
8649ffb0,93980,137,2025-09-22
e23d3302,51121,555,2025-09-03
29a6ba0c,98785,537,2025-09-08
70eea60d,13721,758,2025-09-06
e5a66421,80603,850,2025-09-18
a6aca071,75278,714,2025-09-06
ec4f4424,15363,600,2025-09-04
b1ac9c0d,94704,492,2025-09-08
79d2b7fb,37395,748,2025-09-22
3469515c,53748,501,2025-09-28
ffcca7e7,99486,461,2025-09-16
423ea9bc,78105,354,2025-09-15
cc3811f1,89231,599,2025-09-09
64d408f2,80440,887,2025-09-10
b0de3002,36857,189,2025-09-09
13258d25,57757,217,2025-09-01
2289336d,77402,306,2025-09-04
64af1371,31643,769,2025-09-05
0c732a1e,68655,164,2025-09-02
2d82fb1f,36311,225,2025-09-08
80467208,36993,451,2025-09-29
e8f2abaa,69677,785,2025-09-23
c952a8ea,38360,818,2025-09-04
04767072,13226,194,2025-09-30
2e617647,28520,226,2025-09-26
5567974c,80446,726,2025-09-25
84fa4008,38073,77,2025-09-08
73679de8,60811,793,2025-09-21
a9d640e4,67158,672,2025-09-23
7559687b,10211,634,2025-09-26
29b0f357,74040,759,2025-09-19
de320335,98345,229,2025-09-02
f390ba82,48367,586,2025-09-07
184e7959,11749,630,2025-09-25
6848e102,53685,308,2025-09-19
40d89f10,74888,973,2025-09-22
2cd35a10,53268,874,2025-09-16
02783b30,44133,763,2025-09-07
b558b758,27586,450,2025-09-12
0f505e57,25798,815,2025-09-05
127f1efe,12716,637,2025-09-13
d1d941eb,87547,642,2025-09-12
a2e8e47b,31929,430,2025-09-08
16e02d42,79974,149,2025-09-22
4efdfb11,94190,600,2025-09-19
31cc34bd,42200,720,2025-09-10
5f0cde85,76323,521,2025-09-19
0d03e0cb,38745,327,2025-09-17
1226c09c,66318,392,2025-09-25
061255f3,19911,748,2025-09-21
1eac589c,53227,32,2025-09-22
30ccc8b2,23010,418,2025-09-08
7ad384c2,26910,709,2025-09-26
2feeb284,39544,452,2025-09-05
2c148221,16688,551,2025-09-15
eee5a318,21805,473,2025-09-28
539e72a3,99156,53,2025-09-07
7a6502d5,69359,175,2025-09-07
f590d5a6,28545,82,2025-09-17
f9becb93,28429,237,2025-09-12
987ff74d,40529,14,2025-09-21
9aaa9e74,76539,300,2025-09-26
63abc7fb,91256,946,2025-09-10
fae85de4,98773,40,2025-09-29
8cca5729,47817,176,2025-09-26
582e709e,13844,745,2025-09-01
4f32e7a5,24192,707,2025-09-08
fcc23c15,38517,987,2025-09-16
f6b21974,94814,973,2025-09-15
898994bf,89671,62,2025-09-15
8a307009,82877,47,2025-09-19
3eb84646,57652,282,2025-09-20
66d30bba,91421,706,2025-09-21
003ea987,17387,727,2025-09-15
f7a58686,77769,242,2025-09-23
ef7d0eb0,42938,559,2025-09-27
19d23212,58538,737,2025-09-26
00f78c08,31174,947,2025-09-21
139560c3,83505,688,2025-09-09
8bcc766c,41554,864,2025-09-23
f51e179d,91366,744,2025-09-17
9b2a6875,13208,138,2025-09-02
ecc78f37,49759,382,2025-08-31
49c29cf2,45429,845,2025-09-05
e3f7b316,19824,908,2025-09-26
16b19ac9,96217,749,2025-09-17
89034d37,37719,108,2025-09-13
5ca9687b,57048,215,2025-09-01
6bb1e969,82058,998,2025-09-21
cdca2a32,74623,698,2025-09-19
4d077f7c,84227,298,2025-09-21
3d4e2ac1,68177,539,2025-09-23
786e5e88,82040,582,2025-09-20
e6e3b06f,69615,303,2025-09-24
65339491,74479,71,2025-09-13
58e5b32e,65649,508,2025-09-14
8b3e3031,64732,504,2025-09-24
d923feca,96255,495,2025-09-28
6182b970,74147,590,2025-09-19
430380aa,20790,702,2025-09-26
e4aab8dd,87793,428,2025-09-18
bb9d5de3,61664,755,2025-09-30
9e620ac6,66134,485,2025-09-10
fdaa5d01,68022,781,2025-09-04
3faccf3c,27458,404,2025-09-29
5b5e2c51,93407,986,2025-09-25
6c96215a,73142,118,2025-09-19
8a20f56b,39534,621,2025-09-19
523cf7e1,43538,367,2025-09-27
ba6e7152,29557,668,2025-09-15
72fe36a7,87009,66,2025-09-14
6687221d,58403,750,2025-09-30
998dda2c,30090,185,2025-09-21
845e503c,10367,110,2025-09-02
d2049529,29915,472,2025-09-09
0f9deb14,26242,606,2025-09-20
d7116678,38050,789,2025-09-14
5eb66596,29918,963,2025-09-16
a9e42973,27644,29,2025-09-06
7ff3627a,16484,587,2025-09-26
402c91a6,80477,841,2025-09-25
54aaa16a,32585,551,2025-09-09
ef55b52a,88844,409,2025-09-06
c48d5b82,10595,481,2025-09-29
d7f643cf,73151,812,2025-09-19
588e4cbc,53375,731,2025-09-09
87487dba,54964,595,2025-09-04
34e6fa66,86591,210,2025-09-25
11fa324f,11884,684,2025-09-14
ce50f118,67116,433,2025-09-07
b53b3a20,37361,935,2025-09-28
b8e62e5e,27848,97,2025-09-28
3020765a,92390,891,2025-09-03
ee78c11b,38951,329,2025-09-29
3c146892,40702,357,2025-09-15
be464388,69108,656,2025-09-03
ff91897d,85348,428,2025-09-13
0f5c0519,74758,57,2025-09-15
960c58f0,10237,128,2025-09-22
b173bd28,13260,914,2025-09-04
36f1fccc,69617,151,2025-09-21
5e261876,59561,681,2025-09-08
477212e2,76444,673,2025-09-01
8c256b11,83564,111,2025-09-23
af25ca5f,49279,822,2025-09-28
0df4681c,25311,157,2025-09-29
53dc28e9,33054,17,2025-09-05
8406ae89,65984,650,2025-09-29
0abba3ca,73609,326,2025-09-22
b64dcec3,16496,45,2025-09-12
971a348b,92351,845,2025-09-11
2d86fad7,69481,693,2025-09-23
46dc84a6,65868,921,2025-09-02
b19fac94,13883,931,2025-09-10
22b5893a,11549,268,2025-09-01
bf6244a6,86760,350,2025-09-22
601282b1,21766,479,2025-09-29
50aeb652,30258,643,2025-09-12
c9e63a0d,37120,258,2025-09-25
43608f36,61718,625,2025-09-06
59b24508,80385,913,2025-09-26
c96eb389,50417,977,2025-09-18
a8fa0bab,24823,498,2025-09-23
b7eedf23,25595,146,2025-09-23
aee84d3b,97300,775,2025-09-21
d26da493,47220,436,2025-09-11
7923dd3a,43220,732,2025-09-21
9dbc22a0,39389,98,2025-09-17
ff55a538,31889,827,2025-09-17
639b20d3,19317,265,2025-09-22
fdfecae2,63156,908,2025-09-30
e890d1c1,56221,719,2025-08-31
a8e2be92,19993,511,2025-09-21
c125af77,81743,850,2025-09-11
782bcbae,54402,518,2025-09-03
6db58151,73824,927,2025-09-05
13b225de,93351,576,2025-09-04
ab884702,57686,307,2025-09-23
97eb7b51,36424,772,2025-09-29
65f47fdd,13024,13,2025-09-06
04697e13,14596,555,2025-09-21
ec816092,77326,20,2025-09-01
e0ecb0dc,92081,784,2025-09-17
ae8dd675,69392,678,2025-09-24
3103d222,10705,816,2025-09-27
ec64f249,49400,127,2025-09-26
2ec886a0,36096,891,2025-09-08
b16f34da,87412,569,2025-09-25
d1d78eb1,72253,549,2025-09-21
744d2cf3,97015,715,2025-09-28
79661637,75423,847,2025-09-05
7ed71732,85695,994,2025-09-13
4929cc5c,23143,898,2025-09-13
3b542493,79380,339,2025-09-06
b48074ab,30936,891,2025-09-30
bb961e4d,20239,492,2025-09-23
b6b12725,83424,217,2025-09-24
1efbf059,91756,76,2025-09-29
a624ac51,92472,342,2025-09-27
29172a9f,42786,984,2025-09-05
310c0815,90568,868,2025-09-15
deb44abe,40907,866,2025-09-02
c9645081,52965,968,2025-09-05
591cbf36,72552,456,2025-09-03
24f14253,50006,635,2025-09-22
02c795b7,52801,573,2025-09-15
b71ac013,27696,827,2025-09-01
3b38bce2,21725,124,2025-09-01
c3aa129d,38623,498,2025-09-23
268681e5,41962,357,2025-09-25
787d14e1,18987,470,2025-09-16
bb6d99a7,76455,477,2025-09-21
2292360d,16337,344,2025-08-31
8719bce6,96253,608,2025-09-14
819ab9f0,86894,504,2025-09-11
493cc0cd,73270,239,2025-09-09
39f185fb,82827,156,2025-09-04
fbd579f0,74447,161,2025-09-07
ebad8652,73758,387,2025-09-24
b73f23a3,51143,219,2025-09-14
c497e006,39824,13,2025-09-07
7ce81403,43578,157,2025-09-04
793ae971,39673,876,2025-09-13
4a81ea34,24771,42,2025-09-24
a567799d,21998,163,2025-09-08
0c5b6487,51860,199,2025-09-03
1b639de2,46114,38,2025-09-18
04f87a1e,28846,386,2025-09-05
a0918eeb,30411,413,2025-09-25
b599a416,42967,997,2025-09-23
d71f58e4,71863,426,2025-09-09
6876d085,30487,724,2025-09-19
25dd85f9,17478,226,2025-09-29
7529e9cf,74301,943,2025-09-02
8b0891aa,82942,68,2025-09-26
83f8099d,32775,513,2025-09-19
427b84b0,53549,486,2025-09-19
d2607404,36696,213,2025-09-03
604485c5,73522,78,2025-09-09
44c34aff,96911,263,2025-09-24
09d1a9cc,14580,22,2025-09-24
0ffee953,93962,685,2025-09-29
cc66e49f,22032,829,2025-09-18
25700fe1,76111,466,2025-09-22
5c1f05d2,87699,114,2025-09-01
49874052,67384,29,2025-09-09
f421a4eb,17325,268,2025-09-09
3d2f8526,32226,856,2025-09-19
f3d920de,64629,97,2025-09-27
4324aa82,64760,862,2025-09-24
a5248e66,61442,485,2025-09-04
fbef92b0,70214,435,2025-09-02
c0767a2a,61075,277,2025-09-06
383fbe5b,30972,671,2025-09-11
a645c6f3,98850,993,2025-09-11
3f832114,68394,402,2025-09-13
180d7b29,93414,642,2025-08-31
0acb2bfc,70345,910,2025-09-02
dfeffc81,35004,926,2025-09-04
b8ec97cc,48092,281,2025-09-04
33ebab46,33466,612,2025-09-05
3cd90eeb,32633,205,2025-09-04
0e11cf23,88982,724,2025-09-10
58d3b900,17228,862,2025-09-01
85185df4,41531,935,2025-09-30
4eb5ffaa,15747,362,2025-09-07
0bc3ca7f,77572,725,2025-09-22
7d23701d,36225,612,2025-09-28
474a8fd2,88011,162,2025-09-11
45b6b7f3,52533,145,2025-09-06
da6b6de8,53255,654,2025-09-10
f14603b3,75635,247,2025-09-30
2a8f8ce0,56325,823,2025-09-20
ae1021bb,15778,453,2025-09-20
f86b94e4,17728,999,2025-09-13
b18fc598,47812,986,2025-09-28
c646a91d,20160,576,2025-09-04
285dd20f,47374,871,2025-09-29
3711d6fa,77971,791,2025-09-16
022cf626,47103,246,2025-08-31
93eb44fc,41986,79,2025-09-24
0646a47f,42315,271,2025-09-28
2b8ede4b,28889,921,2025-08-31
01c10970,49997,554,2025-09-08
494b9fcf,77247,30,2025-09-17
c7112eb6,51489,581,2025-09-11
90569598,50888,787,2025-09-18
286c54cf,41316,275,2025-09-17
edc2cca9,56902,181,2025-09-11
674d4bad,57463,235,2025-09-09
4539fa71,73569,765,2025-09-25
c4d5de6a,52815,590,2025-09-08
d7e93060,23188,655,2025-09-07
b81b4ac7,72374,150,2025-09-18
1c98b8c9,32550,172,2025-09-08
e9be30fa,31318,212,2025-09-26
0e178d67,54404,169,2025-09-11
6cc8fa95,22985,278,2025-09-26
8e43a2a3,63793,907,2025-09-25
f6d9fe13,53900,838,2025-09-14
963e6f48,36074,189,2025-09-02
b0bbd511,35989,110,2025-09-08
14330bcc,62477,897,2025-09-26
ce0644e5,71304,964,2025-09-21
ff4c3fcf,40533,527,2025-09-12
9915d928,16611,474,2025-09-10
89f1b7f3,28838,887,2025-09-25
f79629ec,12960,736,2025-09-01
11804bc1,67070,578,2025-08-31
01518636,42070,682,2025-09-25
87de395b,57170,219,2025-09-11
451c1431,17303,318,2025-09-01
17247ec2,47577,537,2025-08-31
4d35ec9d,57912,202,2025-09-15
9ca4d245,59118,882,2025-09-06
12aef701,76812,705,2025-09-21
5bd18edc,72378,118,2025-09-01
9081535e,86407,975,2025-09-16
1e0b2671,23591,309,2025-09-13
258c8b92,48580,21,2025-09-07
f2f4b68b,45598,280,2025-09-13
6a920901,72618,675,2025-09-14
89a0fc59,60873,171,2025-09-09
f9e1a7ab,35873,705,2025-09-02
e8bc3128,16390,68,2025-09-21
5d3dcb68,94768,614,2025-09-18
7e51364a,31922,761,2025-09-13
426cbc90,80830,647,2025-09-24
6556a1dd,38155,148,2025-09-22
ab7de433,79196,126,2025-09-21
4495dd69,77325,905,2025-09-18
aaf7c82d,19206,447,2025-09-16
59914698,27881,698,2025-09-28
f987740a,55523,186,2025-09-22
a92ba58a,91847,878,2025-09-22
f8aec564,95777,701,2025-09-05
64efcb2f,60838,131,2025-09-02
ab99efc4,38314,982,2025-09-21
2980db51,87504,474,2025-09-17
5c143034,99154,858,2025-09-29
c34e9700,81515,353,2025-09-06
7ffaefee,70405,99,2025-09-10
b671b4a2,35521,699,2025-09-25
e136abfc,87080,287,2025-09-30
f6026e39,78585,264,2025-09-18
6200d9d9,41761,293,2025-09-10
d122a85f,94356,740,2025-09-30
2dac005c,64066,303,2025-09-09
1445dafd,22700,652,2025-09-21
08c1d415,90032,365,2025-09-19
46c1a092,59486,815,2025-09-23
e81c091a,57293,92,2025-09-02
2d66d980,56024,489,2025-09-03
58cf7f65,15845,723,2025-09-18
e4025922,42404,893,2025-09-30
fb31b157,70858,861,2025-09-10
73c66f0f,57126,578,2025-09-05
4ab3fa5b,88500,405,2025-09-14
ee75bbe0,25901,114,2025-09-05
1e7cb7e5,40356,580,2025-09-01
34cbc26e,92305,553,2025-09-11
ed876188,17068,60,2025-09-04
28988768,80289,639,2025-09-17
b2029660,77321,270,2025-08-31
dbcc7f3b,77587,214,2025-09-18
d6578751,11639,190,2025-09-10
2b3da2ff,44451,46,2025-09-17
86c81096,93448,677,2025-09-10
b72572d6,26723,110,2025-09-19
d5ebde1c,28128,323,2025-09-24
b7e12edd,86379,482,2025-09-03
788baa16,18876,329,2025-09-25
08781a21,24831,101,2025-09-12
e42ea505,81291,460,2025-09-30
c0a5bb13,28214,844,2025-09-18
2babaefc,61304,306,2025-09-20
cf0bc55e,28727,336,2025-09-07
79f6a31b,20995,803,2025-09-12
85f8f3a4,28210,830,2025-08-31
94c55bbd,85555,831,2025-09-23
b638aad7,12784,735,2025-09-05
71105a87,13723,151,2025-09-09
d66612a3,42016,702,2025-09-08
d227df8e,53977,6,2025-09-27
8931e6ef,29804,896,2025-09-26
bd03f218,67640,498,2025-09-07
66b51e52,34425,458,2025-09-24
bdb6e30e,70124,757,2025-09-06
0fc8927a,38388,971,2025-09-30
7545bbb1,25994,921,2025-09-21
3f92bb5e,14521,472,2025-09-09
bd84f20a,55497,341,2025-09-24
dd892de6,35818,723,2025-09-02
4d713758,14299,195,2025-09-15
d4d4c2bd,37556,214,2025-09-15
660e367f,95850,746,2025-09-23
4674f850,24805,604,2025-09-16
dad0cab5,12908,32,2025-09-02
e31f9bb9,40411,416,2025-09-06
911cc0e2,75107,400,2025-09-11
88b92a87,93503,698,2025-09-29
11ae63ad,12261,244,2025-09-01
9d22ebd6,49901,682,2025-08-31
9db358b5,78450,206,2025-09-27
c69c6860,55412,40,2025-09-29
ab628c24,63404,112,2025-09-19
fbd42be7,54029,81,2025-09-17
62153fbf,56306,849,2025-09-22
6f3ba390,76841,835,2025-09-14
caada763,18710,273,2025-09-19
5bd087bf,86955,384,2025-09-07
502f7386,84679,114,2025-09-02
af118e54,92234,698,2025-09-29
2725d7b7,37646,852,2025-09-07
9dbf7a2b,33549,8,2025-09-14
439d30c2,67856,723,2025-09-09
bd736669,93244,99,2025-09-28
7b71b139,35266,664,2025-09-27
3996254d,48976,200,2025-09-20
5df69d90,82401,948,2025-09-09
86dbcd61,85647,832,2025-09-04
ab2217bf,88725,272,2025-09-07
5acccfb6,44071,436,2025-09-21
b939370c,39270,811,2025-09-07
6fa5e3f5,43880,576,2025-09-29
1d844ae5,40628,169,2025-09-02
9d7b0d2f,13508,93,2025-09-02
8fea25d8,61493,675,2025-09-11
e4e80f53,82298,542,2025-09-13
09e59e08,90639,296,2025-09-09
af3ca79a,28634,425,2025-09-14
230e4f53,17357,624,2025-09-22
29e8cec2,29904,360,2025-09-19
81f44bf7,59083,24,2025-09-03
9377901c,95172,62,2025-09-14
81c64d42,82347,766,2025-09-11
83495da1,19838,817,2025-09-21
cc1ae268,87362,398,2025-09-23
99fd7413,22233,131,2025-09-24
35c5a905,10138,431,2025-09-13
2a5e84dc,75056,449,2025-09-04
7a4b0ae5,35897,901,2025-09-26
352377cf,96837,691,2025-09-29
74b102b6,84782,167,2025-09-03
a5c6f468,67310,805,2025-09-24
73240a4d,40990,872,2025-08-31
e0b972bb,37876,759,2025-09-20
0ec09dcc,60497,311,2025-09-03
13c124a4,61236,606,2025-09-28
5cb089b2,25916,174,2025-09-11
d84d8ddd,51464,866,2025-09-07
01539ff7,34198,199,2025-09-22
988c44d7,57334,858,2025-09-22
81aa5506,59905,544,2025-09-24
b6020a0f,16641,370,2025-09-04
e4d90663,48098,949,2025-09-07
6a2509d1,76908,565,2025-09-25
561b360c,57977,247,2025-09-20
38a36179,69365,127,2025-09-18
0cd75b85,30339,240,2025-09-10
88726043,78867,58,2025-09-28
b85031ba,53526,40,2025-09-21
aadf1095,52222,688,2025-09-21
7ac797ea,71839,479,2025-09-23
c918d5d7,29194,336,2025-09-22
6b50fe92,22347,581,2025-09-02
a5672916,58627,716,2025-09-09
0f2b8dc5,96086,83,2025-09-22
eec9d0fd,36080,375,2025-09-10
02b45925,52758,430,2025-09-18
8dd4e0a6,53679,450,2025-09-29
ff13a6e2,23891,159,2025-09-26
5342c276,81699,617,2025-09-28
cbc6ecff,92674,664,2025-09-13
dd57d0fd,31155,623,2025-09-16
a37722e9,89605,978,2025-09-03
1ed0b126,29952,179,2025-09-17
729d2d95,26609,695,2025-09-29
75982078,15879,444,2025-09-13
f69fbcfe,47678,150,2025-09-24
cb985255,95524,645,2025-09-10
10646fd8,20300,654,2025-09-18
a47c5061,57998,766,2025-09-14
2514ea01,60758,658,2025-09-17
6b808c54,45385,211,2025-09-10
db5be2bd,87053,896,2025-09-21
b67608cc,23790,745,2025-09-16
83aa2705,23277,848,2025-09-14
b41c4fd9,69652,621,2025-09-05
706bea45,70468,372,2025-09-26
197c7d2e,53849,173,2025-09-30
19d88323,11589,795,2025-09-17
dfd3a687,53309,763,2025-09-20
b3ffabdf,89056,845,2025-09-01
7626346f,60035,455,2025-09-11
b6b484c4,32017,302,2025-09-01
9554f566,53043,266,2025-09-27
38be4497,22623,718,2025-09-01
059f0120,99444,475,2025-09-29
c17e497f,88336,644,2025-09-21
b9bedc21,15401,690,2025-09-07
b413d960,22294,577,2025-09-08
6bbdcf90,94845,744,2025-09-30
66416786,73749,500,2025-09-28
980620f8,63652,796,2025-09-20
9c551692,22351,25,2025-09-23
01fdd3bb,72544,226,2025-09-21
5ea13dc7,40510,938,2025-09-30
6c508f0f,79434,866,2025-09-02
87ade167,55620,165,2025-09-11
853d0dc9,83083,490,2025-09-08
3ce87469,91529,273,2025-09-11
2bedd233,33593,597,2025-08-31
c1d0ba2e,31331,478,2025-09-17
f87d5302,55073,37,2025-09-10
24cdf590,55518,874,2025-09-23
0ad5a2d5,77992,309,2025-09-14
50fc91fa,96504,368,2025-09-10
549437cb,98992,127,2025-09-17
263f9ce9,52266,723,2025-09-17
07256721,99110,591,2025-09-13
766125ce,99212,500,2025-09-23
59439a5c,39831,572,2025-09-24
e7cca44c,39339,392,2025-09-08
a8f9c6aa,57446,426,2025-09-10
dd11ae2c,10066,740,2025-09-27
26a5cf6e,41484,30,2025-09-29
24df2fe0,56080,403,2025-09-27
c395b94e,18880,675,2025-09-13
5eef6465,95805,628,2025-09-13
3460d580,87643,287,2025-09-06
a37a49ac,96657,591,2025-09-22
e6a0cf36,94196,144,2025-09-29
17404619,82065,712,2025-09-07
a10d2495,35715,869,2025-09-05
670e49d3,23827,846,2025-09-18
06e4b83f,11959,976,2025-09-26
4c9844c7,39423,832,2025-09-17
752c5d4f,92871,69,2025-09-29
edb003fc,14826,237,2025-09-19
ea552349,89533,721,2025-09-12
4d256773,27519,535,2025-09-04
e16e5da0,74287,403,2025-09-02
523aa488,63372,516,2025-09-30
010894e5,69014,849,2025-09-11
ef0b9188,48515,843,2025-09-22
ef2199a2,21143,917,2025-09-10
c5289fbb,61428,779,2025-09-08
9455dbc7,55446,28,2025-09-30
5be98d05,49892,753,2025-09-16
2c3f4e90,19573,647,2025-09-27
795152fe,35192,276,2025-09-03
be11fec5,46920,628,2025-09-11
de464f7a,59516,851,2025-09-04
33e3f6b9,15070,774,2025-09-21
8008dc8d,83271,18,2025-09-27
bafe6235,99457,307,2025-09-18
1e15b826,50988,180,2025-09-03
2811939c,56507,236,2025-09-30
cfb47115,19075,473,2025-09-28
0f1c0c48,24542,407,2025-09-08
43ffe1b6,31312,532,2025-09-30
e9b8d5cc,65063,842,2025-09-20
773b52d4,52130,454,2025-09-16
0d649822,17625,553,2025-09-03
f932a9d3,20038,12,2025-09-21
8674c6c5,79909,689,2025-09-27
b185e55b,32909,721,2025-09-13
857fb12c,38991,555,2025-09-07
aea7b0c2,10386,151,2025-09-12
ffcfbd40,82397,124,2025-09-09
1985c1a1,79433,758,2025-09-07
8f62c3bc,92189,479,2025-09-05
3b638af9,73784,854,2025-09-19
d4b48a04,63919,229,2025-09-11
963200f8,24272,416,2025-09-07
37e6e1a5,94923,476,2025-09-08
9223330d,80215,740,2025-09-08
4aeef22f,50368,683,2025-09-30
1dee26e1,34120,898,2025-09-01
decc2e20,87513,659,2025-09-23
34ab10c7,47090,923,2025-09-11
1112e6d9,93871,141,2025-09-03
81a17e0a,60281,63,2025-09-06
696990a7,37240,765,2025-09-10
04a2f7cd,52676,707,2025-09-04
b4464e83,90067,486,2025-09-24
57a0dd39,87075,585,2025-09-20
d42428d6,35271,992,2025-09-27
51463e94,37445,111,2025-09-04
b53f3c7c,10231,870,2025-09-10
52313ce2,69894,549,2025-09-12
0d305ad7,80887,171,2025-09-26
9da1b6f0,39803,210,2025-09-27
cc2a6199,15720,397,2025-09-14
62a7d037,64514,262,2025-09-13
4402803e,11999,613,2025-09-16
f9b13499,19802,373,2025-09-21
d69d38a2,37906,938,2025-09-27
a5ac87e5,63369,165,2025-09-05
5c3ded49,63590,370,2025-09-24
13aca1e4,36074,312,2025-09-21
e3532e8a,77816,528,2025-09-25
ac7ed75e,33962,493,2025-09-04
97017864,26336,733,2025-09-29
35e5a53b,36208,213,2025-09-01
5275c023,85551,913,2025-09-08
c4cd5227,12747,880,2025-09-07
fe3d5d22,78936,926,2025-09-19
b470bfc3,51654,415,2025-09-06
295e8197,79714,387,2025-09-09
9ee9b17f,58095,974,2025-09-14
eeac09bb,16422,951,2025-09-02
4beef2c2,18103,462,2025-09-23
a1650f47,77108,814,2025-09-18
9ee1a85c,77355,891,2025-09-11
cd397acf,26780,307,2025-09-25
a33be451,41560,961,2025-09-16
ac43152c,58930,207,2025-08-31
108d97b2,10417,113,2025-09-09
495ec2de,92572,573,2025-09-17
1969b516,31771,591,2025-09-26
a84b8b13,31537,170,2025-09-01
113d4c6c,31598,465,2025-09-26
0cda93de,82409,480,2025-09-02
7a1bdd47,99015,480,2025-09-26
09988ca9,41683,307,2025-09-07
771d2d8a,92600,248,2025-09-04
aae6b7f7,61194,726,2025-09-12
687d01bf,72173,22,2025-09-04
06ea4004,79158,816,2025-09-18
4a3052c1,80249,648,2025-09-28
f04bd8fa,50699,321,2025-09-08
2ebe686e,14746,643,2025-09-12
04d680bb,77698,378,2025-09-12
48c29056,27541,452,2025-09-09
9fb02d2f,98812,97,2025-09-24
9050108a,72744,952,2025-09-28
43e95855,20543,99,2025-09-23
9791d3b6,70939,405,2025-09-06
0553f375,84925,783,2025-09-11
0948deae,16155,205,2025-09-26
9a6d2ac6,48155,334,2025-09-10
3e130ba9,65188,442,2025-09-15
ec33c2d5,74997,543,2025-09-15
775270fe,14349,430,2025-09-26
9b0dfde7,16247,63,2025-09-30
1554fd9e,78946,329,2025-09-01
3c5bec72,87980,509,2025-09-02
1e65f561,40328,297,2025-09-03
92c3239d,98484,14,2025-09-02
db1333f9,17090,206,2025-09-20
de32e234,89938,589,2025-09-20
410307a7,94964,610,2025-09-30
5a41470d,72498,936,2025-09-23
b450a3a1,30535,564,2025-09-15
5e64490b,55684,195,2025-09-27
a480b8be,34263,22,2025-09-04
575ada48,64285,334,2025-09-17
2ec8850f,84898,448,2025-09-23
6affabe4,74969,11,2025-08-31
fa39841e,89584,985,2025-09-01
45a36a39,11457,10,2025-09-03
baf9dd97,39533,29,2025-09-10
10fce344,81630,86,2025-09-04
e312b41c,35761,242,2025-09-26
fcf50cf0,76353,453,2025-09-13
16e7c6eb,20090,103,2025-09-26
f9cbaeff,94166,694,2025-09-11
d500419a,76645,396,2025-09-25
384042a2,86349,349,2025-09-08
b50bd4aa,47664,908,2025-09-01
2d25107f,74422,875,2025-09-09
0c281e65,81801,194,2025-09-20
f68db4b7,86619,90,2025-09-02
73c27fad,64385,942,2025-09-18
72a0a537,44133,625,2025-09-29
30d76cec,77135,446,2025-09-20
672cd01d,86914,599,2025-09-24
44c0bbc4,65607,195,2025-09-12
f712d3ec,49926,677,2025-09-05
2f86357c,25604,12,2025-09-03
a92ca09e,57224,36,2025-09-06
34890824,64546,278,2025-09-25
1472b73a,85061,988,2025-09-27
44e7a466,46674,194,2025-09-30
4e0a7300,35129,984,2025-09-22
32eacd61,93871,158,2025-09-09
5819de1a,57377,590,2025-09-26
4f4b6793,32116,246,2025-09-04
d5c00aba,96936,781,2025-09-27
28545048,67243,98,2025-09-29
be81fe5e,55277,834,2025-09-14
6322f8eb,67658,527,2025-09-12
7e42bcaf,92245,55,2025-09-03
45fbad54,41719,928,2025-09-16
1074f274,45632,544,2025-09-22
de7d067d,21389,318,2025-09-05
a37c6fd3,52913,376,2025-09-05
2b7d2d33,40605,769,2025-09-17
2b42c6e9,22957,586,2025-09-22
1db6b54a,47516,224,2025-09-11
313e4ff8,87644,708,2025-09-13
43a07011,86781,446,2025-09-22
30a6bd2c,17187,224,2025-09-13
26d95f7c,14578,212,2025-09-02
761e60ca,97810,759,2025-09-09
e60dcc17,20711,256,2025-09-26
16b5d003,86964,992,2025-09-23
b83a7183,89894,939,2025-09-28
a0d1dc56,53668,910,2025-09-30
204fcaad,29296,784,2025-09-26
fdfb1f74,27461,481,2025-09-24
034a8086,92416,556,2025-09-13
27b1be9d,44668,860,2025-09-29
dcc43077,84324,282,2025-09-12
ac818fe6,18393,238,2025-09-16
cfd6d50c,45652,519,2025-09-04
cc0678ce,56364,245,2025-09-26
29d567eb,23682,738,2025-09-27
f7363e53,61643,25,2025-09-18
745fd31d,43263,372,2025-09-11
a467d18a,59334,718,2025-09-22
be087f04,52328,56,2025-09-14
0a2e7950,27446,821,2025-09-03
110643c5,67264,506,2025-09-09
f564b397,64007,981,2025-08-31
9bed6a13,13046,627,2025-09-19
7e35dfd8,96025,919,2025-09-18
5dec2fbf,69468,93,2025-09-23
97cb4a5f,32850,571,2025-09-18
dc12b7c9,53667,872,2025-09-27
7261df07,99750,714,2025-09-17
68c7e134,69350,256,2025-09-11
89f7cb69,67780,637,2025-09-20
6404218f,35735,571,2025-09-05
2b872228,15145,4,2025-09-23
09c15bd4,18743,407,2025-09-30
9cdf5bef,16294,591,2025-09-01
4fa775b7,66437,803,2025-09-28
5a7139da,20280,944,2025-08-31
74d1c38c,61188,621,2025-09-22
c8fccf35,60780,331,2025-09-03
8438f54b,31929,938,2025-09-24
99e3b844,21709,175,2025-09-15
3b00cbc5,43279,870,2025-09-01
eb1538d4,63272,835,2025-09-16
a37236c1,15860,833,2025-09-04
48035f1f,53848,971,2025-09-21
d5227e6e,41182,536,2025-09-26
1f2a211e,14176,429,2025-09-14
4b6efa08,18371,637,2025-09-26
44047e61,73610,858,2025-09-02
f0c74ed0,61354,11,2025-09-05
890b1667,95491,436,2025-08-31
67991d2b,86231,704,2025-09-01
a38b2aba,37063,331,2025-09-14
6e1dc00a,44170,13,2025-09-02
b914a0fb,21969,349,2025-09-09
61d8eea7,86806,754,2025-09-01
896d9500,81258,794,2025-09-21
f7fa7498,68360,67,2025-09-10
75ef8bd4,54181,587,2025-09-13
fce46a9b,19852,336,2025-09-23
5e96c898,70587,568,2025-09-19
67c6ff53,85382,506,2025-09-25
e402cda7,60537,33,2025-09-26
e7b65a0a,73038,486,2025-09-15
908d89b1,10087,496,2025-09-29
9265bb8d,85064,784,2025-09-19
bf26a550,45594,41,2025-09-13
eaac38ab,72670,290,2025-09-20
61a24672,21925,596,2025-09-03
1c354e47,30058,286,2025-09-14
b4a90b83,88414,247,2025-09-20
dcaa1617,86594,234,2025-09-25
59f39a33,70486,153,2025-09-15
46f7977d,13024,997,2025-09-16
fc716305,90977,754,2025-09-25
c475338a,52213,748,2025-09-07
42260b8f,68080,381,2025-09-03
ecfa89af,94750,844,2025-09-07
e52b1d2c,44209,48,2025-09-28
af56d79c,97975,340,2025-09-03
a30b4e1d,22767,725,2025-09-29
70dcc5b0,56575,530,2025-09-25
22f442a7,11671,657,2025-09-08
a77a0b1f,96860,225,2025-09-15
4abbc2f9,16415,541,2025-09-02
ee0eadb6,31422,916,2025-09-08
4ea18959,50253,264,2025-09-27
673cb3ea,57935,577,2025-09-26
f8e896d3,65759,935,2025-09-26
36d10d4a,81212,324,2025-09-01
e65dc324,42800,558,2025-09-24
f5cfeb7b,77174,256,2025-09-13
84675716,63536,563,2025-09-28
8361113f,48134,193,2025-09-22
340f2cd6,24668,404,2025-09-20
7d2de080,90076,264,2025-09-26
805a7d29,14161,440,2025-09-23
d2c0b343,80872,73,2025-09-08
7f38d97d,67331,883,2025-09-19
8b0662d9,49701,212,2025-09-14
70fd704f,36129,165,2025-09-03
952d96a9,87102,10,2025-09-06
c91fa4ae,38640,430,2025-09-22
2839b0bf,90086,644,2025-08-31
6fd491fc,33027,596,2025-09-05
6082e93f,68572,247,2025-09-26
bc9102d1,68579,62,2025-09-18
bdc8123a,38130,852,2025-09-13
bfc64a28,97873,121,2025-09-17
b49687da,57058,449,2025-09-30
00587a0c,75333,61,2025-09-01
03fc23c1,63900,167,2025-09-03
faeb1d34,54021,754,2025-09-01
ad895d82,16924,767,2025-09-28
f9530bbb,90176,897,2025-09-05
5452273c,54217,739,2025-09-11
29d8de69,41767,355,2025-09-13
8c50b3af,64779,500,2025-09-13
abb83e38,40837,723,2025-09-27
89aed4e1,45014,260,2025-09-24
eb639740,32126,40,2025-09-17
d2870012,54752,504,2025-09-04
0d872c06,47191,243,2025-09-24
3a03600d,16088,459,2025-09-03
367961d2,12754,621,2025-09-14
1193ca17,59009,808,2025-09-08
43a1b1aa,80340,751,2025-09-13
f7261a97,79746,932,2025-09-10
3b3c23e5,99438,455,2025-09-13
56b97d55,64904,370,2025-09-28
ae40c79b,49716,527,2025-09-05
8984dd43,32305,961,2025-09-03
b6fd8520,93788,481,2025-09-07
f1b65cda,79669,32,2025-09-19
c233ec6b,55485,35,2025-09-27
297f269a,49925,999,2025-09-11
56ca89d5,41757,365,2025-09-16
7163f1b8,58872,969,2025-09-04
ca0d33f3,22014,961,2025-09-25
6c5d196e,70964,563,2025-09-20
b4209273,12769,977,2025-09-06
9c8e9f39,65238,343,2025-09-27
bb9aa164,17057,47,2025-09-07
1ef44bfe,77308,289,2025-09-07
e34f1870,44724,877,2025-09-23
e6d63dca,54897,617,2025-09-28
20eba3a7,81721,283,2025-09-25
c64c616e,52388,694,2025-09-17
dc1fedde,17523,939,2025-09-12
687e08e8,23549,683,2025-09-19
ad8ca746,33477,147,2025-09-16
06896ee4,53723,297,2025-09-22
b4adc4e0,36841,335,2025-09-15
b49df197,45842,481,2025-09-11
f2c32c02,35544,146,2025-09-11
d874c13c,12895,770,2025-09-14
6be47e60,75252,909,2025-09-13
d823ece4,63652,946,2025-09-16
6249976e,97611,806,2025-09-26
828e0c72,49611,885,2025-09-05
8f35c36f,58769,599,2025-09-22
ddcfb3cf,85140,381,2025-09-16
6ac644a2,60994,497,2025-09-08
0ff454cc,62444,244,2025-09-28
57092b9a,99079,526,2025-08-31
4fde4729,21131,985,2025-09-10
82129d6d,37657,865,2025-09-17
e7bb2504,41612,357,2025-09-02
4ef3b039,53564,384,2025-09-03
65f585ea,69417,731,2025-09-22
47631a88,11561,633,2025-09-13
f74eb7e8,91880,529,2025-09-27
bacb1f88,96348,352,2025-09-28
0b3437e5,60360,186,2025-09-01
256b2e05,91842,186,2025-09-24
b654594a,81039,43,2025-09-10
285a12ff,63039,289,2025-09-05
c6752183,78179,873,2025-09-12
1bc03eb7,73591,644,2025-09-17
a8a2e6d9,90226,774,2025-09-08
f1cbf0bc,30697,950,2025-09-03
75ae09ce,42316,42,2025-09-02
ef0bfbc4,53147,518,2025-09-24
82136a67,74821,23,2025-09-26
1d265328,36476,235,2025-09-07
7a32a508,79420,918,2025-09-28
bd199c02,32430,825,2025-09-01
e48bc637,27628,73,2025-09-09
12a72c82,81644,159,2025-09-21
e39a58ac,37854,798,2025-09-01
21e70c82,91718,534,2025-09-04
8d912246,70204,104,2025-09-29
bc27137d,66199,283,2025-09-15
4f9b8759,84690,357,2025-09-15
1495c0be,25236,264,2025-09-07
7d6a9ff9,75956,444,2025-09-05
6d3aa79e,37717,108,2025-09-07
525ebf4c,63612,424,2025-09-25
4a889bf2,66105,847,2025-09-16
692451d8,33384,512,2025-09-10
ebcd4834,36474,616,2025-09-17
937758a6,34127,233,2025-09-04
aeafd8f7,66373,70,2025-09-26
ff2cac80,39114,572,2025-09-10
73f763c3,36124,756,2025-09-28
477fd986,16969,550,2025-09-17
95e128fc,61170,170,2025-09-06
d282b938,72430,880,2025-09-18
097aec20,41508,590,2025-09-24
937e1ba7,25678,207,2025-09-03
8dff2b47,83792,603,2025-09-23
63720376,32775,992,2025-09-26
c22bbdd7,35694,555,2025-09-01
7b49abe3,38315,231,2025-09-24
ea765b95,12320,998,2025-09-15
37e4bb6b,41355,999,2025-09-10
6f168dee,36267,452,2025-09-20
303ccb5a,61508,889,2025-09-15
42bcd230,41521,514,2025-09-28
8bc83639,16220,423,2025-09-26
d93c9513,78313,789,2025-09-03
40cdc963,45426,61,2025-09-07
036bf93e,35450,977,2025-09-03
6b14f3b8,56186,173,2025-09-05
f4b951b2,93100,910,2025-09-10
51f0b9ea,56874,759,2025-09-13
6f3ea1f7,51098,118,2025-09-24
3a7bce22,97113,619,2025-09-17
66bf8a0a,12088,926,2025-09-30
b9b84a2c,37511,500,2025-09-02
bcd5eabb,17862,621,2025-09-10
893ab737,27809,297,2025-09-16
d7ce8f5a,95096,339,2025-08-31
1bdf8c8a,11397,303,2025-09-13
49182aa7,55872,323,2025-09-19
6652889a,66102,5,2025-09-30
8108527c,75723,618,2025-09-28
bbb3d12b,81754,857,2025-09-03
6be088b2,92997,704,2025-09-17
2beee89c,37467,670,2025-09-29
f8f48907,25029,355,2025-09-19
91264e6a,50839,146,2025-09-05
6275d25b,38931,866,2025-09-22
35b898af,85797,182,2025-09-21
4a1c2435,66182,951,2025-09-11
7c994486,63033,634,2025-09-09
338940c9,19097,859,2025-09-12
1a48e696,81181,123,2025-09-01
1e42f896,43566,752,2025-09-23
876311f2,40855,392,2025-09-15
c332f5e7,90502,263,2025-09-27
f6c537ad,97862,749,2025-09-16
a3bcfc09,29386,146,2025-09-19
4f64734f,17552,35,2025-09-18
69f17210,72423,598,2025-09-24
c9526c69,18977,883,2025-09-24
d93f8f86,52472,287,2025-08-31
7edfd57c,74155,743,2025-09-10
b045de69,25371,857,2025-09-28
742b94bb,26146,345,2025-09-26
985654a7,40236,517,2025-09-16
5718a9a7,99129,140,2025-09-03
67ec609a,33192,961,2025-09-11
38ad7e74,85284,178,2025-09-30
b96fc1c3,95419,83,2025-09-21
c9f2073a,63629,673,2025-09-20
4af709b3,70046,447,2025-09-25
2777de9b,76053,250,2025-09-19
9307317c,29731,593,2025-09-09
a4296265,80839,94,2025-09-14
381f082a,88888,743,2025-09-19
f8589b2a,12019,749,2025-09-15
78973a61,88389,45,2025-09-11
e8929a68,93338,933,2025-09-10
c96431ba,27131,184,2025-09-15
615c4ecc,43569,207,2025-09-08
b5de843c,89863,83,2025-09-16
3d95bea9,87072,200,2025-09-02
68a075de,77724,306,2025-09-05
6f7559ca,97561,448,2025-09-12
27e137b5,67184,508,2025-09-23
36a993de,80262,785,2025-09-03
2c2f9a2a,31886,463,2025-09-15
b3453d69,50115,415,2025-09-16
288674d7,40447,471,2025-09-24
6722b15b,47368,53,2025-09-17
5bfae16e,85762,528,2025-09-30
e61c6c46,34209,54,2025-09-17
7336ca12,38435,474,2025-09-10
09018837,59690,611,2025-09-03
43d68d2c,77209,280,2025-09-11
81f7f14e,55694,95,2025-09-08
2dac9811,86085,110,2025-09-12
928f2313,41884,82,2025-09-21
8f2bbe33,94735,105,2025-09-14
5599296a,14260,379,2025-09-27
fc47bec3,87984,799,2025-09-01
55ce3823,52749,461,2025-09-10
c4e773b4,64568,548,2025-09-27
a9749144,51704,47,2025-09-12
a35ddd9a,70934,762,2025-09-30
72d62c40,73958,447,2025-09-26
12d69260,46668,975,2025-09-10
1cfd682d,29235,322,2025-09-25
2395924e,16910,237,2025-09-11
cd1085b8,52388,846,2025-09-03
dc35dd9d,38788,901,2025-09-09
cc9fdc91,35042,349,2025-09-02
43b46642,41198,195,2025-09-18
a7bc378b,77276,615,2025-09-05
7060fbaf,27442,92,2025-09-07
ff0d632d,71386,827,2025-08-31
bed4a7db,81077,111,2025-09-17
9a32677e,19439,389,2025-09-25
715c7419,89908,929,2025-09-16
37cbda58,59435,818,2025-09-30
9128cea7,30829,511,2025-09-24
be42297b,16715,606,2025-09-24
b0d97cd1,58261,661,2025-09-18
90b47ac1,49543,501,2025-09-20
5109a96a,19486,89,2025-09-13
eb33abde,10489,255,2025-08-31
fc901dd2,56317,497,2025-09-25
ae08ffc2,16525,476,2025-09-05
8dc27fda,48476,737,2025-09-04
0aa88b3a,67637,918,2025-09-21
b5928d43,89430,516,2025-09-11
b1bc844e,50968,963,2025-09-25
0d9fdaaa,73945,203,2025-09-09
fce9feff,14783,759,2025-09-01
0bffe280,93536,242,2025-09-04
0ed3f067,58881,299,2025-09-27
2d8cd56c,37006,942,2025-09-16
ae413a7c,35711,97,2025-09-07
ca81c5f2,39694,855,2025-09-21
40cd74fe,81733,848,2025-09-24
c5985e47,29520,844,2025-09-21
af2f4513,93203,241,2025-09-03
30718ec9,63755,14,2025-09-23
72148b3d,91958,814,2025-09-28
687dfda6,62508,906,2025-09-13
b3fdb436,84349,551,2025-09-23
24b9c76e,27932,950,2025-09-29
c10fca77,50585,155,2025-09-14
ba614c55,33580,384,2025-09-04
caa06575,86567,192,2025-09-15
412747f4,32894,469,2025-09-25
bfaabfc1,20241,534,2025-09-10
d7dfb515,48815,15,2025-09-24
71798c0f,20384,422,2025-09-30
58272615,30245,931,2025-09-02
eae8d9d6,92009,893,2025-09-16
60b38f14,12297,183,2025-09-05
eb7bdb5c,78629,478,2025-09-13
d68add23,48253,984,2025-09-10
72c31dde,13601,76,2025-09-10
a1337403,89504,339,2025-09-13
939a0f90,68341,489,2025-09-29
a33866bf,89899,951,2025-09-10
e6fc18c8,94391,231,2025-09-08
d57c5eff,11509,639,2025-09-20
5f910485,93195,901,2025-09-18
8d2f5212,63555,437,2025-09-03
bb0f5ad4,53486,102,2025-09-19
c93e3463,39547,805,2025-09-01
98b39227,95148,944,2025-09-07
94563120,18302,634,2025-09-09
36016c21,26328,429,2025-09-10
710f38b7,10813,861,2025-09-01
f4ca5138,60985,996,2025-09-05
69b344f8,40536,956,2025-09-24
f1731e89,20131,187,2025-09-06
d837bfa2,82586,830,2025-09-01
f5b533a3,22739,2,2025-09-14
de28aacc,21950,591,2025-09-21
ae240f98,78384,457,2025-09-30
0d2ff23f,45394,361,2025-09-15
3e67015e,10640,467,2025-09-27
23f56bed,55079,635,2025-09-17
49e78753,63749,143,2025-09-04
9924d43d,23849,811,2025-09-20
16107c8d,16292,105,2025-09-20
f9d9ec66,89494,445,2025-09-10
9d57011d,37412,906,2025-09-04
8666a6cd,31584,378,2025-09-20
0700788f,68198,142,2025-09-09
230373e2,47144,358,2025-09-25
d4f00d0b,71693,489,2025-09-11
f761c856,89690,11,2025-09-27
e391cdb5,31189,53,2025-09-19
85c807d3,76086,215,2025-09-19
94a4a05d,55321,943,2025-09-02
d638c70e,45582,254,2025-09-17
c9c4797b,21676,724,2025-09-08
095854f2,54110,381,2025-09-01
cc2a4525,19094,58,2025-09-04
eba016c0,84979,126,2025-08-31
a10df0e4,96050,216,2025-09-29
38a590b9,12794,66,2025-09-15
43891d4a,80656,981,2025-09-13
15921ffc,10798,935,2025-08-31
ddae5691,34684,108,2025-09-28
2b09aeb5,99519,367,2025-09-09
e2b0864b,50930,870,2025-09-11
21dbdcf6,41778,154,2025-09-07
2144e4ac,39004,870,2025-09-04
451c72fc,42256,319,2025-09-19
59a04ea0,95158,999,2025-09-21
a4a0b720,23927,873,2025-09-18
070b24f7,77282,210,2025-09-15
15075a4a,16944,957,2025-09-29
01e84466,52771,384,2025-09-17
6e11e5de,91599,965,2025-09-23
d9179de1,32135,970,2025-09-26
6a7f550e,49218,341,2025-09-06
b2cb85ca,51160,331,2025-09-09
972635a3,68228,698,2025-09-04
fea66d5d,42386,18,2025-09-25
9f03ae56,90638,21,2025-09-24
a3857518,28708,239,2025-09-10
a7d2ffdd,12165,209,2025-09-24
7990326e,35624,489,2025-09-29
e87500a6,94008,506,2025-09-23
6f1a64c2,24674,288,2025-09-14
d671e4dd,73769,102,2025-09-11
5b6227c1,90756,411,2025-09-24
202c8a9b,44218,345,2025-09-10
86e51165,27243,491,2025-09-25
a01b3617,67609,554,2025-08-31
0783f97b,50274,575,2025-09-01
1638e311,70416,977,2025-09-28
708b5e17,18325,817,2025-09-19
7766900a,61171,707,2025-08-31
bf3dc2a4,93790,944,2025-09-14
0a1531c7,67904,792,2025-09-14
9c57200b,72056,571,2025-09-14
a8264947,61272,641,2025-09-10
0bb324cc,32191,979,2025-09-12
721bdc84,99071,50,2025-09-08
c2c32fd0,68610,662,2025-09-28
ab692a4c,90777,638,2025-09-06
f7bc9a28,73679,548,2025-09-24
ad1ac65b,37690,732,2025-09-21
17977c80,45199,783,2025-09-06
a6ebf66d,63739,953,2025-09-20
066c653d,42501,484,2025-09-19
44792647,87006,682,2025-09-25
c2e8616e,21651,753,2025-09-09
cec0a577,13535,280,2025-09-10
ffdd438a,15504,459,2025-09-03
367bc381,70121,74,2025-09-02
498ee50b,76989,488,2025-09-08
267572e1,19078,876,2025-09-12
780d075d,45286,322,2025-09-23
2a9718dd,63040,308,2025-09-03
c73350bd,71373,783,2025-09-03
9627f55a,91992,615,2025-09-24
ec93451b,20267,789,2025-08-31
f83b2878,92742,769,2025-09-26
24a3bdbc,48975,100,2025-09-05
288059f2,82982,108,2025-09-15
ad881d19,79957,734,2025-09-06
661c8ba9,60404,791,2025-09-21
47efa3cb,73852,889,2025-09-11
8c1d9def,28892,393,2025-09-02
beec5f68,22468,180,2025-09-02
6c07361c,44046,597,2025-09-25
57e2af8e,35460,164,2025-09-22
e48a4285,68101,475,2025-09-24
af5f0fa3,63021,466,2025-09-02
2c5590c1,31177,157,2025-09-19
23ea3086,72151,601,2025-09-16
9e9248ee,30079,38,2025-09-26
eed0575e,17467,837,2025-09-09
23d33680,76526,528,2025-09-17
09f0033d,51170,929,2025-09-29
7c5d1268,23296,162,2025-09-25
e39a8fc0,56353,4,2025-09-10
7eadf098,41554,290,2025-09-13
fbc398d0,95674,823,2025-09-08
722f13bd,13001,494,2025-09-02
ad4c8255,50041,637,2025-09-16
b177df26,48969,975,2025-09-12
97873f3f,37646,439,2025-09-04
db591f82,29080,889,2025-09-09
db8d9d4a,44359,922,2025-09-06
7fe19ba5,68508,198,2025-09-07
9011b4ab,37055,120,2025-09-18
2d9594f5,42214,294,2025-09-28
43223cbc,15868,916,2025-09-02
a69b15f5,34409,7,2025-09-27
8a968497,84030,395,2025-09-22
6a1146e1,46479,34,2025-09-04
0a9b3046,11063,890,2025-09-03
4118088e,24379,179,2025-09-21
b60293ae,52596,684,2025-09-01
3c316faf,38418,341,2025-09-22
2cd5def0,51835,83,2025-09-04
2aa0bc13,56772,600,2025-09-22
d73fd756,69318,518,2025-09-13
18e4c4f1,80043,997,2025-09-19
7f44d14c,39589,682,2025-09-28
e6e3b608,92145,452,2025-09-27
9a45bf39,73130,858,2025-09-23
7bbd4508,71776,967,2025-09-26
f8942488,60364,785,2025-09-11
ad0534aa,31027,300,2025-09-14
eea67c23,83229,142,2025-09-10
ef16fb71,20416,280,2025-09-18
7cf123c5,65930,966,2025-09-01
ad280669,17144,293,2025-09-29
a948f955,32884,251,2025-09-23
64dd2d5d,69694,128,2025-09-01
bdd5fbdf,62225,864,2025-09-08
018b0456,17711,27,2025-09-08
5ae0b204,28823,839,2025-09-09
3df6d367,96175,210,2025-09-20
f744f87c,31977,885,2025-09-11
e3b789e8,32117,729,2025-09-15
1d9a3833,42806,303,2025-09-18
65031da9,23165,64,2025-09-17
d7a18007,61534,151,2025-09-18
5d2fb53a,23633,653,2025-09-03
b567dd81,52252,193,2025-09-17
a768cbf6,70109,481,2025-09-14
9d9bddcb,82886,535,2025-09-21
5d9a1967,50653,447,2025-09-27
7d91f260,44353,482,2025-09-13
5ce07298,78955,448,2025-09-05
fd52ecf6,31526,211,2025-09-02
2de20d35,11545,79,2025-09-19
929fd6f9,13087,977,2025-09-02
01d0151f,64005,826,2025-09-02
6dd03cbd,34319,518,2025-09-16
3e559cd7,46372,555,2025-09-02
a7802614,98925,528,2025-09-07
817c91ed,84854,377,2025-09-06
b5867c4e,81391,326,2025-09-22
653a6b5a,75200,916,2025-09-01
d6262a5a,33083,110,2025-09-15
065124ad,34424,884,2025-09-09
fe3c35be,59216,122,2025-09-29
c41795d3,53919,181,2025-09-19
6429e8c8,16496,732,2025-09-04
62a4474f,58924,287,2025-09-16
44bf0180,58871,655,2025-09-24
b4c9bc5c,54833,73,2025-09-23
103835ec,86529,558,2025-09-28
4484131e,38596,351,2025-09-19
89e818c4,92131,414,2025-09-10
1615261d,27584,623,2025-09-21
22f572fe,15212,98,2025-09-06
22bbb6af,45867,401,2025-09-24
1941fb95,94962,982,2025-09-02
006c8ac9,79268,273,2025-09-24
75eeddf6,76924,899,2025-09-03
e2a679b1,86676,508,2025-09-06
521b59a8,92442,756,2025-09-29
32916877,57629,650,2025-09-19
6b142763,82393,845,2025-09-15
4baa1c55,83834,162,2025-09-29
bcd66673,66092,112,2025-09-08
045ed37a,87173,415,2025-09-15
6cf79ffa,59053,409,2025-09-04
ae62a428,70596,183,2025-09-28
1936c06a,61805,35,2025-09-22
77388b02,45081,268,2025-09-04
59fc8858,20910,712,2025-09-09
4e0f197c,13075,727,2025-09-07
d29e685c,74634,22,2025-09-23
feade153,26295,21,2025-09-21
d7b7abb4,28749,531,2025-09-22
4c9cd0ac,57501,885,2025-09-01
8e866155,77542,838,2025-09-10
968b941c,24798,53,2025-09-13
396c53a2,97945,403,2025-09-06
2c9a3849,84304,319,2025-09-17
1646146a,24601,595,2025-09-27
5ab79c0a,55597,42,2025-09-04
d2fd3929,30029,188,2025-09-25
3d9d27d7,20665,25,2025-09-28
7d57e530,62368,886,2025-09-14
d73c5140,24761,894,2025-09-06
efd8e3b8,10983,797,2025-09-11
21e4760e,34367,265,2025-09-14
c03700b6,34095,846,2025-09-19
71cd2066,90639,514,2025-09-24
1694b338,86459,117,2025-09-25
8eedc1f0,73098,220,2025-09-09
9ed1adea,63987,732,2025-09-02
eaac8b0f,80746,912,2025-09-03
4dc3d277,61305,573,2025-09-11
4256e1ef,29933,447,2025-09-10
8c0d57dc,99788,88,2025-09-04
64aba8b1,10049,732,2025-09-28
66f02a85,39588,953,2025-09-20
526ece76,18504,589,2025-09-19
dfbb5556,77184,441,2025-09-11
b141fb4a,16783,791,2025-09-05
8f31a20e,75312,707,2025-09-17
d1d1e581,85876,953,2025-09-08
0eaa07f1,75582,706,2025-09-20
b8df1395,46753,166,2025-09-12
fc798a9e,66131,487,2025-08-31
35716c5a,34206,450,2025-09-23
7878e44d,23318,664,2025-09-01
15de91bb,91300,156,2025-09-15
f7314d0f,91219,145,2025-09-18
1b60fccf,38015,637,2025-09-17
63a44c9f,98802,289,2025-09-23
9926ad87,98892,977,2025-09-14
cd9b29a0,21722,586,2025-09-08
dd8f9517,64696,151,2025-09-28
a8afad0f,82755,983,2025-09-07
69f703e7,89251,182,2025-09-02
1d2e1b5e,80275,506,2025-09-19
7d0b18b2,66853,533,2025-09-23
e3c9813a,70829,485,2025-09-14
5d24186a,37559,209,2025-09-27
224cc8af,45256,115,2025-09-25
c572b7b9,95026,811,2025-09-30
11a7a7a5,16146,555,2025-09-03
7ab177f1,46372,748,2025-09-04
141736dc,58603,34,2025-09-09
f3921a69,48733,805,2025-09-19
8ab3aaf1,27555,393,2025-09-17
42831ea4,84135,376,2025-09-30
e12ddd4a,43726,392,2025-09-10
2adb5eb0,71688,762,2025-09-16
8cb01b89,95058,851,2025-09-30
dd47ef8a,46452,975,2025-09-29
0ababb9a,33800,552,2025-09-23
abe79418,21524,961,2025-09-09
2d23f248,33320,655,2025-09-09
c352b135,13447,172,2025-09-29
bdd4d3a5,94243,992,2025-09-11
b76ece4c,80861,590,2025-09-22
486acf44,49650,85,2025-09-17
46a2348d,53699,488,2025-09-12
fd00ed67,59381,691,2025-09-18
366a3284,86191,567,2025-09-02
4acf1c6a,18120,303,2025-09-03
c3838e45,70901,235,2025-09-15
af8404cf,84918,959,2025-09-14
e8c91dcd,10855,785,2025-09-30
5b402e66,71451,891,2025-08-31
b2c4aff1,22617,217,2025-08-31
71a8b475,26395,676,2025-09-25
967ab48a,65097,30,2025-09-13
f0fc003c,50418,712,2025-09-29
2a857253,22288,562,2025-09-13
86494081,77302,175,2025-09-23
c9f295d8,76437,91,2025-09-21
5d7c2892,60398,200,2025-09-06
ee619078,21593,811,2025-09-29
bd94b3c3,38779,441,2025-09-25
e6b1dd0a,97438,321,2025-09-26
55ac153e,40591,400,2025-09-19
d1b96e70,81824,258,2025-09-24
fa2c1f60,52970,207,2025-09-02
b25ae6c0,41598,14,2025-09-22
2100456a,39037,621,2025-09-12
2869deee,25731,643,2025-09-18
fa28e83f,45501,422,2025-09-08
f9c752a5,10823,576,2025-09-01
83d11d6a,23255,739,2025-09-01
ae54c9e9,89770,848,2025-09-06
7d6ef649,38503,442,2025-09-17
6ef89e8b,10418,132,2025-09-14
f6897988,21223,890,2025-08-31
a4347bd2,49401,334,2025-09-13
64d3c165,81080,2,2025-09-13
b43d55b4,14012,703,2025-09-08
253868d7,23423,935,2025-09-01
cdec1122,39689,640,2025-09-17
61cd4733,68480,31,2025-09-16
7e4653a8,52836,938,2025-09-11
a507aeea,93863,307,2025-09-13
8daf485e,55156,414,2025-09-30
eed16d27,93737,648,2025-09-06
5247a98a,88821,810,2025-09-28
2122faa8,71192,528,2025-09-07
075fef23,47980,453,2025-09-30
79b828f8,20668,877,2025-09-28
7b543012,31718,910,2025-09-27
ffdd74ab,26731,522,2025-09-02
f4676cc2,56453,776,2025-09-28
bcc4476f,72668,585,2025-09-15
363b3626,48957,383,2025-09-29
7445469e,37505,923,2025-09-08
d9652512,91465,606,2025-09-03
7235bc4d,47839,242,2025-09-03
0e6ceb18,67437,347,2025-09-04
3a4ed96d,38750,268,2025-09-14
57f67d11,51040,561,2025-09-09
c64d6250,73781,56,2025-09-09
fa5c4bf5,27973,944,2025-09-08
63c1350b,85617,538,2025-09-02
bf8f4e4a,75663,62,2025-09-28
9cb9c831,86903,626,2025-09-08
8868c892,34569,543,2025-09-19
4dcd557f,57579,182,2025-09-26
f0b1ff2b,45949,483,2025-09-25
d50de5be,53764,324,2025-09-03
f328673b,85736,297,2025-09-01
9e9b0e27,73172,346,2025-09-01
b6adbc5d,78966,872,2025-09-22
699dba29,97369,666,2025-09-26
342de6a6,63779,274,2025-09-03
703a99ea,59725,146,2025-09-29
af8eebb8,46409,466,2025-09-06
ae7f263d,23290,253,2025-09-12
c9ec6d8f,57144,815,2025-09-03
0b088ce6,76161,829,2025-09-09
acc42ba5,62210,977,2025-09-15
858c0951,98398,429,2025-09-01
d1aa8b59,11095,357,2025-09-08
37c24e51,34030,860,2025-09-28
d06fece3,31544,478,2025-09-30
99b66c73,37001,137,2025-09-07
a48e464e,66753,745,2025-09-08
a0bad584,55200,722,2025-08-31
16e6c5ca,62354,378,2025-09-05
e06e5355,24141,216,2025-09-02
c54f655b,73534,287,2025-09-26
d177e1a9,57966,54,2025-09-25
d658c0a3,22972,994,2025-09-22
2ac53837,67732,487,2025-09-09
aa30c80a,39780,319,2025-09-20
4f1935c1,39870,416,2025-09-30
623d95e1,66976,38,2025-09-26
32977ccc,15290,90,2025-09-15
471b2ed3,24808,722,2025-09-11
88b138c6,61631,482,2025-09-23
6314bfad,80930,259,2025-09-22
092e0717,57858,93,2025-09-17
4c31b8a7,77959,274,2025-09-13
48ceea1b,36926,842,2025-09-27
22d6990e,25110,466,2025-09-23
47709fac,36737,112,2025-09-02
ff63c230,93721,896,2025-09-29
7fa9a3b5,50810,189,2025-09-11
46d7f4ff,78691,340,2025-09-29
faf0f8ef,64806,519,2025-08-31
f148b99c,52384,45,2025-09-15
0631446a,13626,128,2025-09-25
f7b1899d,11245,956,2025-09-03
7d98efde,37807,28,2025-09-07
bc16f647,47484,494,2025-09-01
0c3d6dac,57208,494,2025-09-08
1d37d99f,65048,880,2025-09-10
c745f7da,53501,749,2025-09-28
23fdf8d1,90762,44,2025-09-30
e6b86e01,50825,148,2025-09-23
adf555e6,40258,919,2025-09-21
b3cb0b55,56531,62,2025-09-10
0b85bb2f,96374,125,2025-09-14
cdee6711,87126,531,2025-09-10
13253648,32419,953,2025-09-12
e3ca7c94,20800,125,2025-09-27
05da0083,23908,340,2025-09-04
389d6029,90773,270,2025-09-26
eb2db911,31949,887,2025-09-10
bf3bb04b,70926,948,2025-09-21
72ac4125,55152,72,2025-09-30
8bff38fa,25967,399,2025-09-17
320ba789,33614,539,2025-09-03
bb31358a,94121,94,2025-09-28
c310dd02,87756,575,2025-09-12
628abb3e,40576,12,2025-09-10
844bf89d,52402,213,2025-09-06
24c72ff4,17262,674,2025-09-06
2d4e52c0,77996,345,2025-09-07
0fce7cf7,28908,748,2025-09-05
79f51ea6,87275,691,2025-08-31
f0ad71e8,83689,155,2025-09-10
e737e343,13523,788,2025-09-18
9b8024de,72083,651,2025-09-29
3c6fb7f8,70608,661,2025-09-13
86612970,17827,860,2025-09-05
4be6c6dd,42718,908,2025-09-27
688641fb,66970,2,2025-09-21
e3b2fa77,83054,707,2025-09-13
aa3cb27d,27051,344,2025-09-05
83dd306d,22930,212,2025-09-27
d359c142,34707,327,2025-09-10
c7e8295b,12245,447,2025-09-12
a8070dcd,14556,890,2025-09-24
96bba900,74255,450,2025-09-15
1fa68847,19232,602,2025-08-31
619c0d30,11704,63,2025-09-09
5f7614ed,97273,466,2025-09-24
ff786836,40804,809,2025-09-21
559505db,47192,732,2025-09-17
e4e95175,10515,457,2025-09-15
8a348fe8,45575,890,2025-09-20
654d5bca,12791,524,2025-09-08
5cc831d2,69128,319,2025-09-23
b22716c3,51273,996,2025-09-17
e7e8f0c8,29002,666,2025-08-31
b6d85240,98052,19,2025-09-02
c4eb13ba,58423,17,2025-09-09
28781e69,57704,47,2025-09-01
b3a7b840,62577,468,2025-09-02
e79729af,37746,377,2025-09-27
dad49fee,94174,536,2025-09-10
48921a4f,52476,933,2025-09-02
023c56a4,17773,173,2025-09-01
508dc0a0,69579,425,2025-09-30
d12d64c2,53980,314,2025-09-28
8719b43c,65711,150,2025-08-31
0463a6eb,81609,660,2025-09-06
04bdf30f,57670,298,2025-09-20
1225853d,41355,741,2025-09-24
afa31779,82627,157,2025-09-09
d5cc2821,81545,225,2025-09-11
25f03f97,10856,668,2025-09-21
a78ceb78,16139,346,2025-09-26
3442925b,61478,668,2025-09-20
b836473f,72285,297,2025-09-16
6819aa26,32748,189,2025-09-10
1fbe5724,42878,449,2025-09-13
f6ec6be1,86433,566,2025-09-25
cf91685d,90142,994,2025-09-11
e18c810e,86449,327,2025-09-20
d7ac17bf,31600,409,2025-09-18
9de169d3,69106,986,2025-09-05
fb08d5cd,94914,866,2025-08-31
51304c5c,92493,96,2025-09-12
58cd8478,83348,990,2025-09-29
0dd39d91,42035,722,2025-09-19
a5f64073,77185,992,2025-09-12
24608ac1,89169,660,2025-09-03
d558da11,43818,331,2025-09-04
1fa4a368,47676,655,2025-09-12
9af42eb7,90503,346,2025-09-16
b95788b1,83287,81,2025-09-12
04c032d0,80091,423,2025-09-26
d538fb81,52958,858,2025-09-03
d0bff174,31085,217,2025-09-03
b9d7fae6,81894,105,2025-09-16
421412bf,72580,406,2025-09-19
189f861e,10483,691,2025-09-08
16a41758,74976,757,2025-09-23
753b9f1b,45958,887,2025-09-13
5d4cd7a2,58206,357,2025-09-08
f1132ca8,32031,647,2025-09-11
f0516b8f,98344,940,2025-09-12
4758a50e,98327,951,2025-09-01
09884c9d,59669,399,2025-09-16
93a2dfba,86682,222,2025-09-27
96199783,80543,411,2025-09-10
460a71d6,77203,692,2025-09-25
055c0a5a,88116,966,2025-09-25
a28fd0db,14637,860,2025-09-10
ac3561fb,77399,664,2025-09-08
6bc1accd,76110,318,2025-09-14
1f726e7e,97962,550,2025-09-22
ccef5a81,56275,623,2025-09-22
48d992bb,62994,642,2025-09-21
2f6bf070,89501,987,2025-09-18
eaccf100,24054,306,2025-09-01
fbdd520e,45954,290,2025-09-22
980b6018,44235,300,2025-09-21
c5b4dc09,33820,322,2025-09-08
879021f4,10349,960,2025-09-27
94c39004,87219,657,2025-09-29
4c796c98,86546,242,2025-09-30
584a7a71,13516,363,2025-09-18
d6958b3d,34653,198,2025-09-04
962108d9,70600,332,2025-09-11
3d86a69a,42119,31,2025-09-13
4a926c96,73491,373,2025-09-08
2b25ffb0,27286,483,2025-09-16
a587701f,95767,31,2025-09-02
ab4edcd6,66003,347,2025-09-15
0ad40564,65569,322,2025-09-26
a0d7eb19,89405,314,2025-09-11
6f3143f8,45694,704,2025-09-23
4d4eae8b,68445,448,2025-09-13
b919836e,32165,702,2025-09-12
b3f3df74,97091,841,2025-09-15
7270e68e,63149,334,2025-09-26
8ddcc69a,37491,597,2025-09-06
a146984a,41928,375,2025-09-22
8845a949,57129,978,2025-09-30
18eee0e5,20966,808,2025-09-13
d6a0bc4c,22141,549,2025-09-02
d68514dc,11368,657,2025-09-29
bcb63d38,30266,182,2025-09-09
455b0634,35477,760,2025-09-06
9e42ec79,15911,613,2025-09-14
fce2ba92,83606,679,2025-09-01
72cedaa0,75377,161,2025-09-14
f7a0d7e9,59197,585,2025-09-15
6055e875,85014,641,2025-09-04
c0224c4f,67801,609,2025-09-08
e9058263,21738,601,2025-09-08
7d296f5b,56800,447,2025-09-23
a482ec70,65239,753,2025-09-08
8eeae8e2,80154,288,2025-09-16
e5cd0148,80994,40,2025-09-27
f1015cf2,21724,371,2025-09-10
f5b5018d,53521,732,2025-09-01
df2f0606,37363,541,2025-09-08
8c597536,98726,851,2025-08-31
7d840d45,91822,740,2025-09-21
270a502e,10696,237,2025-09-17
4385c7fc,60681,282,2025-09-07
afef99b0,95707,163,2025-09-07
5e6d7c57,29304,313,2025-09-27
abb36904,23646,877,2025-09-24
962d78b8,61478,840,2025-09-29
6e888b33,14390,799,2025-09-04
9923ea13,32532,828,2025-09-29
5d0ed6ea,21381,854,2025-09-17
662b6a76,13917,27,2025-09-21
5dc95e77,97412,411,2025-09-05
078267b0,52216,435,2025-09-19
78520c54,26780,312,2025-09-09
6354089d,33938,571,2025-09-06
e420a966,80080,255,2025-09-20
cc9ca6d7,63714,627,2025-09-04
641dfb78,65792,983,2025-09-22
4abf1020,36783,503,2025-09-24
471e4ca7,29885,4,2025-09-10
9a1487b5,63629,794,2025-09-17
20a0c004,79866,364,2025-08-31
21c830cc,42677,163,2025-09-21
1b3782e9,20474,270,2025-09-09
4034d130,21384,26,2025-09-23
8530e991,49804,351,2025-09-04
c0ce0f08,94758,893,2025-09-08
fdd126f6,27787,251,2025-09-09
8f8584c0,57303,353,2025-09-06
eb295de0,21200,327,2025-09-24
31b2012c,93065,472,2025-09-26
1e1002f8,60365,925,2025-09-15
f5243f41,75777,627,2025-09-06
9044c843,45559,830,2025-09-22
45253669,82661,679,2025-09-28
135fb580,67250,934,2025-09-23
dae4f9c4,83713,557,2025-09-20
dfb12572,91594,646,2025-09-29
27350dc2,23846,47,2025-09-28
ee6ee1be,92169,840,2025-09-02
3687f597,91382,426,2025-09-24
852fd758,59023,809,2025-09-27
23239f86,93221,667,2025-09-07
d93b7d32,23646,812,2025-09-25
d2660461,70108,395,2025-09-07
ad93084c,29258,769,2025-09-16
0c76de4a,26244,724,2025-09-07
06bc58de,42299,64,2025-09-02
a88759b5,74569,434,2025-09-16
a0436e26,98847,938,2025-09-03
333eefd2,27254,519,2025-09-26
2d0901c0,15568,964,2025-09-10
fd841e01,50798,464,2025-09-05
2f935cbc,28562,844,2025-09-24
4ab01cb3,47511,456,2025-09-17
5d36080d,26761,243,2025-09-18
d248b97d,95400,146,2025-09-01
ec1053dd,53920,474,2025-09-01
68720182,57412,153,2025-08-31
a5700e62,21551,519,2025-09-11
bf6b603e,80188,292,2025-08-31
113beaac,48685,273,2025-09-28
fce3cbb8,63651,103,2025-09-17
acf85a51,57120,152,2025-09-26
a28f3d8a,33519,343,2025-09-14
c7971c10,80570,365,2025-09-16
b199ddef,10409,351,2025-09-27
fc652db9,20388,126,2025-09-09
1ddc8d1e,98054,973,2025-09-22
f5a2b7c3,35027,335,2025-09-28
54585f0f,84296,247,2025-09-23
267e9820,86931,249,2025-09-10
6c5078a4,12114,881,2025-09-24
b3896c6f,46260,432,2025-09-11
0784c0ac,46923,236,2025-09-17
86e3c6ee,43070,342,2025-09-20
bd6d5194,23264,320,2025-09-07
2ea83c80,17309,296,2025-09-26
7eaa7dda,38789,880,2025-09-17
71bbade9,31502,383,2025-09-15
1cf1590f,18163,858,2025-09-17
3034b0e2,96448,208,2025-09-12
737030da,37419,747,2025-09-23
d86cbd75,68511,403,2025-09-30
70a7ce62,82244,763,2025-09-26
6a48927c,40341,388,2025-09-24
b0a6e1a5,26667,913,2025-09-09
00dfeb95,39146,569,2025-09-07
cdba6994,46461,901,2025-09-15
20a88b03,15953,85,2025-09-02
bc372206,66655,85,2025-09-23
18ef51ee,66902,761,2025-09-16
f307b445,95004,590,2025-09-06
79566ab6,97813,612,2025-09-21
9c602057,44541,867,2025-08-31
287767ad,28658,410,2025-09-23
fe00f7ff,50340,890,2025-09-30
2f65eed8,10892,113,2025-09-16
f9555728,64885,452,2025-09-12
2ce3a02b,27094,924,2025-09-13
25b53931,84226,497,2025-09-06
9b5b4fe1,66680,400,2025-09-02
a705cdc4,93673,78,2025-09-27
f786e373,57611,347,2025-09-20
536888e6,46382,143,2025-09-04
101c40f8,47383,809,2025-09-25
278c88af,75516,444,2025-09-15
042f3aa7,55132,715,2025-09-05
37b774dd,85619,820,2025-09-21
fb3909f8,38781,181,2025-09-24
943f148d,56471,362,2025-09-12
19e1c127,54321,946,2025-09-07
c415ecd9,10356,593,2025-09-01
6bd2ac35,96972,224,2025-09-17
33db09f7,25392,130,2025-09-08
b5a639d9,82673,962,2025-09-19
c1408bdd,94506,560,2025-09-18
9b3b2e77,37816,680,2025-09-27
08951d7a,73476,266,2025-09-22
febbbac9,52331,133,2025-09-08
5c438ff1,78745,914,2025-09-27
ce44dbcd,84390,229,2025-09-15
f88bdafd,26732,694,2025-09-25
acf62e2a,80921,823,2025-08-31
14f34ec4,35561,39,2025-09-02
37ce6ff0,52020,280,2025-09-02
9dd6b13d,32185,707,2025-09-23
a5fc610f,99005,65,2025-09-13
5b10fb49,55198,807,2025-09-03
02bc82b0,24638,277,2025-09-02
b2614b09,98560,411,2025-09-04
72599052,27481,747,2025-09-23
49ee64a9,88370,18,2025-09-17
63d9f8f7,69386,532,2025-09-14
dab704e3,26719,227,2025-09-08
8e6cf822,92565,869,2025-09-07
bd6ed49f,31434,601,2025-09-21
eaf6cb2c,86497,161,2025-09-26
b87c3fd3,29749,942,2025-09-28
e5ac562f,81736,234,2025-09-12
80cac0bb,42261,615,2025-09-15
265dea66,45921,736,2025-09-30
866791b7,65796,612,2025-08-31
99777f9c,57387,75,2025-09-10
41826548,24625,21,2025-09-03
d73524b5,64625,109,2025-09-14
760ed5dd,47121,983,2025-09-05
c0659861,75401,295,2025-09-03
4271875b,69987,656,2025-09-09
bec062ce,74195,909,2025-09-06
663b2bfb,17606,3,2025-09-15
56a1741d,54499,332,2025-09-13
51fbb9dd,12427,325,2025-09-19
c35b2c1b,89915,369,2025-09-19
056cd088,68124,791,2025-09-14
a4bc1a22,45537,440,2025-09-08
432e3203,47198,91,2025-09-13
60b11e18,88044,586,2025-09-09
8b0c99f7,48323,77,2025-09-03
87744a4c,66009,450,2025-09-27
aa1d05c9,66567,363,2025-09-11
0f327ed4,15557,594,2025-09-27
34d762ca,70977,834,2025-09-06
0613af46,31590,357,2025-09-22
f0269b34,91606,748,2025-09-01
ce57cb2a,62033,946,2025-09-03
bca1bab9,73296,801,2025-09-19
63673752,62498,366,2025-09-27
e416ae8a,47383,464,2025-09-16
52996c33,13188,702,2025-09-05
c88395bb,37811,222,2025-09-25
2ed3ac1e,39507,462,2025-08-31
ce73f743,31767,617,2025-09-27
083a1a5f,29917,676,2025-09-20
6b75625f,38523,715,2025-09-17
26b23e9e,52537,932,2025-09-03
d62f0698,11776,224,2025-09-08
3efd2f24,73623,855,2025-09-13
b0f8c37c,11544,47,2025-09-20
70f782e7,89690,737,2025-09-25
f6dfff0b,25998,165,2025-09-18
cae0cce8,84349,994,2025-09-17
2cf74f4f,14198,169,2025-09-16
a9445fc5,73166,399,2025-09-06
cd962398,65133,82,2025-09-05
72ad646a,36868,766,2025-09-26
906e1bcb,46968,366,2025-09-30
f7b0ce0e,61938,361,2025-09-24
1d9356cd,66765,920,2025-09-20
33c87a5e,45317,251,2025-09-26
a0a51356,39551,842,2025-09-24
03075c16,27613,173,2025-09-25
7f84eb3a,74942,739,2025-09-01
cb3e9587,79934,509,2025-09-13
b4a74fd5,38669,916,2025-09-06
1baa66ec,94850,681,2025-09-21
8d4afd2f,91595,479,2025-09-14
11caa507,36214,997,2025-09-13
dd62ee0c,45469,702,2025-09-01
7d97abd7,38463,925,2025-09-04
ed12fe72,84629,551,2025-09-17
1fac13ea,91800,164,2025-09-26
404c0bc2,13642,857,2025-09-16
3c320502,98732,886,2025-09-30
eb2749b5,27754,86,2025-09-03
750a0484,71208,508,2025-09-09
db53b3a0,11965,986,2025-09-20
b3d88a6d,73930,184,2025-09-03
ea41d3a4,97159,634,2025-09-03
73683e31,89222,56,2025-09-16
1b3a87ac,88157,559,2025-09-17
c7402717,27694,724,2025-09-27
36c2a3a2,44943,336,2025-09-24
498ef59e,50060,840,2025-09-05
c8bbd8bd,39921,245,2025-08-31
ebcc08dc,99944,508,2025-09-07
84d19241,48198,701,2025-09-18
b5112381,55736,328,2025-09-10
d959291c,95244,66,2025-09-12
3d366380,88349,20,2025-09-17
f240f9b5,83184,879,2025-09-10
2e21e3c3,61213,499,2025-09-17
7b190885,98524,278,2025-09-21
cc7ec097,36246,447,2025-09-06
fe96db21,93691,292,2025-09-08
0e63754f,19655,753,2025-09-14
e314dc10,89787,534,2025-09-28
4fac5be9,42929,480,2025-09-17
97db52f8,23666,920,2025-09-10
f33a448c,27180,621,2025-09-14
ded888f5,23254,961,2025-09-21
d48ab77c,44259,89,2025-09-15
6b88defc,77229,590,2025-08-31
c51dc210,95639,546,2025-09-25
a8315951,68347,205,2025-09-25
55ec260e,27226,761,2025-09-30
b5bcf38a,26937,588,2025-09-27
8f116177,67141,691,2025-09-13
d0fd6181,49192,546,2025-09-25
8a2bf238,80650,604,2025-09-08
a3c6b500,41696,850,2025-08-31
7411aeff,98531,500,2025-09-04
11ca1425,11191,154,2025-09-03
e370131b,93011,393,2025-09-13
7e0edd4d,87867,500,2025-09-19
519f5188,30006,241,2025-09-13
45950c5f,54558,730,2025-09-12
491199f7,78411,380,2025-09-08
5cbaafec,92247,876,2025-09-14
59bef4df,35634,673,2025-09-15
6df7009f,18437,749,2025-09-03
703c1181,66522,68,2025-09-08
b49ce9aa,94760,750,2025-09-09
35c10572,79841,361,2025-09-08
3a79dc1e,76638,32,2025-09-06
54534fae,24226,474,2025-09-05
6b6ca6c3,73073,582,2025-09-30
710a1646,85719,86,2025-09-18
bbb9cc79,28773,407,2025-09-26
ecf84c0a,83392,649,2025-09-06
9be98dfa,58331,29,2025-09-05
61380cf2,26225,995,2025-09-08
a39004ca,23452,878,2025-09-26
2ba0998d,67120,468,2025-09-27
f8bb720f,83881,98,2025-09-23
5f7bfe07,38397,450,2025-09-08
425f65f0,35937,465,2025-09-06
1174392e,26791,821,2025-09-28
1676509f,48509,975,2025-09-27
c3eeadd5,74225,340,2025-09-23
d66f08b2,21397,931,2025-09-08
2459260a,66401,73,2025-09-30
45a012b7,12908,44,2025-09-06
f51088a1,55750,185,2025-09-11
b85f96ed,34069,827,2025-09-08
4ba252e9,74025,158,2025-09-28
62e2ee90,92029,520,2025-09-16
e08743b3,78821,811,2025-08-31
3b16d525,14824,115,2025-09-17
78f1f576,10928,724,2025-08-31
176f3dc2,72577,951,2025-09-28
08a0dd11,21041,207,2025-09-06
a127ec8d,96757,887,2025-09-24
688ad602,17957,857,2025-09-14
ca10a157,51550,222,2025-09-12
dcb82dec,42521,176,2025-09-26
5f452d13,28070,750,2025-09-11
07d6bb01,57031,427,2025-09-25
ca4b43dc,97081,558,2025-09-22
8fca7ad5,84985,708,2025-09-07
0c30d272,85835,345,2025-09-17
1a136fd0,83418,456,2025-08-31
40de24c7,34687,992,2025-09-05
e5bee11a,50495,722,2025-09-14
48b722e9,19259,849,2025-09-03
185369e2,33435,805,2025-09-17
3a509670,56906,931,2025-09-07
cf73fb3b,24374,346,2025-09-12
ceb3b140,86960,209,2025-09-10
d95d150e,50807,407,2025-09-04
b6cc1f68,54518,617,2025-09-20
5385b316,97426,932,2025-09-08
7fe0360f,67603,896,2025-09-01
e330d3a0,23277,209,2025-09-30
4314acbf,15290,232,2025-09-08
c72de11e,21677,461,2025-09-15
88be6777,53534,589,2025-09-25
fc353c13,58631,472,2025-09-28
954ab134,29573,746,2025-09-14
340c7c73,11432,958,2025-09-03
bbdc678f,54572,109,2025-09-29
87446441,55355,669,2025-09-10
3665dfa0,68077,118,2025-09-30
95d8f959,44996,390,2025-09-21
d3f38d6b,84383,584,2025-08-31
210d2faf,20687,844,2025-08-31
11b15582,54349,731,2025-09-08
a0fa5811,99963,310,2025-09-20
46f527f7,12393,633,2025-09-03
badc2b21,82911,111,2025-09-12
b29074c3,58933,981,2025-09-07
8be703c8,20482,795,2025-09-09
ae52e8d4,31115,116,2025-09-23
4e43e79b,14443,599,2025-09-05
43b05448,49408,713,2025-09-04
ea3b9706,35277,208,2025-09-09
0d057314,76833,811,2025-09-30
8a454bee,58851,881,2025-09-30
e375f24c,24031,831,2025-09-18
9eefa39e,10956,880,2025-09-29
41dd9af6,73199,362,2025-09-06
f0de3926,30917,132,2025-09-03
2fa128e0,65910,484,2025-09-22
2a98f66e,54752,692,2025-09-24
4a2921f7,23397,56,2025-09-15
2920868e,62276,30,2025-09-29
027a5606,49826,435,2025-09-30
bf933be7,46256,761,2025-09-13
752133b0,98985,260,2025-09-03
82762491,28819,112,2025-09-01
898806c5,60236,167,2025-09-12
a7cd0afb,98213,6,2025-09-20
f6957d26,30688,187,2025-09-05
51abc1c5,64411,67,2025-09-06
113c806d,36960,570,2025-09-05
3635e56b,61463,774,2025-09-10
233df21e,66911,853,2025-09-22
0375401d,40459,409,2025-09-07
7a109182,32707,364,2025-09-13
53172df7,15085,386,2025-09-15
1caf885c,90079,518,2025-09-29
6899e82e,15767,410,2025-09-20
db4fdd64,69457,733,2025-09-06
46fff698,39713,461,2025-09-30
e67cb9da,33792,147,2025-09-23
707d8837,39563,776,2025-09-27
ba8191a3,30416,722,2025-09-23
3afeaab1,18114,173,2025-09-24
e3a05816,80828,909,2025-09-05
b3e9ac7d,16633,150,2025-09-04
60a4e5a3,55779,734,2025-09-01
1947e5de,54887,186,2025-09-25
f76bdf29,87426,493,2025-09-12
4b7e5a28,39115,131,2025-09-23
45440e20,32024,153,2025-09-07
5dae0449,14722,633,2025-09-23
50056bdb,82776,443,2025-09-09
6fdc3988,98601,700,2025-09-13
405bfd97,35636,953,2025-09-27
96fd44f5,49865,190,2025-09-09
87f084fa,81053,67,2025-09-10
ba680a72,81551,345,2025-09-30
3986c210,50607,283,2025-09-01
5a330fa0,40417,668,2025-09-21
36a5d107,97609,618,2025-09-14
dee1cd3c,81459,336,2025-09-25
bf5102d2,12678,690,2025-09-10
562b05f0,34578,494,2025-09-16
14331842,40922,979,2025-09-01
bac3f8d4,49682,914,2025-09-23
a217de49,49568,638,2025-09-02
603a6b97,52482,248,2025-09-15
d724c0c2,30855,641,2025-09-05
0ab08454,52472,455,2025-09-10
6698d126,54221,841,2025-09-11
5b371194,10257,67,2025-09-15
934a06f9,34128,102,2025-09-05
f1752ead,50032,399,2025-09-02
d20f6cb0,18956,999,2025-09-12
a817c7aa,45280,835,2025-09-20
36e9bba8,21009,580,2025-09-16
032e9911,88732,366,2025-09-13
005da19a,87214,429,2025-09-17
16cd811d,66229,903,2025-09-19
6ca0e3d2,60863,889,2025-09-23
e12090d9,30006,714,2025-09-23
2d35de88,90134,717,2025-09-28
80db42be,90439,43,2025-09-04
6aad5c4c,80029,816,2025-09-10
661b5a26,69692,863,2025-09-30
fa24c2ee,93945,912,2025-09-09
14cdbc97,33882,857,2025-09-07
fed59d3e,85047,599,2025-09-17
034aaf8f,10757,613,2025-09-04
c350e2d4,50639,179,2025-09-23
0aedfef7,10636,753,2025-09-16
880bce35,68704,707,2025-09-01
42f1fde0,90768,368,2025-09-15
67061b92,64789,169,2025-09-01
dadd9681,27871,695,2025-09-05
872181c2,59150,796,2025-08-31
032cef4a,77251,856,2025-09-02
3ca82ad6,35260,271,2025-09-24
f73a8ec4,51864,311,2025-09-14
9c53b64c,61501,381,2025-09-02
ba6be1e7,75581,262,2025-09-20
56788ad6,30909,440,2025-09-09
e273bcb4,80164,472,2025-09-03
15d22999,99895,924,2025-09-02
82deeb84,84019,684,2025-09-04
26e4a29b,55707,210,2025-09-05
0524cadf,71633,201,2025-09-21
180bddf6,58661,929,2025-09-27
cd72a87e,60343,843,2025-09-08
790587a6,11766,615,2025-08-31
402ddcbe,22421,628,2025-09-12
a91205a2,54859,413,2025-09-13
7df46b44,67611,27,2025-09-12
b33761f7,70577,254,2025-09-02
8c752406,82222,731,2025-09-15
ae1e2310,54415,526,2025-09-10
b27e4f8b,64650,572,2025-09-22
a55d7d89,49607,200,2025-09-01
5576286d,12185,983,2025-09-09
de04a68b,41037,810,2025-09-07
33bec271,57988,177,2025-09-20
99686153,66442,947,2025-09-07
d5466389,78589,507,2025-09-14
fc4018b5,29869,157,2025-09-03
a4b7d365,43184,151,2025-09-29
aa345de6,57017,784,2025-09-15
a943bb25,92118,793,2025-09-28
d0595e15,29999,534,2025-09-22
c16da4f8,94691,181,2025-09-22
88eadfcd,31608,677,2025-09-09
d0b681b1,58560,63,2025-09-07
9eb38cbf,45130,120,2025-09-01
99a166ff,52316,710,2025-09-18
936068ac,53124,566,2025-09-06
0b3d08e8,30263,196,2025-09-14
8f3bce21,35376,12,2025-09-15
1ea64bab,86736,589,2025-08-31
592e47a3,53922,509,2025-09-01
79daaca0,25979,257,2025-08-31
953679b0,24728,235,2025-09-21
d67915dc,99937,811,2025-09-23
742b8d03,96221,389,2025-09-28
bc3ae6ba,81959,630,2025-09-07
214f94c8,48084,441,2025-09-02
1f9107f6,81427,144,2025-09-25
58fb60ee,74652,124,2025-09-23
64d894a9,33460,682,2025-09-26
5b8db73e,22747,404,2025-09-08
8595235f,88749,496,2025-09-13
1d2e8035,73274,152,2025-09-14
29bb2ff5,72068,276,2025-09-27
464eff5d,38371,198,2025-09-03
a76751d7,40271,739,2025-09-29
b4afd135,14067,269,2025-09-17
39260589,68280,601,2025-09-28
397afd37,13540,851,2025-09-10
58bbb5b3,12309,133,2025-09-10
28ab232a,40509,775,2025-09-03
437b24e3,24920,151,2025-09-08
70537fcf,40145,728,2025-09-13
4c6dc265,65528,990,2025-09-02
4c2432a8,29684,548,2025-09-14
c3d12662,94557,181,2025-09-25
0d07b856,57508,567,2025-09-15
e1af2e76,15047,254,2025-09-21
aaeb7196,44063,127,2025-09-02
18296168,49578,813,2025-09-03
6472d461,46406,981,2025-09-06
6c999fb0,79924,331,2025-09-13
bdbf5cad,16443,862,2025-09-04
2f0fcfed,28229,324,2025-09-09
530cf956,80142,184,2025-09-30
e120b16d,45936,53,2025-09-24
77d50a29,55511,288,2025-09-06
e11b3878,32263,143,2025-09-04
7eebf090,44263,318,2025-09-13
70128257,41901,687,2025-09-20
c491c7f6,93294,349,2025-09-22
319fc21b,28411,162,2025-09-22
61684db5,63417,973,2025-09-17
a4d4a6fd,81587,149,2025-09-15
1a836c43,88710,758,2025-09-29
947a403d,16574,130,2025-08-31
8c096269,75837,794,2025-09-22
76abd8e9,69350,510,2025-09-30
907f76af,73588,292,2025-09-29
44934517,23483,907,2025-09-23
40082068,27084,798,2025-09-02
ab97a27f,54214,304,2025-09-05
35741daa,33682,213,2025-09-01
73018025,69096,307,2025-09-13
0c0b5a86,81386,138,2025-09-24
ee534849,53670,501,2025-09-13
5e4ac052,77035,245,2025-09-28
2f85c341,13868,846,2025-09-19
dda76505,76919,953,2025-09-29
e1a77718,77108,124,2025-09-08
cf5d5791,37272,106,2025-09-08
80740025,21984,558,2025-09-07
574b4c24,34174,868,2025-09-24
137272c4,78958,103,2025-09-20
4f57f806,93722,446,2025-09-24
6aa8b23f,87462,947,2025-09-27
de3aa0a8,56899,685,2025-09-12
648ffe41,91797,711,2025-09-14
51a2b1fa,43631,163,2025-09-14
2e6a9c40,11259,8,2025-09-08
eb909e21,17582,543,2025-09-01
d5aec73f,86619,635,2025-08-31
e029e891,42259,889,2025-08-31
4c5032f8,34297,457,2025-09-03
872b0f8b,76145,923,2025-09-14
ba816131,20815,984,2025-09-04
c083fbc1,47763,971,2025-09-29
c2933e55,58481,793,2025-09-28
4054e9b3,79697,608,2025-09-05
f2fa2312,24290,377,2025-09-29
339337f4,67404,603,2025-09-11
34bda438,55150,260,2025-09-09
1abe3a96,75002,241,2025-09-15
f8e658f8,99774,784,2025-09-12
3b05e7e4,21399,860,2025-09-10
2a5bf57a,19553,368,2025-09-06
3dfb53a0,76643,499,2025-09-07
2bf78919,45752,123,2025-09-04
efebe6e4,71719,960,2025-09-29
20ebf9d1,30174,617,2025-09-13
d3af4938,11109,253,2025-09-26
3dc482ea,41544,188,2025-09-03
f15cbd68,59235,876,2025-09-23
7cd3b434,98832,998,2025-08-31
3ece5cd4,97059,901,2025-09-30
4f74302d,79468,766,2025-09-25
94c81464,83316,570,2025-09-30
51498b0e,26795,975,2025-09-24
a4b86041,86941,893,2025-09-26
9d157587,35041,407,2025-09-24
04dbf3c3,82492,671,2025-09-02
d611a12d,38822,475,2025-09-10
c2694546,51963,299,2025-09-21
f8e5ae2b,31615,238,2025-09-23
4aef93b9,66960,255,2025-09-29
d0573fce,40589,135,2025-09-13
e40ab80e,61252,609,2025-09-04
b81cbcd8,62738,318,2025-09-26
07e15f16,14103,804,2025-09-07
fc938ba8,55438,808,2025-09-21
63aed002,79898,65,2025-09-14
1047f932,49470,926,2025-09-30
6e66e1c7,17157,581,2025-09-04
7bbbf70a,91691,760,2025-09-18
0b2e6312,49925,705,2025-09-21
213f52e0,22575,736,2025-09-17
4dd8726e,94758,365,2025-09-20
1fab2569,67764,912,2025-09-16
ebac6507,98745,31,2025-09-28
8519df26,24413,145,2025-09-13
a0dd6604,65015,736,2025-09-19
85fd58db,24858,268,2025-09-12
1fb1c4a9,18952,280,2025-09-06
c6528ef4,75263,308,2025-09-26
f2340ec9,55337,611,2025-09-19
7858214a,71009,917,2025-09-15
08923de7,58050,183,2025-09-03
b818549e,61603,294,2025-09-26
995e2d9a,37093,414,2025-09-12
0760e1c9,98821,190,2025-09-26
c0679e56,65402,390,2025-09-17
ddd394f7,49821,412,2025-09-17
e6f8060b,98974,344,2025-09-02
00872c07,62447,364,2025-09-17
7c24c803,67041,161,2025-09-06
97906959,26112,336,2025-09-11
3406bf5e,97865,117,2025-09-02
b8165f47,73686,112,2025-08-31
808250dd,33335,581,2025-09-25
d6590894,11177,570,2025-09-23
0114b46d,77335,395,2025-09-11
b64716c9,10801,437,2025-09-14
cb74f9f0,65761,298,2025-09-16
bf3428d6,68025,202,2025-09-24
9197d302,12943,849,2025-09-16
ce2430f3,82386,807,2025-09-03
47ad064a,68883,971,2025-09-17
96007cfe,31905,554,2025-09-14
ad92b3db,54836,749,2025-09-07
4800c741,12976,593,2025-09-16
aeefbfdc,64484,754,2025-08-31
80c99e34,61016,527,2025-09-02
5e142254,75311,58,2025-09-17
6ade8974,38054,414,2025-09-01
d62a30a8,43594,673,2025-09-09
73cdc67c,79372,667,2025-09-14
c7bb1774,72839,987,2025-09-28
5bd7f062,12737,727,2025-09-02
d883aed4,43855,438,2025-09-21
0954e712,58331,496,2025-09-14
06f74b3e,17645,17,2025-09-24
82eba7bb,16163,866,2025-09-01
abb6a1af,32167,404,2025-09-13
329f64a2,13585,396,2025-09-22
dbf10a98,79162,950,2025-09-27
b02ce601,72570,303,2025-09-15
2665c398,36040,706,2025-09-19
f1e6e507,96921,174,2025-09-10
d67bd67f,22122,896,2025-09-11
6d13e6e4,86897,193,2025-09-08
0d407265,14016,352,2025-09-17
62ec4d6c,23622,400,2025-09-24
b0651bc2,38668,598,2025-09-17
1e936e17,42871,176,2025-09-22
680f134f,63097,996,2025-09-04
afc51bd0,77230,815,2025-09-26
1e75d3de,87305,899,2025-09-14
42b7b9e5,78211,606,2025-09-21
8f93fe09,57378,685,2025-09-15
4e286d09,61019,189,2025-09-06
1fd027e5,10129,379,2025-09-15
7fa89758,55802,77,2025-09-22
27b6cf05,61842,253,2025-08-31
7f31dd8e,10015,48,2025-09-08
2ef7ef66,90725,574,2025-09-16
4e4b9457,50944,853,2025-09-27
0df1fa09,23508,116,2025-09-29
c0737182,68542,96,2025-09-13
ed72e17a,36938,244,2025-09-27
49b7c794,16451,891,2025-09-21
9d499034,52146,245,2025-09-28
2726fcfb,49782,73,2025-09-21
eeaf4a1b,50152,605,2025-09-04
068cff1f,65204,845,2025-09-26
cc676a4e,68890,961,2025-09-09
96442f59,40880,882,2025-09-09
d4b0fcc8,39432,951,2025-09-16
fecd627b,37430,216,2025-09-26
b37a7384,53781,914,2025-09-22
eec3ec7e,75692,837,2025-09-11
bdfb6a28,58098,598,2025-09-11
1df8f840,66117,520,2025-09-15
f0fd8317,80152,122,2025-09-27
57ff213b,96476,516,2025-09-01
11b68adc,60239,567,2025-09-17
240984a1,86539,762,2025-08-31
8c622df2,47007,363,2025-09-02
d55478c2,73592,75,2025-09-01
0c0bb92f,10924,140,2025-09-09
017958f8,40417,820,2025-09-27
b4d2736e,53895,433,2025-09-06
daf9fd77,50573,992,2025-09-01
47212ec2,69671,335,2025-09-05
fd78000b,39543,160,2025-09-02
f26d5f4b,40727,310,2025-09-17
3f481899,21836,975,2025-09-26
d3d65a37,81847,616,2025-09-08
4cbf4e5c,28551,456,2025-09-17
0eb96f37,48060,672,2025-09-01
f808e937,55371,840,2025-09-11
874bedff,67355,579,2025-09-24
c55e6c5d,16023,389,2025-09-20
2e575e98,24072,209,2025-09-26
32b74b8a,10450,145,2025-09-28
11e4cafa,41522,54,2025-09-29
03f6a437,99809,532,2025-09-23
fb480f50,87086,997,2025-09-20
70bcc532,85767,401,2025-09-03
0f6f5d68,16656,355,2025-09-05
c6dfe2f4,89230,830,2025-09-27
73ccfbfe,96098,40,2025-09-04
7ae08018,98605,426,2025-09-27
c72496b7,36355,457,2025-09-19
89099fc8,89434,595,2025-09-14
98caefeb,69517,33,2025-09-17
50d2e05a,24395,613,2025-09-28
00784d9e,29449,623,2025-09-11
ce82d76a,13174,498,2025-09-14
8fb7dca4,22572,549,2025-09-28
205e78cf,59874,326,2025-09-22
4e71f82e,23868,133,2025-09-19
cb5edb25,72209,65,2025-09-19
e70fd81a,98994,105,2025-09-17
12fcb5d0,70746,103,2025-09-05
e440b523,43873,67,2025-09-20
64f3e316,28185,149,2025-09-12
4027de6f,77516,476,2025-09-10
e8e3ee2b,96320,410,2025-09-23
d6b72f9f,24364,354,2025-09-01
ae04ffd6,71147,95,2025-09-28
93c3126d,85146,960,2025-09-29
b733677a,44115,767,2025-09-26
1c4f7a02,35866,84,2025-09-09
62fd50b3,74700,265,2025-08-31
b09013a0,13749,437,2025-09-04
266d3060,41553,103,2025-09-17
b60973ff,42008,454,2025-09-30
840ba5ff,68839,846,2025-09-13
34bbc071,38878,372,2025-09-03
3661dffc,90540,905,2025-09-05
bce9f733,37975,283,2025-09-07
46134802,95529,614,2025-09-08
ccd2ced0,57252,765,2025-09-10
c36972a9,50811,456,2025-09-22
c36e6028,53411,222,2025-09-28
425d38d8,34976,210,2025-09-17
db69eded,17305,36,2025-09-14
641731ad,93773,847,2025-09-02
9988a91f,36517,773,2025-08-31
088a5880,90065,46,2025-09-23
36f6654c,36379,600,2025-09-28
90159491,31317,808,2025-09-17
dfc9c66b,76802,742,2025-09-19
c58e86fc,68810,156,2025-09-02
b7884cb7,28180,125,2025-09-05
9d7631f6,31205,596,2025-09-03
cbbdc9ab,32454,742,2025-09-24
b93ff9b2,18720,877,2025-09-27
0464fef4,64338,651,2025-09-04
a71dbdfd,39726,218,2025-09-28
bc1750f1,98306,288,2025-09-11
86197a88,57326,852,2025-09-17
bc48ba98,43641,409,2025-09-04
8371f579,60725,34,2025-09-03
df5d1d1a,85990,652,2025-09-11
1e738764,85473,774,2025-09-04
866a4326,36429,829,2025-09-17
2139e9e5,95540,402,2025-09-05
76ba51e3,31833,553,2025-09-25
26a83693,49233,117,2025-09-26
a49812a0,79375,508,2025-08-31
f17b2aab,53014,981,2025-09-15
ee68a13e,66652,460,2025-08-31
3b692ed0,72289,282,2025-09-09
b6cf90c7,87876,112,2025-09-19
0d947418,27048,223,2025-09-11
ac170092,90408,305,2025-09-24
b05dbce1,50773,401,2025-09-23
c3c0094b,96850,653,2025-09-01
1516e761,86564,303,2025-09-12
e9fa127b,18997,44,2025-09-10
d6689dd0,33408,998,2025-09-01
a930b615,52423,285,2025-09-03
44c03ee4,22259,392,2025-09-20
b85968e8,96027,351,2025-09-03
6921fd25,57785,441,2025-09-01
2e86a438,54423,218,2025-09-15
b85c5a63,78462,363,2025-09-26
592c9155,92562,140,2025-09-29
610d9d76,98750,892,2025-09-17
70034dad,21979,48,2025-08-31
19bc3495,79029,88,2025-08-31
1c3c9000,21799,804,2025-09-12
4028cecc,77662,149,2025-09-10
b2170b46,17901,133,2025-09-15
1a8d35f8,45616,18,2025-09-01
42b66161,42867,108,2025-09-21
0c11bbc7,45459,765,2025-09-19
fd3ae01c,70508,700,2025-09-01
c0dba08a,10796,933,2025-09-03
b2704bab,36721,996,2025-09-30
c697c42b,67889,369,2025-09-29
80dc5aef,13795,440,2025-09-24
74f26937,45781,889,2025-09-03
63313e4f,32775,306,2025-09-01
33b19d29,83451,373,2025-09-15
a3a482dd,91475,573,2025-09-21
264b4b31,36064,74,2025-09-10
76f857e2,43209,88,2025-09-07
82865a29,25634,98,2025-09-26
ce6dc30f,18559,415,2025-09-07
39c8b43d,22924,422,2025-09-17
0d3ed7c1,40685,332,2025-09-21
d0e1bb1e,24262,231,2025-09-18
45a4773d,23442,122,2025-09-28
f1cb574c,54301,482,2025-09-30
9ad17482,74593,111,2025-09-25
4f1218e9,25646,23,2025-09-10
eb4ba9cd,33617,793,2025-09-17
28888817,42317,335,2025-09-09
c33233af,54470,257,2025-09-08
46989191,62357,587,2025-09-02
7b0c2d69,54465,936,2025-08-31
6b0937ff,94849,199,2025-09-08
863f6ce1,42764,588,2025-09-25
bf224b7b,69275,151,2025-09-19
0065fddb,97584,794,2025-09-28
34585f50,13575,706,2025-09-06
75967215,42211,435,2025-09-14
6f42f0fe,16713,269,2025-08-31
3357974e,57987,328,2025-09-11
da04c63a,21640,732,2025-09-16
a0615654,28901,605,2025-09-20
08fec256,33978,747,2025-09-02
968f13d6,18389,303,2025-09-28
8cf5ddd7,42606,272,2025-09-14
ad1f5851,14266,803,2025-09-13
d07ed707,25228,30,2025-09-25
ceda874f,59971,979,2025-09-28
913def23,75129,304,2025-09-27
170c43df,64528,398,2025-09-07
ec83ecf3,99283,815,2025-09-03
c10e7aa1,38276,468,2025-09-29
41affe8a,54235,293,2025-09-24
d188d3b1,88158,820,2025-09-14
dcf65aa4,92627,78,2025-09-20
4a733125,56415,699,2025-09-09
82616d67,25921,458,2025-09-27
edc4bc1d,64716,568,2025-09-06
5a4db989,24716,228,2025-09-27
1e78e150,19534,798,2025-09-14
ef9152a1,93887,930,2025-09-25
b8124eb5,80616,54,2025-09-03
02fb7630,66660,253,2025-09-18
16f1e32a,55760,143,2025-09-23
4f8fab3c,93469,653,2025-09-22
4216bbc4,49212,179,2025-09-30
5b6911f8,97631,321,2025-09-11
af6522a5,33260,341,2025-09-09
0a559bd7,50452,704,2025-09-26
8c920d8a,77939,577,2025-09-06
a842e6df,22496,359,2025-09-20
e6d2f5b8,14079,415,2025-09-08
d5827ea5,41953,560,2025-09-18
12009648,72415,805,2025-09-02
4bdf0c09,40579,619,2025-09-18
193762f9,12680,799,2025-09-26
93b571bd,20596,413,2025-09-10
efd42058,19790,292,2025-09-01
2994e735,28378,129,2025-09-29
bcc79edd,48982,57,2025-09-11
731b1b03,49347,167,2025-09-04
894f348f,14542,893,2025-09-04
77b6ddc6,59150,300,2025-09-06
3772de78,14493,968,2025-09-12
fac8c707,62496,52,2025-09-23
c1a95e1a,10218,352,2025-09-05
75b66a36,95400,901,2025-09-12
797fbe6a,23358,522,2025-09-27
c4d7fba4,25737,498,2025-09-01
6e9ffd81,26591,827,2025-09-05
e28e897b,59967,435,2025-08-31
3fca9e8e,75946,119,2025-09-28
e228948d,45675,881,2025-09-29
f6bd4ca5,23016,624,2025-09-19
3c15a68f,89118,913,2025-09-27
9e7e5cd1,66431,488,2025-09-05
7a81ada2,78218,151,2025-09-16
b5d4838f,22894,318,2025-09-27
f19bb37a,94117,294,2025-08-31
07820e43,73405,935,2025-09-17
f235514a,17134,864,2025-09-25
e2a073a2,25561,924,2025-09-12
e2c51c58,95212,358,2025-09-08
6d6ad746,93996,449,2025-09-12
c0cb229e,65072,822,2025-09-18
394aeab0,76698,755,2025-09-16
d880b1fd,11070,677,2025-09-02
36661a30,59662,120,2025-09-25
2d74937f,46182,28,2025-09-25
563d4bb0,14082,514,2025-09-26
c5bbffd5,61115,781,2025-09-26
0c3f95c6,94940,958,2025-09-26
369c2efa,32040,982,2025-09-28
bc124030,26552,699,2025-09-06
b23765a9,76048,1,2025-09-01
70fad4a5,96782,203,2025-09-22
582bb814,25984,285,2025-08-31
ce680fbf,92999,7,2025-09-20
63da6081,50130,885,2025-09-14
499a74cd,25311,445,2025-09-21
52624ed0,49432,147,2025-09-03
dcaf4cca,52094,172,2025-09-19
0cb85a76,83039,697,2025-09-09
bbaef61f,34444,807,2025-09-15
4b7bd082,61320,201,2025-09-23
5163facd,90093,641,2025-09-02
70084f7f,47812,892,2025-09-21
3a50ef17,61939,78,2025-09-01
157e6367,50911,59,2025-09-14
2e0f3209,19683,184,2025-09-28
be631e6a,70859,543,2025-09-30
f5bd87e3,81188,139,2025-09-14
42b0ac01,29935,266,2025-09-07
2b89c23e,29357,55,2025-09-23
1b8b7ef8,42535,355,2025-09-28
c81cbb72,51015,128,2025-09-16
fe8ecf0d,16275,202,2025-09-24
7bd982a5,13893,926,2025-09-20
cded73c7,71255,109,2025-09-27
c5f83448,19721,666,2025-09-08
22bb13d6,71461,439,2025-09-06
7051ce42,17235,642,2025-09-17
af4a7c43,78618,943,2025-09-29
14de3589,24034,344,2025-09-05
f1dff19a,17484,999,2025-09-27
6873875f,45774,731,2025-09-23
382b63e8,34473,203,2025-09-01
55e1e570,73353,918,2025-09-13
eb598fbf,86346,320,2025-09-15
ccf4c27f,18466,666,2025-09-02
ef7ee1d6,72097,783,2025-09-28
37ce65e5,61784,64,2025-09-06
50ca87dd,67342,97,2025-09-27
f2109216,92931,370,2025-08-31
2a0c2999,69058,79,2025-09-01
417b1e6a,89046,682,2025-09-04
4ce1a86e,46969,204,2025-09-22
c88e7252,28491,822,2025-09-10
d8dd30fc,90391,253,2025-09-14
c3ff87be,23774,747,2025-09-24
6d047f88,53622,244,2025-09-17
e9d4c2d9,56725,34,2025-09-18
c7c75641,22632,789,2025-09-05
5acc5f24,55240,341,2025-09-06
f7a6c1c1,39736,759,2025-09-22
c4fef883,66384,560,2025-09-12
60dd604c,55014,101,2025-09-03
c62030ce,78543,876,2025-09-21
a853fcec,21165,35,2025-09-05
fde5faaa,39481,408,2025-09-25
f2d0dfa8,54776,256,2025-09-22
c2a1e10f,38775,430,2025-09-27
9dda4670,21886,447,2025-09-27
ab231c8b,40526,35,2025-09-19
1b0449d7,42389,253,2025-09-18
77c03b84,21701,160,2025-09-08
b1628524,93999,121,2025-09-02
c38900a9,81025,308,2025-09-14
e1e93d66,84677,804,2025-09-17
9b7e11c9,14925,824,2025-09-13
a5cdddd5,62048,637,2025-09-27
7ceffa89,66589,458,2025-09-30
b1a64b20,37088,636,2025-09-13
96ef075f,41030,16,2025-09-24
909d8a63,37016,661,2025-09-12
4c52ecf9,73083,777,2025-09-08
130d6659,43686,865,2025-09-16
547b7116,31367,220,2025-09-14
67a0d942,42713,711,2025-09-06
4c81295f,23083,943,2025-09-07
f72205a2,91143,439,2025-09-30
ae91701f,76615,105,2025-09-01
60081038,51808,712,2025-09-20
aaebeada,38189,757,2025-09-21
07f9ee54,50027,581,2025-09-06
833e23a1,19956,255,2025-09-15
6d28113b,39733,646,2025-09-26
8f6c41ea,94552,408,2025-09-29
4c97f0df,65660,300,2025-09-01
01d57f99,98162,964,2025-09-25
78021b15,33654,452,2025-09-23
2dbbeb22,99648,604,2025-09-18
812f7302,15409,828,2025-09-14
8c319a95,48162,44,2025-09-23
331f25f4,61974,74,2025-09-20
ef3b4fb7,52484,932,2025-09-10
78ba1e78,79387,320,2025-09-14
219a3402,94508,665,2025-09-27
7dd8187b,81830,420,2025-09-20
5d843d17,60711,41,2025-09-11
605c1553,94063,619,2025-09-20
96d62921,22795,743,2025-09-04
307e7725,57017,295,2025-09-17
1e22f631,10944,33,2025-08-31
8b0deed5,75618,177,2025-09-06
23e34067,82948,804,2025-09-03
c8e6fc72,70474,130,2025-09-27
aac5ae55,97785,921,2025-09-01
14817932,16948,270,2025-09-27
fb186f62,36009,707,2025-09-09
53eed554,64797,22,2025-09-29
fe517c25,11591,976,2025-08-31
5f6559cc,54433,39,2025-09-21
ede1f4f5,79764,885,2025-09-21
6094e85c,63428,5,2025-09-26
82576d5e,64069,43,2025-08-31
81131615,23237,105,2025-09-01
1e75c69c,53356,643,2025-09-04
27786ce4,47706,689,2025-09-17
9c6433bd,86704,265,2025-09-07
058d4c50,95313,654,2025-09-25
1a03c609,24976,547,2025-09-29
539f9516,27333,671,2025-09-21
1e43e5da,29468,920,2025-09-20
4ddaa3b0,94295,545,2025-09-21
9b2d66ba,44555,807,2025-09-13
3914aaef,35766,194,2025-09-04
5fd19bd5,74145,155,2025-09-01
12b3cea3,89845,172,2025-09-22
baec0e1e,94955,451,2025-09-20
44ba6602,12066,153,2025-09-13
fac191a7,11887,196,2025-09-16
0d5f8682,77115,546,2025-09-18
b06093c3,61553,455,2025-09-22
26916ab5,45050,701,2025-09-30
896e9868,42583,769,2025-09-28
6de35708,31242,461,2025-09-03
c72bcfe8,12543,818,2025-09-26
8a572aa9,72917,816,2025-09-18
82d23230,15634,642,2025-09-15
2c671be3,74250,623,2025-09-07
81203593,52593,894,2025-09-21
246db1e8,24333,452,2025-09-18
62104d04,69036,996,2025-09-12
06b0e68f,20138,173,2025-09-25
1d7c03d9,62667,908,2025-09-16
968adabe,71554,894,2025-09-16
4d54962c,22334,275,2025-09-24
277a9acd,53888,371,2025-09-12
1e97f728,87343,159,2025-09-09
f6563e87,28302,527,2025-09-15
06a076ed,56860,658,2025-09-23
9da3cdb2,72986,504,2025-09-08
d0138c62,77519,514,2025-09-19
f93f0e05,56796,877,2025-09-20
84a4faaa,53429,691,2025-09-14
e1001ebc,83162,800,2025-09-14
e4e3febd,93809,403,2025-09-01
89a34646,15829,728,2025-09-05
3d907f91,39488,954,2025-09-25
f6724cbe,60245,430,2025-09-07
396e407f,59100,948,2025-09-05
93ce1594,56382,611,2025-09-13
76a6e7f8,13212,361,2025-09-16
1c2f01f0,81898,602,2025-09-15
f0d105fe,17408,320,2025-09-29
caae5449,76941,414,2025-09-21
00cd821d,67193,211,2025-09-25
916f2421,29135,508,2025-09-16
be6fa409,90379,554,2025-09-17
aba316d7,60593,344,2025-09-01
95b29baa,58414,553,2025-09-27
e9d3bbcf,39533,942,2025-09-06
81f4c59e,37339,346,2025-09-08
ee6a6842,45511,772,2025-09-14
fbc64c0b,67794,207,2025-08-31
74169e98,60473,396,2025-09-17
98ada767,73692,278,2025-09-07
ded108e5,35591,629,2025-09-24
d1622faa,56713,70,2025-09-22
fe334e86,37584,949,2025-09-12
168651f0,84051,762,2025-09-23
3149a144,84732,774,2025-09-21
37f1f554,17598,750,2025-09-07
97ac6a9e,30297,229,2025-09-16
64f9f90c,23405,404,2025-09-23
af8dd0c7,61925,823,2025-09-01
184fd436,50065,446,2025-09-17
c0c3de25,46635,465,2025-09-29
91b2a055,57882,864,2025-09-07
f321a88e,88072,599,2025-09-16
3a5e1972,75761,583,2025-09-17
cab21fb6,35600,290,2025-09-25
36895008,13055,356,2025-09-17
95f45125,58455,432,2025-09-04
cc5aef7a,53703,478,2025-09-27
9ba93c0a,63794,249,2025-09-07
8dbeb92d,72783,504,2025-09-29
33b139c7,53226,224,2025-09-01
211f2852,84074,968,2025-09-17
ef4e67d1,79348,953,2025-09-23
0cbe57b2,49977,270,2025-09-30
7372467f,39690,951,2025-09-02
b7067c66,27810,789,2025-09-09
d7c84fd8,25194,252,2025-09-24
4b232506,45661,340,2025-09-24
2b1eb4ef,46990,164,2025-09-27
1442cbb0,58222,164,2025-09-17
c467012f,35244,331,2025-09-20
1aae0bff,47663,162,2025-09-05
42f213f0,28153,545,2025-09-03
ab83e50d,56492,973,2025-09-22
25d3a952,37872,943,2025-09-14
2200a7f4,92028,227,2025-09-03
59fbed46,89467,982,2025-09-25
f080daee,33673,720,2025-09-06
ab33c8ae,57559,130,2025-09-18
dd982473,24945,848,2025-09-12
0bd87c7b,62872,220,2025-09-26
b858c97e,91799,28,2025-08-31
087a17f9,28912,214,2025-09-27
fcf83998,18108,3,2025-08-31
16234ffd,68646,496,2025-09-29
2e714411,48736,724,2025-09-25
298878b1,10308,591,2025-09-08
ad43cf30,99818,198,2025-09-17
19023f5c,45942,354,2025-09-20
6c60bed9,41158,737,2025-09-11
2f517f0f,34957,308,2025-09-22
8b438ca9,49863,592,2025-09-14
a9efff38,56445,37,2025-08-31
50d95ffa,31628,987,2025-09-28
81088fa4,64384,574,2025-09-16
0651aed2,43301,825,2025-09-30
0a09bbb8,20744,100,2025-09-15
58bcf240,54286,784,2025-08-31
25710689,68806,209,2025-09-29
6a1af735,22526,93,2025-09-19
11b54cdc,61777,712,2025-09-24
a51fd1d1,92356,989,2025-09-22
26fd956a,24922,842,2025-09-08
6456d587,28340,209,2025-09-12
63fdaf4c,50783,991,2025-09-18
091cdd66,78313,187,2025-09-17
69829d3a,29266,867,2025-09-27
235a7457,28163,657,2025-09-26
7cd16e95,68344,244,2025-09-24
d98e6635,10225,22,2025-09-09
dd798224,89897,859,2025-09-04
be626e3e,26127,4,2025-09-23
84915ed2,61847,543,2025-09-11
1ac24447,70216,823,2025-09-15
033b9c3b,86810,972,2025-09-18
534811ab,86343,875,2025-09-03
d4482549,26284,562,2025-09-12
d819ce4b,64711,263,2025-09-08
2844fd2d,97983,200,2025-09-06
6cff15f6,66067,301,2025-08-31
744c31fa,94466,917,2025-09-24
b01be0cc,94366,937,2025-09-25
93c2bf78,60304,830,2025-08-31
10cc8361,78597,227,2025-09-10
ce4f7add,67275,991,2025-09-09
6712abd2,16841,995,2025-09-15
ec93ad8d,65590,570,2025-09-19
04a3a4cf,94550,183,2025-09-25
63b47e2d,26376,705,2025-09-22
c0bbb8a8,48853,738,2025-09-01
d675bc6d,83310,336,2025-09-07
15069407,43938,411,2025-09-21
226677a7,66250,160,2025-09-09
c67fd6df,31762,351,2025-09-04
4fecfa2e,20819,68,2025-09-19
d9a39e1d,47798,543,2025-09-15
f4b08231,71670,338,2025-09-17
4e3fdc94,29579,443,2025-09-22
2671d021,72105,376,2025-09-08
8be984ac,55882,743,2025-09-01
a32a4d9a,45479,517,2025-09-05
ad1ee987,52659,799,2025-09-13
f4c3c30d,46537,299,2025-09-25
d5baee9a,53297,444,2025-08-31
62a89b79,47393,971,2025-09-11
d177a7e5,18445,951,2025-09-07
e2bd600d,59083,394,2025-09-28
a8fa4010,23091,113,2025-09-04
097837d1,96324,526,2025-09-04
666ec03d,65192,51,2025-09-23
fd43df21,19815,810,2025-09-12
32736130,24129,27,2025-09-30
1f8de598,83158,181,2025-09-27
c52c8a4a,19441,308,2025-09-06
52672017,46578,539,2025-09-23
6e5a470c,92757,299,2025-09-03
3c2acb1f,84968,365,2025-09-23
ed2a5d94,49024,163,2025-09-28
5fa62a6f,75711,588,2025-08-31
6f6e09b2,66552,55,2025-09-25
edc9679f,42690,656,2025-09-10
e6bf4d62,60745,301,2025-09-24
55ab3f92,23749,108,2025-09-09
186fe895,76507,244,2025-09-25
aea64d6e,14606,81,2025-09-22
8ec0c99a,67341,995,2025-09-02
3d82f615,88645,698,2025-09-08
90e514da,90384,552,2025-09-17
776d13f1,21657,790,2025-09-06
74a838c9,21033,206,2025-08-31
a14a3e2a,22028,627,2025-09-30
8ead2abc,78431,815,2025-09-01
049d4cef,69791,780,2025-09-10
c186c6db,76097,1,2025-08-31
d9d73bbc,79964,222,2025-08-31
19b32620,67263,509,2025-09-05
bef1ab1f,44743,555,2025-09-06
76ebaeb2,33120,634,2025-09-22
309e9835,70532,49,2025-09-16
9a367e6a,54832,499,2025-09-22
7b74e1b0,75730,161,2025-09-29
dc780df8,92114,858,2025-09-16
cedc870b,42361,337,2025-09-03
2fe7d3c4,81307,50,2025-09-03
1bd62fac,14622,292,2025-09-24
847e0e0e,79066,989,2025-09-24
630d7ec9,82952,485,2025-09-12
b2ada7bc,35471,466,2025-09-21
f7744c8d,79737,813,2025-09-24
ab693f4f,26539,286,2025-09-29
c9038784,41480,945,2025-09-01
79535dec,83653,1000,2025-09-18
9363f6e7,32423,630,2025-09-11
052b8401,33265,105,2025-09-05
2f8d07e3,35317,338,2025-09-09
d3672cb5,78605,386,2025-09-26
3c2c5efc,69231,184,2025-09-04
a6ad5ce4,25270,826,2025-09-21
cdcd3f76,17525,924,2025-09-01
30db84ab,82071,932,2025-09-01
df126363,39707,844,2025-09-03
802c854a,15628,611,2025-09-05
dda61ada,72363,946,2025-09-14
c81c26e3,38367,710,2025-09-24
cfb8b75a,80368,694,2025-09-24
40711323,46222,666,2025-09-19
0100cc47,92901,201,2025-09-15
bcc60742,69002,401,2025-09-09
6c1719b3,63179,678,2025-09-15
887f6ab0,96212,959,2025-09-08
6b485eb7,95955,158,2025-09-29
980a5520,40209,613,2025-09-18
3ed0cc22,82599,75,2025-09-18
e2460bc0,54071,479,2025-09-08
a2700bdd,50509,859,2025-09-25
78f0389e,49307,512,2025-09-04
a671e15d,31287,487,2025-09-22
512aaa69,87782,669,2025-08-31
ff66883b,91650,498,2025-09-06
ca7f1478,71085,333,2025-09-27
4f76c9d8,82452,11,2025-09-09
cb0bb8a1,54417,369,2025-09-23
e18709fa,72648,498,2025-09-30
3a8f2411,16742,408,2025-09-16
caf00aa0,86590,461,2025-09-26
6ca5173c,87823,269,2025-09-29
e85e5320,40513,336,2025-09-17
a7306c74,74955,975,2025-09-26
edf95044,23122,86,2025-09-03
3ef8a016,78580,341,2025-09-27
9185ebb4,74866,830,2025-09-11
e32fb4ff,72031,19,2025-09-15
4ea81daa,68026,184,2025-09-11
c5a87c7a,32067,706,2025-09-07
fe3b8d56,93385,383,2025-09-22
a609afa4,50190,995,2025-09-26
ea1f18f6,89702,427,2025-09-18
c9d77b3d,71881,762,2025-09-25
7a8c9a42,29600,966,2025-09-07
8a681dbd,22409,960,2025-08-31
95e2d010,42267,580,2025-09-03
480efb60,17588,751,2025-09-20
bb00ef9f,18910,195,2025-09-04
f5bb5db8,34440,749,2025-09-11
fa494359,22343,870,2025-09-20
e622b142,77077,443,2025-09-06
adfe4aaa,48500,205,2025-09-04
eabc8469,30504,971,2025-09-03
3bd92c9a,97473,861,2025-09-09
29cd493e,78027,363,2025-09-20
c9463cba,63011,871,2025-09-28
decb9e0c,91153,763,2025-09-20
fec6b06d,38969,598,2025-09-05
e7c9107d,34650,840,2025-09-12
3788fd98,16771,448,2025-08-31
e63a2b52,21933,747,2025-09-11
42aa0b93,23056,305,2025-09-30
03dd761d,90436,998,2025-09-27
90a360f8,33476,976,2025-09-14
020aac9d,78537,291,2025-09-14
bd04dbd6,58696,469,2025-09-30
43b67ffc,27431,954,2025-09-06
6dcd67ea,83814,766,2025-09-19
a9d34b00,36904,8,2025-09-09
08f742f3,39300,772,2025-09-15
a3e05d51,44755,93,2025-09-19
d4c9cbed,55689,770,2025-09-14
62cea6c4,48340,677,2025-09-02
a7ec0315,43781,864,2025-09-23
ce672bc7,63022,567,2025-09-10
c1e49bd2,77442,814,2025-09-18
c1417b96,29394,608,2025-09-24
3f39a322,53915,925,2025-09-07
62fc5e25,43871,425,2025-09-30
2cc60733,90878,918,2025-09-06
34115887,10405,849,2025-09-14
cdac01b5,56702,804,2025-09-17
06c0cb24,38236,367,2025-09-21
409ed84d,96613,465,2025-09-29
cba79736,51587,684,2025-09-19
c5d664e8,53474,637,2025-09-21
97dbdb9d,79546,101,2025-09-05
12e2f21d,17089,494,2025-09-23
1529b1f6,91131,759,2025-09-03
a816c1a9,47779,832,2025-09-08
61cdcece,35956,40,2025-09-13
5d7ee0a1,83086,332,2025-09-19
fa076c20,35363,578,2025-09-17
c14abdb6,55210,790,2025-09-07
000bc0a0,73320,225,2025-09-16
7f881e01,45634,545,2025-09-13
b896620f,67636,46,2025-09-30
c13d7a0f,81191,236,2025-09-17
106c37df,65545,952,2025-09-24
0b7792d6,74101,470,2025-09-16
1c4f2470,45171,463,2025-09-03
8922c301,22395,240,2025-09-25
4a676e38,76626,710,2025-09-12
659ba3ee,44936,499,2025-09-11
251c9680,49585,90,2025-09-17
d653ab55,11763,38,2025-09-25
befb9c8a,93662,317,2025-09-14
63bb6227,61167,688,2025-09-18
0820a9fd,47762,227,2025-09-17
26891aa1,23666,905,2025-09-17
0c79bdc6,98792,129,2025-09-11
eaeae8e3,23979,790,2025-09-04
7ebcd4dc,70888,949,2025-09-23
83bd14a4,69356,518,2025-09-14
fbc60b7e,59564,3,2025-09-06
869c7d82,91937,220,2025-09-27
7a0c3466,33219,138,2025-09-08
bbaa0edd,16810,294,2025-09-07
31d6c3bf,84285,502,2025-09-03
77afd705,44812,55,2025-09-25
b1447f3a,45899,72,2025-09-14
b8c1943e,35133,800,2025-09-29
2f47c6ae,72775,973,2025-09-27
e6c18e6b,58994,375,2025-09-04
14ccd91e,73673,728,2025-09-26
481ea83f,15386,250,2025-09-22
44603355,86568,888,2025-09-23
feeaf1f6,61399,632,2025-09-17
ed5e4306,26546,769,2025-09-06
1b9589f4,96474,30,2025-09-24
e33e08cc,26490,235,2025-09-05
4988d726,24731,235,2025-09-27
df71cab1,84953,732,2025-09-19
5e9561d5,95215,933,2025-09-15
dba5b2c3,51797,165,2025-09-04
d5669804,34831,953,2025-09-22
742fe1f9,38655,224,2025-09-02
69472550,83836,981,2025-09-07
b99670d6,36944,747,2025-09-18
a68d462a,87389,33,2025-09-05
cdb72187,66272,450,2025-09-06
9fc13f21,84496,597,2025-08-31
1ee1b7f9,42323,599,2025-09-08
58039846,54216,810,2025-09-07
6417dfcf,67365,141,2025-09-03
b627a37e,68028,511,2025-09-25
062aa2f8,31014,282,2025-09-21
33c253f0,99530,55,2025-09-07
0a429a03,14642,66,2025-09-03
007df52d,57777,688,2025-09-23
bb808ad8,96443,67,2025-09-02
784d1d93,83731,135,2025-09-21
80b7aec8,63285,755,2025-08-31
e11cf6c3,53729,865,2025-09-16
285dde53,46050,603,2025-09-19
b53f1e5a,46328,14,2025-09-01
89db8ef0,58784,813,2025-09-03
d5e4e368,89131,808,2025-09-26
48402e94,47885,8,2025-09-28
b2c98111,24795,228,2025-09-09
37fc3883,74617,52,2025-09-24
ccb82207,64906,944,2025-09-09
31eaf65e,51233,584,2025-09-20
fad5b6a2,46011,380,2025-09-02
cdd47b07,27887,375,2025-09-15
13070677,91767,598,2025-09-24
c6902e61,91765,414,2025-09-02
ba9e803f,80986,866,2025-09-07
4e56dacd,91283,682,2025-09-28
8cf8642f,76978,212,2025-09-07
26bfcf4c,83684,112,2025-09-06
7920f746,38413,178,2025-09-12
81c64082,81623,840,2025-09-14
cf853576,15073,988,2025-09-26
19b2b3a6,28096,675,2025-09-21
5d932c0a,70347,573,2025-09-08
f2555222,62958,102,2025-09-26
22e4d581,11783,897,2025-09-19
8544868e,41154,223,2025-09-03
ba1b5075,39320,352,2025-09-01
c37ae06b,44960,337,2025-09-19
8f897966,99497,56,2025-09-07
96e9447f,97053,121,2025-09-25
95ad7cb5,12211,740,2025-09-10
3ba25338,95189,621,2025-09-28
b7fa09c4,64035,639,2025-09-05
a365701a,57408,145,2025-09-15
cd159301,31018,939,2025-09-17
0f6a2e81,72360,518,2025-09-26
8ce1bcb4,57562,919,2025-09-28
694980ac,61422,851,2025-09-19
343e94e4,17161,400,2025-09-07
4485821d,10260,479,2025-09-22
b3f9b3e9,47395,550,2025-09-23
f2fd32fe,38417,428,2025-09-25
60937296,50246,843,2025-09-26
5cc22d1f,20635,874,2025-09-20
3299f130,37268,889,2025-09-15
c762b9af,83952,286,2025-09-24
cb301b99,98507,437,2025-09-08
d8a8aaa9,61088,794,2025-08-31
5b5e3a1f,30546,475,2025-09-21
d40a4a20,59600,51,2025-09-29
48c0efd5,90146,103,2025-09-05
7ebda1e7,66729,268,2025-09-04
60a980c7,32178,616,2025-09-30
448edacb,21307,845,2025-08-31
06f7c024,93439,10,2025-09-16
c8e23bc9,81095,169,2025-09-27
63d91da2,27973,958,2025-09-26
012d3443,97992,285,2025-08-31
94d3e318,85264,854,2025-09-23
4e154387,68487,14,2025-09-09
ac8eafcb,89475,979,2025-09-24
5981a5b1,63392,847,2025-09-23
86d90cac,83865,340,2025-09-25
d8a0f747,84174,636,2025-09-09
a90f7ed2,42178,67,2025-09-16
67f8fc26,52046,430,2025-09-28
734d1f6b,28188,169,2025-09-15
1c3bd440,10357,579,2025-09-29
29a59309,96323,239,2025-09-24
262ab173,26730,251,2025-09-12
13619023,94475,200,2025-09-29
ef15496a,26925,957,2025-09-12
cd7c769e,67728,237,2025-09-30
a3f6b9b1,29443,363,2025-09-26
8fc99e90,30327,621,2025-09-06
d1350c52,62718,703,2025-09-18
96288169,20181,78,2025-08-31
6bb7d451,42693,330,2025-09-30
a8547a57,72558,634,2025-09-05
66872645,94969,971,2025-09-23
fa23b42e,96832,482,2025-09-11
32140de9,12405,933,2025-09-03
3bfc8b77,67014,373,2025-09-28
1531e09c,78583,128,2025-09-10
6c7f1989,91340,758,2025-09-09
49d0acfc,83183,825,2025-08-31
56ff6417,54772,223,2025-09-09
0bd40d12,52961,121,2025-09-04
2cfb2e60,22597,73,2025-09-06
0fca7920,15248,906,2025-09-02
70045fa4,75944,399,2025-09-16
0518f1e8,93436,810,2025-08-31
cb86b3ad,38562,929,2025-09-14
2b786ff0,58051,20,2025-09-06
950ea46e,96783,60,2025-09-15
a323e0c1,91819,176,2025-09-06
080549b5,58208,22,2025-09-25
c5e7b640,56384,900,2025-09-10
0c5e0dd9,19609,804,2025-09-21
268ddf4a,40863,743,2025-09-23
7c02d7ce,98705,901,2025-09-08
30be8440,36511,961,2025-09-03
b3639ef5,72140,211,2025-09-17
f69a5be5,72091,22,2025-09-26
f78d1893,64038,641,2025-09-08
644f8509,25325,430,2025-09-28
c2d20af0,95010,959,2025-09-14
326d1b24,15341,47,2025-09-06
a94b8177,52891,459,2025-09-23
b769b931,44251,956,2025-09-29
1658f673,76180,736,2025-09-20
bf0b4275,41540,805,2025-09-28
a468a2d1,84558,722,2025-09-25
b56a4420,95307,494,2025-09-15
007c66fa,72203,434,2025-09-28
1b615341,28627,303,2025-09-21
6568ff64,24266,336,2025-09-19
079a6e6e,88382,87,2025-09-19
5bdf6b46,94677,579,2025-09-22
76e518d8,32786,783,2025-09-11
5e2671f2,91916,495,2025-09-05
14052691,88503,423,2025-09-27
e58a3351,85705,838,2025-09-04
5698bf8b,97893,411,2025-09-06
3f6ff0f0,45186,779,2025-09-01
13c4b164,63955,420,2025-09-09
db167a03,78301,819,2025-09-03
290436c3,99900,652,2025-09-08
33491cca,36369,955,2025-09-30
d1a0ab76,52048,765,2025-09-27
05e216b9,58361,971,2025-09-08
e60b9c12,77997,759,2025-09-05
f49f859a,46054,840,2025-09-24
12b22af4,94484,292,2025-09-12
436b5f04,44156,989,2025-09-19
071ed782,96394,250,2025-09-05
b382e430,24855,37,2025-09-20
ea50f080,33855,124,2025-09-15
b264daeb,28907,838,2025-09-12
4acf8dad,26150,238,2025-09-25
4f83130f,27327,769,2025-09-10
48e3dadb,89524,749,2025-09-09
f4ee8ff4,30402,924,2025-09-28
af8dbf68,12621,587,2025-09-15
52790d42,64708,625,2025-09-23
59e4c841,95284,755,2025-09-29
8748ea4a,77051,99,2025-09-11
81ed7fc0,67667,626,2025-09-08
644b648c,99116,343,2025-09-14
e3456a8e,98741,524,2025-09-23
cb13a0b6,34217,259,2025-09-29
35786ee2,39410,152,2025-09-13
7ae65dce,26631,138,2025-09-28
35740fab,35585,792,2025-08-31
3b74d65d,13729,729,2025-09-04
5ab59df6,72719,394,2025-09-14
2e08816f,84421,646,2025-09-19
d0ae78b0,27947,134,2025-09-11
82be4eb4,98208,510,2025-09-06
3d295897,15919,97,2025-09-01
e93c84c1,41896,971,2025-09-14
01e319be,18830,830,2025-09-15
e1fd5fde,51805,946,2025-09-07
9a868069,13539,212,2025-09-15
0914442c,60399,203,2025-09-14
19082609,91255,81,2025-09-04
13e657e9,93495,131,2025-09-01
243ab610,54819,388,2025-09-24
b6a0a457,90978,141,2025-09-15
7ee9cef7,86156,51,2025-08-31
60925371,84244,999,2025-09-11
9c5a5f84,55495,593,2025-09-21
ffe80fce,41367,506,2025-09-03
c4a9bb97,14148,233,2025-09-14
2254383b,65044,159,2025-09-10
4ceb201e,84769,262,2025-09-26
30de93fe,88863,142,2025-09-12
acfb9550,91809,755,2025-09-05
6fddf3f8,20628,490,2025-09-05
364fb97d,75509,117,2025-09-10
d13fecfe,35323,621,2025-09-01
81ae6929,58731,971,2025-09-13
a3647b9f,38023,348,2025-09-08
b0bf26c1,53097,371,2025-09-20
c12aceab,71842,128,2025-09-11
427d6bef,17482,199,2025-09-21
2cc34063,78248,938,2025-09-16
9301cb84,85569,986,2025-09-13
9299c1c1,29364,630,2025-09-16
ef2c1b8d,57600,435,2025-09-27
f0638853,39350,418,2025-09-17
93426e8f,32924,143,2025-09-15
5f087f50,27856,531,2025-09-10
ac11dbcc,67303,412,2025-09-06
1e537776,82640,855,2025-09-10
e77e1e83,22727,757,2025-09-02
343b9577,15971,70,2025-09-22
8fbeb7c9,76401,298,2025-09-28
44f0bb8a,85720,39,2025-09-15
2f55d826,43634,433,2025-09-20
ccada222,67090,880,2025-09-03
cd8c924d,47960,502,2025-09-02
879338fa,10252,556,2025-09-26
4b8f6bb7,93133,879,2025-08-31
6be04105,76555,326,2025-09-25
3e6dc9a9,87835,138,2025-09-17
16a084a1,61549,235,2025-09-04
022187b8,19433,166,2025-09-07
2e506b50,25180,403,2025-09-26
8e57ca86,28242,882,2025-09-30
e998e1ef,74392,483,2025-09-17
03790f65,30067,977,2025-09-12
2f2ecd56,59227,408,2025-09-27
b6a1b9df,48807,756,2025-09-09
e5aee45c,28547,880,2025-09-14
7f12e629,83393,717,2025-09-02
eb841695,77670,34,2025-09-08
6cc6cdf5,82251,231,2025-09-28
09ede032,41811,843,2025-09-07
97374bc1,93323,54,2025-09-04
1bd6870f,23572,918,2025-09-17
99d187d6,85991,780,2025-09-28
b0bc8228,93615,365,2025-09-10
950bd367,99494,505,2025-09-23
ec9065c1,50569,830,2025-09-20
461e6605,38299,343,2025-09-23
26d988b5,11846,597,2025-09-19
d7d36831,42065,423,2025-09-21
f7f6b6fb,47663,169,2025-09-27
0a5f4c7f,82370,250,2025-09-24
bfc913b8,89478,513,2025-09-29
dadfd1a8,31986,533,2025-09-06
240473fb,64793,60,2025-09-28
4216c7de,71767,504,2025-09-26
62766624,76661,449,2025-09-22
7d1742d4,22030,976,2025-09-08
587d7e36,80236,121,2025-09-26
0260dd20,83663,135,2025-09-27
48eac92d,19028,321,2025-09-24
dedd091e,28225,465,2025-09-05
373f5eb6,81343,211,2025-08-31
2e239252,35195,107,2025-09-04
d605c24f,29699,345,2025-09-15
69b40154,12236,234,2025-09-08
2fa0780f,97103,405,2025-09-27
4fccd11f,63730,186,2025-09-21
708b1be6,61631,966,2025-09-19
8d244d94,26713,54,2025-09-15
bd43712d,86326,74,2025-09-05
55fba42f,23271,146,2025-09-14
756b3be8,50347,906,2025-09-18
065cd7d9,56088,333,2025-09-10
cd31bfb3,79453,24,2025-09-06
ed793127,94102,167,2025-09-19
3ac84c14,48388,133,2025-09-03
85753820,35126,857,2025-09-13
6e2f2cdf,23514,870,2025-09-08
a7c15706,26089,733,2025-09-23
2fab8245,10176,683,2025-09-12
6cdd2413,81676,939,2025-09-02
e600438e,51234,451,2025-09-08
7a903963,51230,940,2025-09-23
393c828c,33428,744,2025-09-20
510d6be2,76788,122,2025-09-05
4257d72a,27843,253,2025-09-18
9437371b,11136,782,2025-09-01
27d95250,96394,183,2025-09-06
136bfd78,26118,865,2025-09-05
284798b0,84340,261,2025-09-15
d3c1311d,34145,703,2025-09-11
078ada80,81833,141,2025-09-25
7cf2e48b,25997,40,2025-09-22
56a872cb,10170,534,2025-09-18
25bd11cf,39687,162,2025-09-13
fe20ba7c,39552,830,2025-09-15
16050ccf,26160,284,2025-09-06
9780e215,78114,752,2025-09-07
552ad015,87136,780,2025-09-07
825a940e,99940,93,2025-08-31
9a3b8896,68075,223,2025-09-18
ad472c91,75340,496,2025-09-25
23b86565,81302,916,2025-09-08
8b647921,55702,527,2025-09-26
25684eda,49535,438,2025-09-23
7d94b874,79865,428,2025-09-30
a1f7bd21,24228,267,2025-09-16
77142ca0,29290,4,2025-09-01
a6bee7d3,23765,870,2025-09-01
29f2a07b,97352,480,2025-09-26
a20bbe67,21133,298,2025-09-30
9d7e7041,21913,8,2025-09-29
53d539c4,45467,41,2025-09-10
f100ecac,24166,494,2025-09-20
3bcaa1b2,34030,651,2025-09-08
451d020f,31162,210,2025-09-17
be515679,62128,908,2025-09-03
457361bc,87360,424,2025-09-29
879bc917,34616,111,2025-09-13
7b0ec586,77018,80,2025-09-25
21cb05a7,95264,729,2025-09-13
0f2c5afd,89287,486,2025-09-27
27a2d3df,19061,138,2025-09-24
7b45484a,36156,923,2025-09-23
5d9ae502,42039,209,2025-09-28
6ff41695,34230,594,2025-09-08
ea895dbf,30619,994,2025-09-01
0ef62cb5,95240,112,2025-09-05
030545a2,88404,832,2025-09-12
32630011,53043,131,2025-09-16
52d2d096,38533,87,2025-09-02
a908d200,68683,741,2025-09-29
6c20d2a1,74568,222,2025-08-31
d0548097,71936,684,2025-09-23
7ab4f328,19440,259,2025-09-30
bf950dfc,67733,370,2025-09-29
349987fb,27299,261,2025-09-10
00ce4ad7,48576,39,2025-09-01
331fa6ce,24107,643,2025-09-30
b087cab0,43881,799,2025-09-16
69c52f9c,29810,317,2025-09-24
1e28835d,84773,104,2025-09-20
bad6aae3,73475,593,2025-09-16
bffdae3a,74631,498,2025-09-04
ccf8d773,44432,613,2025-09-17
470421f5,95813,346,2025-09-30
9defb8e7,21468,632,2025-09-27
d67ca51e,80711,391,2025-08-31
d755b47a,65972,973,2025-09-23
8e194fb8,74050,15,2025-09-13
0da8aa7a,50137,172,2025-09-08
1f9e5e32,49599,628,2025-09-10
240a5ecb,82129,778,2025-09-08
ba4bbfca,29268,524,2025-09-18
60379a23,70588,337,2025-09-02
db623dd4,82395,935,2025-09-10
b7b59390,89745,134,2025-08-31
c59850e1,18139,260,2025-09-04
44d070f8,14350,224,2025-09-10
732c4a8e,22203,672,2025-09-07
017d738e,74188,263,2025-09-12
f85d56ce,58805,733,2025-09-28
15969fef,91229,351,2025-09-08
2787b6fa,40134,891,2025-09-09
75759531,60202,321,2025-09-20
88562d2e,41810,352,2025-09-22
1e06dafd,41148,984,2025-09-14
f2fba9b4,83527,994,2025-09-02
2ebfb431,27073,115,2025-09-04
0cc8791e,78057,925,2025-09-14
29883f17,92127,733,2025-09-03
6ef79888,76391,552,2025-09-08
a3db33e6,75957,183,2025-09-07
cf6ca503,20189,679,2025-09-27
c2f24cc5,25661,771,2025-08-31
0150e0e2,99964,503,2025-09-09
12fb6d59,21331,42,2025-09-11
7b51a778,45306,852,2025-09-02
a88742ae,54480,987,2025-09-01
478329c6,50536,379,2025-09-13
4a4ef118,33408,632,2025-09-24
3211e402,41759,743,2025-09-12
198e70d5,82594,832,2025-09-28
2d92daac,91357,394,2025-09-15
954b8da4,29045,954,2025-09-19
befad86b,63807,756,2025-09-19
dcb36eb7,79591,405,2025-09-30
78576fd4,97111,114,2025-09-09
96d631dc,56625,150,2025-08-31
a3eb5795,26160,561,2025-09-15
6b033ff4,20340,951,2025-09-23
a83f92da,72716,775,2025-09-01
225574c2,90330,761,2025-09-03
046998c0,53902,166,2025-09-18
2b98fc04,31737,953,2025-09-19
4e849246,51426,616,2025-09-23
de71e6bf,75920,285,2025-09-11
633f4ad0,54716,287,2025-09-28
c8bb978c,18601,269,2025-09-03
92ad87e4,17484,569,2025-09-02
83140e70,77221,10,2025-08-31
596b1e8d,70814,109,2025-09-14
d7dace92,40609,106,2025-09-14
52830392,34493,936,2025-09-13
b3b79208,49700,927,2025-09-23
e26f2d7a,51642,825,2025-09-08
abbe0da0,57567,7,2025-09-06
60a36591,27994,69,2025-09-21
cd3c5818,27151,586,2025-09-23
83b3310e,37714,515,2025-09-28
6eae6fdb,53123,72,2025-09-22
a540d1c3,69301,923,2025-09-01
4a50fc62,73985,152,2025-09-30
ef380c10,74817,236,2025-09-03
b316b2e0,17119,805,2025-09-26
b2bbad4e,24357,819,2025-09-21
84cc6647,52442,630,2025-09-24
931d43e0,28063,644,2025-09-03
308a89a7,21573,623,2025-09-10
864c5151,25060,972,2025-09-16
937cd584,62246,462,2025-09-07
eaad9223,85022,49,2025-08-31
2814dea5,95597,637,2025-09-10
4e212a0a,24768,72,2025-09-05
f3163170,31697,530,2025-09-23
7233a1cb,44039,774,2025-09-05
035b26f9,25073,486,2025-09-01
a2d1e0cb,34518,70,2025-09-07
af01e01b,68749,700,2025-09-05
304247c4,43164,511,2025-09-13
d7f48e55,30356,519,2025-09-14
7aab2d0d,35133,86,2025-09-10
ca7d8cd1,56026,875,2025-09-07
5f2d6d8f,46607,2,2025-09-11
8da032ee,63208,507,2025-09-08
0427bcee,81513,665,2025-09-19
7ebd6211,28784,970,2025-09-12
d56c4f6f,44551,475,2025-09-24
694404c8,14122,567,2025-09-03
b667ddf0,35450,173,2025-09-25
75e8e590,10178,247,2025-09-30
71d90fc7,85348,792,2025-09-28
2d0c33db,17853,690,2025-09-07
989c9c82,24078,348,2025-09-04
c4521015,89663,892,2025-09-26
09f70f26,33243,882,2025-09-24
f2deb402,61630,243,2025-09-17
65c996f9,50894,732,2025-09-02
6b6c5dcd,96594,58,2025-09-06
ffeaca5e,45817,174,2025-09-27
34cf7ec9,54925,624,2025-08-31
75e86622,28367,470,2025-09-24
a532adf1,34030,233,2025-09-04
82cfe584,83188,493,2025-09-09
fdbeec9d,94299,912,2025-09-21
4adb8d43,96458,429,2025-09-27
667e4662,32684,241,2025-09-30
34ffc90c,88741,959,2025-09-26
900620b9,26302,10,2025-09-29
83f0bca7,87059,353,2025-09-27
b21c6d42,90111,853,2025-09-12
67e3d770,17015,690,2025-09-15
2174e58b,73369,937,2025-09-13
aff24cc0,70407,586,2025-09-12
ad076ac6,60863,331,2025-09-11
00c4882a,16222,408,2025-09-15
bd2d8d66,24118,155,2025-09-30
8326e727,19512,561,2025-09-02
173c211a,88947,138,2025-09-05
0f7e8e9e,72274,284,2025-09-19
1b2bd81e,69580,674,2025-09-28
c1b657c7,77751,587,2025-09-14
cabef172,76895,165,2025-09-27
d0a6fdb2,67457,706,2025-09-10
0d4ed703,98500,724,2025-09-08
b3ae987a,54234,963,2025-09-23
78730555,54996,65,2025-09-15
a457fe3d,62596,673,2025-09-08
2a981e9a,18459,275,2025-09-05
98c964c3,43260,223,2025-09-07
e63bec38,58278,734,2025-09-18
2905e6a8,76151,753,2025-09-02
9a160299,62502,306,2025-09-21
a160488a,89703,274,2025-09-30
45e6eecb,63931,437,2025-09-05
b874c24c,92150,867,2025-09-14
f00df9b5,93710,765,2025-09-21
e9a748ea,33556,34,2025-08-31
788ffede,94829,585,2025-09-19
fb88cbcc,64606,125,2025-09-07
8baf5fa4,99762,125,2025-09-17
a56b7d92,12617,743,2025-09-30
b4cbd73e,42677,823,2025-09-06
e262d0d9,84966,44,2025-09-24
6626c434,85994,27,2025-09-03
761b1cba,84368,195,2025-09-11
b4e39963,75158,567,2025-09-02
d9a43852,25463,498,2025-08-31
69bb6228,36975,198,2025-09-29
4d1aeb84,21763,723,2025-09-12
ba624a37,29566,183,2025-09-16
421320ec,25737,583,2025-09-16
bdb53513,68786,122,2025-09-16
e5f66318,17242,908,2025-08-31
a6b2641b,44738,459,2025-09-28
9ad553a6,49147,951,2025-09-04
354b70cd,64745,152,2025-09-01
5ea69030,76670,555,2025-09-03
f6953c06,16337,487,2025-09-14
7a1b7aa7,55275,473,2025-09-27
97e0047f,71183,857,2025-09-02
ae1eb874,30531,782,2025-09-10
bef46c0f,46404,661,2025-09-23
1c07f938,49088,613,2025-09-18
58ffe1aa,82677,170,2025-09-06
3cd479a5,54400,756,2025-09-30
69f83baa,74028,153,2025-09-23
62f82eb9,34019,455,2025-09-08
d4ab0822,30308,750,2025-09-04
dd8d9a79,27053,431,2025-09-03
b195260a,65478,976,2025-09-09
25bca6a1,70670,384,2025-09-10
31eecb4e,24404,70,2025-09-21
d07c2a8b,22047,180,2025-09-26
4c0e8250,51242,587,2025-09-26
822b3ac2,99139,232,2025-09-12
2b1b16fa,37919,821,2025-09-09
b6a9c97a,75290,423,2025-09-03
7d66fab4,47167,468,2025-09-30
7be67ac6,89597,422,2025-09-14
f0d04e7f,48740,500,2025-09-17
94713abd,25504,942,2025-09-28
d01e73c8,82195,79,2025-09-26
a077da9f,42086,40,2025-09-20
fd92317e,67156,61,2025-09-17
7c217423,31168,658,2025-09-01
cc677a7e,87506,999,2025-09-16
13cc88e8,32793,537,2025-09-14
d483faf3,23873,172,2025-09-17
8b72de09,51308,192,2025-09-10
59cd83e2,23545,92,2025-09-05
6fd911ef,92952,418,2025-09-29
ecb999dd,63858,464,2025-09-10
e7204d79,45572,289,2025-09-21
79d41839,65507,222,2025-09-22
2ca72da9,57315,235,2025-09-25
e9412031,11024,306,2025-09-03
6b780c0c,97521,262,2025-09-21
fea984c3,53389,42,2025-09-20
fb329191,24969,595,2025-09-16
128e062c,99784,39,2025-09-21
52204c22,53226,928,2025-09-09
da64e110,10989,620,2025-09-12
d7f52f4c,15967,471,2025-09-24
9238fe09,82308,560,2025-09-05
2db42336,24426,952,2025-09-28
4aa3b50a,12054,436,2025-09-14
e505ec85,89449,444,2025-09-04
33cf45c8,98467,801,2025-09-13
7edc9f85,83450,431,2025-09-09
cf09777f,28190,235,2025-09-17
f619f9a0,82807,423,2025-09-09
8bd52e31,11432,163,2025-09-29
586ce520,55185,595,2025-09-04
4ecf1b40,19665,123,2025-09-03
e8cdae0a,89573,182,2025-09-09
e8d2726f,81710,251,2025-09-13
f52ff139,30880,989,2025-09-27
44763a17,91439,955,2025-09-13
07e48eba,81915,161,2025-09-30
30deb688,74777,618,2025-09-01
64e14a6e,63081,990,2025-09-10
b9c25fa5,57111,984,2025-09-01
e28b81f2,80562,582,2025-09-09
53cc26b4,72550,826,2025-09-11
5a311227,74907,150,2025-09-15
efd5d6d8,47965,996,2025-09-21
feec96b8,31659,476,2025-09-30
673be449,29373,685,2025-09-14
0cd25c74,58790,116,2025-09-17
ec13f119,53501,796,2025-09-02
cd354716,78800,540,2025-09-13
321a2554,40301,446,2025-09-21
05ca32d2,40111,80,2025-09-17
8f2d89dd,87575,664,2025-09-18
a2d55bac,88359,711,2025-09-03
a7a02a65,50636,235,2025-09-04
002bb90d,53776,604,2025-09-11
28734fc2,69342,311,2025-09-02
3c126f20,74393,338,2025-09-02
1cc9f45e,75793,365,2025-09-13
9740d726,68509,824,2025-09-07
664ffd1f,98158,462,2025-09-04
d38d53c7,75011,865,2025-09-14
84060f02,71056,196,2025-09-29
a56fa001,16182,429,2025-09-14
a7582136,57312,715,2025-09-17
12aa7283,52592,967,2025-09-26
e3d0a5eb,39513,928,2025-09-03
355c91d4,10835,928,2025-09-22
ba92b114,62954,115,2025-09-25
f577e699,90934,697,2025-09-06
0399687a,93151,570,2025-09-01
f95da878,39890,435,2025-09-25
1be459c1,51602,392,2025-09-22
d9029f1e,90214,64,2025-09-19
8ad60356,93114,665,2025-09-10
f8c85b9b,12037,384,2025-09-28
ca40df64,70554,283,2025-09-16
a08e0fd7,94005,726,2025-09-08
dd29d482,80851,645,2025-09-11
1872d066,75713,526,2025-09-06
8db662eb,30288,83,2025-09-09
1a3413d3,32803,793,2025-09-11
1ec2819a,11830,163,2025-09-27
4e3d7667,37303,750,2025-08-31
3f449f2c,45705,202,2025-09-13
d7d6e1ef,57062,759,2025-09-22
82eff492,65395,335,2025-09-20
189b83b1,68063,436,2025-09-06
1a15c043,15019,811,2025-09-19
6bccde06,45567,237,2025-09-15
4ee6b179,97070,832,2025-09-07
d8e819c2,79570,241,2025-09-26
22461f7c,30054,617,2025-09-19
dfc6d01a,54320,17,2025-09-18
baf132d5,37961,880,2025-09-29
bdc54b41,12118,136,2025-09-10
c164a6df,59785,246,2025-09-29
9e641010,43664,598,2025-09-05
75f6efb9,60940,76,2025-09-26
aebec2ba,58298,726,2025-09-23
9c578993,23335,72,2025-09-09
b5aee4c8,82534,102,2025-09-16
8624bb87,84708,152,2025-09-08
843329d0,40430,746,2025-09-03
f3d23930,52232,958,2025-09-28
c6d3c430,66260,149,2025-09-23
63d1b1f3,50832,575,2025-09-07
968eaece,58469,27,2025-09-23
27df30b0,48423,115,2025-09-01
d15d6ac6,91149,518,2025-09-19
6ca5ca92,47476,956,2025-09-04
e5f215e8,80258,365,2025-09-08
559751c0,66175,547,2025-09-02
4d560769,48405,509,2025-09-12
e30bc0d3,79496,493,2025-09-21
55f44a25,31250,399,2025-09-11
dc635d3b,96843,77,2025-09-25
fadbbdfd,79025,554,2025-09-15
c03aa3ed,91777,785,2025-09-27
276dcfec,78778,726,2025-09-22
e5368cd2,74585,896,2025-09-09
1ce6f8b8,45505,671,2025-09-18
63e6c4ec,46358,405,2025-09-20
20744ec3,55009,556,2025-09-14
c8fe1aac,53990,706,2025-09-08
f48cbfdc,52114,225,2025-09-15
e6888d8e,41575,361,2025-09-11
662adb36,59598,783,2025-09-28
7d608abc,93025,858,2025-09-08
2eab593c,95328,887,2025-09-14
e46615bb,61981,588,2025-09-16
a039b12e,93876,749,2025-09-24
0ed43f28,37544,685,2025-08-31
ccfd8131,84925,134,2025-09-16
cd76733b,44527,26,2025-09-11
fbbb8123,69903,736,2025-09-01
5b13f313,46302,100,2025-09-17
a4b6810d,52051,40,2025-09-05
1e82d379,75267,993,2025-09-20
921cd90d,81874,742,2025-09-04
58569019,58456,6,2025-09-13
c19505e1,84139,722,2025-09-27
1d536a8e,83600,316,2025-09-23
1178e0a5,36974,62,2025-09-22
e8246f9c,42232,306,2025-08-31
bac54f1b,85282,171,2025-09-01
2a148b11,47620,214,2025-09-23
78df308f,62745,647,2025-09-06
9b2c523c,93442,461,2025-09-30
532dbe0b,45616,441,2025-09-30
870fc3d7,78747,571,2025-09-17
54165b0b,75589,589,2025-09-28
ebf71576,92928,416,2025-09-10
63dd17de,53841,194,2025-09-08
cc061e44,98677,265,2025-09-08
611160bb,56490,374,2025-09-19
e574057e,10315,950,2025-09-27
bd1d3c4a,94082,608,2025-09-29
b476612d,94752,668,2025-09-23
c29f63a3,17452,129,2025-09-21
9833442d,12101,553,2025-09-22
28d3b56e,58010,888,2025-09-20
a78fdf3c,23151,336,2025-09-09
659c1296,37297,623,2025-08-31
dd537dc4,46316,554,2025-09-30
0b5b03ee,70021,53,2025-09-03
9e297407,12319,924,2025-09-14
c1b54a11,20460,42,2025-09-02
9baea995,16152,899,2025-09-29
cdc91d5d,93495,754,2025-09-29
c87bbb91,38652,639,2025-09-10
28bf685e,67656,388,2025-09-19
5e1073b3,40351,689,2025-09-30
4aea16fe,68407,745,2025-09-11
20f4cf2a,77064,706,2025-09-02
d292a891,88588,363,2025-09-20
ae81365c,47975,898,2025-09-01
9f5c6ce2,11080,439,2025-09-25
0566885e,21487,861,2025-09-22
aec4d048,54022,382,2025-09-14
216df6d2,59960,842,2025-09-11
46419a73,83249,481,2025-09-29
e88b8b32,86570,546,2025-09-22
0c54ff65,58206,736,2025-09-30
f86b31bc,90962,242,2025-09-12
ff6b270e,18368,437,2025-09-23
32028816,23949,597,2025-09-28
79620235,30226,71,2025-09-03
94af55a7,21839,204,2025-09-27
2eb23a28,92470,772,2025-09-27
145a3201,80722,599,2025-09-10
a17f04fe,79383,771,2025-09-26
d30125e6,13564,690,2025-09-09
79daf434,71479,259,2025-09-05
76305ab1,20102,890,2025-09-09
0187558b,35634,227,2025-09-17
451ca76f,23663,387,2025-08-31
a3955d88,16554,259,2025-09-11
2439654e,54239,735,2025-09-08
8b40cbef,72536,38,2025-09-04
067a598c,37381,300,2025-09-05
ca9be10f,72794,171,2025-09-24
de8db5ab,73145,502,2025-09-06
37f0f07a,47394,503,2025-09-16
79b1da6b,57281,801,2025-09-06
ad2d8463,82417,810,2025-08-31
d21f9c62,85743,673,2025-09-01
5d8d8e09,50333,792,2025-09-20
4a4af935,34796,445,2025-09-22
bdbf0acd,72537,80,2025-09-12
9a0a185b,49110,615,2025-09-12
11f3883b,10982,892,2025-09-20
81141a0f,34115,189,2025-09-19
db6610a9,33201,906,2025-09-13
a99e5c89,75841,855,2025-09-01
c49413fa,17020,960,2025-09-12
455d422c,83102,141,2025-09-08
a1c3de1e,96267,510,2025-09-28
62da0f16,19216,366,2025-09-25
c30e5701,84263,712,2025-09-20
94a0a78a,94354,676,2025-08-31
774d8655,90623,802,2025-09-10
1f40895b,17186,785,2025-09-19
0fc881e8,60720,929,2025-09-12
9fe35130,24069,396,2025-09-08
95364fac,64952,653,2025-09-19
556b42f6,12093,971,2025-09-17
008e3484,12969,566,2025-09-29
728a53c1,34046,25,2025-09-05
e38c18d8,16081,304,2025-09-07
bad14519,47362,120,2025-09-28
f1ef300e,82580,711,2025-09-09
cb814fe7,33244,153,2025-09-20
2f73a8a6,72007,444,2025-09-11
168b55e3,24380,716,2025-09-26
371d4edc,90110,774,2025-09-12
3293b017,65110,385,2025-09-03
45943128,19673,625,2025-08-31
3be2f17f,49809,751,2025-09-08
014f409a,95978,505,2025-09-29
2b4a874e,27404,662,2025-09-03
b5328c5b,58050,651,2025-09-20
0e4682e0,78057,389,2025-09-29
16e500cb,71656,541,2025-09-07
d7a956d8,56086,928,2025-09-17
25556230,31385,58,2025-09-14
753211f3,78677,860,2025-09-09
74bad723,49123,73,2025-09-20
53a9833d,46723,638,2025-09-07
65ccd8c4,77002,641,2025-09-27
ff970153,52021,564,2025-09-01
c99d1d66,37358,298,2025-09-26
2f67a9bc,98444,711,2025-09-08
b6d13f4e,37350,865,2025-09-21
b4c1a7d5,88752,902,2025-09-25
abfc1d2a,34516,134,2025-09-06
6f539c84,90500,352,2025-09-17
d4d9fa9e,88821,300,2025-09-09
d22d571d,89877,520,2025-09-20
8b0e4800,67087,447,2025-09-04
f0f2a2d8,64123,404,2025-09-24
ff178c6e,79454,598,2025-09-14
1c5f7fe3,29822,48,2025-09-10
80b1bd44,38627,65,2025-09-18
3abc2e0d,19904,541,2025-09-09
2d4b4126,93239,246,2025-09-25
1f1b7ff9,75501,684,2025-09-21
1b454537,83893,136,2025-09-23
b2a7a77c,15325,217,2025-09-23
b5dea033,62492,51,2025-09-10
edd085e9,10797,745,2025-09-26
6395ebb3,38772,818,2025-09-06
b7023f2b,13589,545,2025-09-25
0db036f1,60150,133,2025-09-12
84b7afd8,83661,650,2025-08-31
65881028,62127,643,2025-09-29
a26433d2,11870,101,2025-09-17
ffca0fd0,95812,535,2025-09-22
1ad60e7b,99318,107,2025-09-24
b7556b1b,62127,978,2025-09-25
dbc9fc78,99875,162,2025-09-25
9c2eec59,95503,999,2025-09-26
e530f962,15495,360,2025-09-12
023ba4eb,20070,924,2025-09-21
4a24d667,19570,953,2025-09-15
1d6aa2a7,89777,399,2025-09-08
3e39ad9e,32038,226,2025-09-24
612433fc,96215,364,2025-09-21
6783e68d,40953,138,2025-09-18
8ff6c0a2,48939,229,2025-09-18
a8b1d867,91419,185,2025-09-15
c1dfe5ec,67425,472,2025-09-04
b3d2fefa,60783,806,2025-09-27
ea48c14d,14664,883,2025-09-15
6e36d506,76684,341,2025-09-17
5ab096bd,94270,743,2025-09-11
980f247e,89503,990,2025-09-22
70909e55,60433,971,2025-09-05
c4585f17,79015,440,2025-09-16
5aff7416,54145,826,2025-09-28
a1a6efed,73310,364,2025-09-13
6cf4cc93,84963,388,2025-09-21
75cdd805,12429,351,2025-09-15
3168c459,31774,968,2025-09-17
33ab0877,20160,35,2025-09-10
fd703f50,84151,46,2025-09-07
4809a31f,82579,275,2025-09-29
d9220e11,73188,306,2025-09-19
76c7ce8e,29418,569,2025-09-29
9affdaaf,60021,355,2025-08-31
a3284f2b,21853,111,2025-09-24
e33d65ab,38909,175,2025-09-02
86465a10,97771,36,2025-09-10
78cdd6f4,66190,37,2025-09-07
ddbe9026,94251,104,2025-09-26
ae3c6bb3,97418,83,2025-09-09
2dc05e18,33906,350,2025-09-19
6f8dbab8,53664,564,2025-09-25
80bf6826,74284,938,2025-09-15
20806d1a,20654,339,2025-09-01
2ac7ce54,58510,855,2025-09-26
a976b3cf,94617,190,2025-09-28
937640ec,79635,762,2025-09-23
078e2a7a,21559,706,2025-09-25
3e28e919,29770,216,2025-09-24
1f998352,20435,815,2025-09-10
9945d05a,90914,525,2025-09-18
5e3be3e9,20100,137,2025-09-18
4771cacc,58491,715,2025-09-24
b6a68c32,33955,903,2025-09-12
85dbe487,50925,982,2025-09-07
c3da474b,21643,732,2025-09-21
ef417d74,78812,290,2025-09-17
7f0173c3,46661,120,2025-09-26
f6ca97e1,28097,404,2025-09-02
33d717a7,26356,907,2025-09-26
709c7b99,30484,387,2025-09-09
c9e2da5d,38258,830,2025-09-20
de8e9f9c,57475,327,2025-09-26
d320d475,82536,132,2025-09-30
9350f155,75854,40,2025-09-08
e2eeae4c,73427,787,2025-09-23
24efc9c3,93662,474,2025-09-07
f1d99005,46446,59,2025-09-14
b6c4a54e,88632,510,2025-09-04
5ca8ff51,20652,983,2025-08-31
be55a4d1,20009,779,2025-09-07
8898306b,41852,311,2025-09-14
a8cc3ef9,51121,638,2025-09-29
717ac1ed,46180,793,2025-09-25
8df0effa,60544,975,2025-08-31
f040ce6a,86127,118,2025-09-21
af4aa557,15086,814,2025-09-19
8ec876f9,22267,944,2025-09-17
981051cb,46400,756,2025-09-30
7bb8cd8d,74955,768,2025-09-02
4901305d,35894,122,2025-09-11
f013294d,30875,132,2025-09-09
111b148b,70510,106,2025-09-19
28e5baa7,34774,66,2025-09-24
f17ecde3,33656,946,2025-09-25
6aad980f,68071,102,2025-09-12
abdfd992,95638,435,2025-09-15
9feaf5ea,77937,990,2025-09-24
f8e4bf77,78640,289,2025-09-05
2f8bbf10,77673,879,2025-09-26
85df0850,45436,736,2025-09-27
848cbeea,11070,241,2025-09-17
7e7da6ca,79163,421,2025-09-20
f9776a3d,43712,136,2025-09-19
82e499ec,37161,588,2025-09-28
04703827,23958,824,2025-09-19
ab1d9949,31874,421,2025-09-05
9ef07aac,31081,391,2025-09-08
26dad511,28744,397,2025-09-09
9425115d,98844,551,2025-09-01
4106d599,94951,43,2025-09-16
8832c6af,59324,138,2025-09-14
7e687a0b,69132,786,2025-09-29
9f54ff31,37373,488,2025-09-01
b02566ec,54341,242,2025-09-11
b0cf7dab,60064,989,2025-09-10
1df55bdd,44616,400,2025-09-30
b92eb0a1,52799,930,2025-09-24
6fe18799,67273,241,2025-09-07
a1e4a43f,43456,536,2025-09-08
7ba39122,78909,983,2025-09-10
5a02db39,52784,600,2025-09-02
d3605ad5,55185,145,2025-09-26
cccb2cc4,35490,433,2025-09-11
7fd7bf58,89348,551,2025-09-28
7ed1058c,83987,896,2025-09-27
16257558,59274,32,2025-09-29
11098db4,46635,741,2025-09-07
1259af7a,76284,291,2025-09-09
0a91689e,14152,19,2025-09-15
0025eb2b,14494,80,2025-09-03
387df904,97087,693,2025-09-23
18f1b206,83883,586,2025-09-07
db792c96,68970,994,2025-09-10
fae3bc9f,62946,239,2025-09-28
d54a6fd1,82057,584,2025-09-04
491c54b2,21136,907,2025-09-14
078195d0,13759,763,2025-09-30
1b7142ab,98621,21,2025-09-22
48fdc156,35294,357,2025-09-21
93fa17d7,23289,306,2025-09-03
571df8c8,91782,818,2025-09-18
acac3565,61949,882,2025-09-14
5fde6960,65920,464,2025-09-12
2df5ace8,30392,372,2025-09-26
05939299,68176,762,2025-09-17
005bb40e,78971,996,2025-09-23
2c814907,27519,279,2025-09-05
dea8ce9f,90810,789,2025-09-06
d455c7e4,80377,14,2025-09-10
4917b65f,21524,493,2025-09-14
f39cf25d,79120,394,2025-09-10
6bc9248a,76066,495,2025-09-26
53439e6b,89831,975,2025-09-22
730e3aab,11328,361,2025-09-18
45cc861d,62131,191,2025-09-28
1154cbf8,27928,824,2025-09-23
a6c6fbdc,47289,374,2025-09-04
3ae89398,36312,346,2025-09-20
6a5c8282,69155,553,2025-09-17
b0ff1ddb,54391,731,2025-09-04
ae6db736,73013,52,2025-09-23
ec42b4ce,20478,901,2025-09-15
fe81a3e7,47355,182,2025-09-08
16af60d6,98976,820,2025-09-04
c2c97da3,21377,446,2025-09-17
6e50ff09,91227,776,2025-08-31
633f6886,37512,375,2025-09-12
8f99c341,92000,704,2025-08-31
33849f96,72600,337,2025-09-11
f93f4dbf,68248,858,2025-09-23
437728a5,89610,118,2025-09-06
ad5c090c,76833,455,2025-09-05
bc05675c,44523,345,2025-09-05
28815744,44726,26,2025-09-15
56150d98,33990,318,2025-09-01
d214572d,19037,63,2025-09-25
7dbd3ab2,18567,988,2025-09-07
c2483341,52950,20,2025-08-31
359ea3db,67370,577,2025-09-20
28026fdc,54406,987,2025-09-21
17a1903b,24139,197,2025-09-23
8329f201,95856,27,2025-09-08
11e86649,42808,858,2025-09-24
d4eca3f8,92214,619,2025-09-28
a7c9fb0e,55279,701,2025-09-17
b667b5bf,79828,560,2025-09-16
c9cf932a,41373,579,2025-09-10
c8dc8779,26905,722,2025-09-17
3dd79c25,11852,570,2025-09-30
b019c7a8,11161,209,2025-09-18
7a892207,56772,294,2025-09-04
60a360ae,81642,944,2025-09-25
3c916479,99321,650,2025-09-18
c0a83ec0,71747,932,2025-09-21
73d921ff,21121,23,2025-09-05
3ad01805,47933,20,2025-09-09
18c947d1,42197,384,2025-09-06
e2047d99,95776,607,2025-09-15
cd1b32d3,54392,436,2025-09-01
f1a1c2e3,97715,969,2025-09-16
47afb43f,48203,674,2025-09-26
134df7a5,35754,879,2025-09-29
d21eb8e7,55943,314,2025-09-21
d78fb9b8,40299,873,2025-09-14
3e3488f3,25768,454,2025-09-16
663907ae,70050,999,2025-09-29
ebe1bcfb,16347,407,2025-09-28
4bd9fbfb,29940,439,2025-09-23
43c3f007,84415,9,2025-09-29
fe255c9e,88744,372,2025-09-25
5ee7e24a,86217,889,2025-09-25
4d9bce52,67728,19,2025-09-15
c92ef26f,25519,82,2025-09-22
9d465036,30631,289,2025-09-18
df834aaf,43597,694,2025-09-20
7602aead,85461,521,2025-09-26
75552b4d,26913,203,2025-09-19
e2184771,24266,329,2025-09-02
dad9f8d2,59475,427,2025-09-02
123a946e,55853,173,2025-09-19
27a9cc60,56491,818,2025-09-02
88be12d2,56066,795,2025-09-01
5e090510,68432,138,2025-09-06
0fcadd48,79314,269,2025-09-27
807f474c,37573,96,2025-09-16
549d4ba8,24281,710,2025-09-02
21ea0acf,89850,374,2025-09-22
0a87d712,73458,88,2025-09-19
2d9b99cd,38223,4,2025-09-07
cddb2d02,42353,55,2025-09-22
9f638e8d,15065,474,2025-09-05
2f04af8e,73381,321,2025-09-04
141c20ec,48449,185,2025-09-20
d4e75fb0,23754,90,2025-09-04
dd943890,30799,776,2025-09-19
8f72f4ed,22712,947,2025-09-29
630bdfb5,18434,67,2025-09-24
ea5ceac7,87231,149,2025-09-28
8801e51f,50841,221,2025-09-14
1f4a9c25,97579,540,2025-09-21
755ae2b4,43413,696,2025-09-23
c6f6e476,53617,775,2025-08-31
a600dd5d,15518,66,2025-09-19
1156005f,96545,12,2025-09-22
db702ec6,37170,868,2025-09-04
a0c65b0d,70550,703,2025-09-02
904e9797,53649,284,2025-09-05
e2b3e1ff,24892,182,2025-09-08
bf801b63,80221,873,2025-09-03
bd203ef9,97860,248,2025-09-06
8d15db1d,99144,301,2025-09-16
b79a8032,68036,543,2025-09-04
ddf931ba,48670,914,2025-09-29
f320d92f,37965,358,2025-09-01
37a548cb,20044,8,2025-09-10
b05d376f,66725,320,2025-09-21
6c324b18,63225,186,2025-09-08
c1892216,71031,477,2025-09-24
13181355,85089,61,2025-09-18
7c59ce61,22435,570,2025-09-22
67c6d390,27265,831,2025-09-23
816fc0e9,89661,382,2025-09-21
0eb5c9c8,60953,684,2025-08-31
32788da4,84020,238,2025-09-28
d02081bc,19353,908,2025-09-03
5ad5a74d,47129,338,2025-09-16
04e4a32e,46451,990,2025-09-30
9e2554e6,88550,443,2025-09-04
4c586ea6,33413,364,2025-09-14
79e3687f,42961,364,2025-09-06
dbd04d32,57049,369,2025-09-04
8c724288,87549,422,2025-09-30
0da340f5,43590,670,2025-09-24
c9a1ec4f,28818,513,2025-09-25
d3c8d98a,70682,542,2025-09-19
aacf7555,68207,699,2025-09-13
b989f085,45245,304,2025-09-02
a9219236,87909,286,2025-09-13
0bf7972e,65550,423,2025-09-27
9587d84f,99757,746,2025-09-16
65fdc127,48168,292,2025-09-22
211e05f0,78568,806,2025-09-30
09deccef,87551,7,2025-09-26
ed594ca6,90452,711,2025-09-25
99abce11,51891,298,2025-09-18
b5576007,67205,35,2025-09-24
2752279b,88309,975,2025-09-04
a9aa6773,95602,182,2025-09-25
a3c43105,44261,755,2025-09-05
8eb78f1f,27711,251,2025-09-26
482f6c52,26561,958,2025-09-09
65e606b5,25630,665,2025-08-31
aa2124c7,64965,91,2025-09-30
3e7c0e96,85651,266,2025-09-20
66794b92,61941,529,2025-09-09
b0387d25,82708,179,2025-09-14
83104d01,63241,399,2025-09-22
bc346a26,46398,560,2025-09-22
a28a515a,74571,629,2025-09-24
66f7187e,76450,293,2025-09-03
5f876fe8,55728,321,2025-09-01
d75db532,38576,256,2025-09-07
b382782f,26675,661,2025-09-07
6b8112a5,99284,343,2025-09-12
9a550c90,36455,452,2025-09-26
7769dadd,98772,735,2025-09-22
68c85ef4,74540,606,2025-09-13
73171680,26017,830,2025-09-02
ba3f1b1e,31421,885,2025-09-06
f46ab3c9,86401,549,2025-09-05
f4bef9d1,28526,839,2025-09-24
7b6d3ff9,57521,849,2025-09-24
29e724e6,70538,211,2025-09-24
a48b7ebc,32718,391,2025-09-09
c4bdc723,29773,282,2025-09-10
b1621e3e,48740,565,2025-09-09
badb8ef6,52949,331,2025-09-26
c57a217d,26079,875,2025-09-03
1a8fac6c,57049,366,2025-09-03
59eb1892,28077,678,2025-09-25
7fb7f686,15832,45,2025-09-29
029b88f6,29109,897,2025-09-06
af9489f8,13028,290,2025-09-08
f32754c8,34365,101,2025-09-26
32d40123,30769,821,2025-09-30
4557cf57,73573,414,2025-09-11
09adad79,45818,317,2025-09-17
6861cf02,74275,306,2025-09-14
62e4ed37,90375,344,2025-09-04
663853ef,70198,195,2025-09-08
5efdce59,71900,137,2025-09-05
2d2064b9,85713,581,2025-09-25
32f58937,31956,542,2025-09-02
5f729708,18747,800,2025-09-17
a21a7194,95952,30,2025-09-14
1382c2a3,34561,333,2025-09-14
d4e03bab,58340,835,2025-09-11
c97d7767,21728,944,2025-09-06
a551ebcc,50073,277,2025-08-31
57e858d3,85266,622,2025-09-05
da45fd58,55322,849,2025-09-16
80a76bdc,45081,154,2025-09-21
c067654a,86986,232,2025-09-22
c9887fdc,20432,16,2025-09-02
4a8907ce,64867,907,2025-09-21
e68d787d,40728,902,2025-09-26
30d65194,99632,344,2025-09-03
170a8ad5,60227,623,2025-09-24
a9e13981,61264,547,2025-09-06
ff0f5e0b,47505,814,2025-09-29
9c09d62a,82794,635,2025-09-30
95913626,57760,226,2025-09-01
8f1ca485,77283,454,2025-09-23
f1dd4fec,70963,505,2025-09-07
2ecdd73f,72810,638,2025-09-05
70ea0918,93522,755,2025-09-15
f74caf44,63280,599,2025-09-10
44c1a1cd,69494,114,2025-09-24
92197a9f,81779,489,2025-09-06
d8f83489,84241,323,2025-09-27
44764479,31958,901,2025-09-12
59430de9,42228,535,2025-09-05
7900885a,91731,537,2025-09-29
54a75dde,91675,959,2025-09-20
4cb7afc5,28210,451,2025-09-20
550a13b5,69725,384,2025-09-18
828ca04e,45261,985,2025-09-07
7d49ac59,29294,803,2025-09-27
81594370,47286,840,2025-09-18
6aa929af,13503,113,2025-08-31
b1a4e9e7,55441,111,2025-09-04
742ef9bd,19717,144,2025-09-29
90c0a6ec,60798,566,2025-09-01
e53dda0b,37243,659,2025-09-07
4a2e3e8f,49375,772,2025-09-20
5d99d713,86659,568,2025-09-03
5430d627,72288,101,2025-09-12
f425a5e9,80882,520,2025-09-24
cd31cb35,29648,238,2025-09-12
c2be3972,53107,70,2025-09-20
017e58df,69124,502,2025-09-21
9d8564f0,97505,440,2025-09-17
b8339f5f,97959,63,2025-09-04
4ca1ce6f,40483,601,2025-09-19
843e97b2,84786,443,2025-09-02
87fb543f,95187,435,2025-09-01
5974394d,15769,419,2025-09-15
0ac71a17,50208,457,2025-09-07
be883e10,74925,486,2025-09-01
07e8a827,79248,4,2025-09-21
43bb6d3c,95495,159,2025-09-27
b988ceb3,56906,325,2025-09-06
1836ddcd,63757,282,2025-09-16
bd6eed8f,87194,308,2025-09-11
35768a6b,76186,115,2025-09-20
bfe27cd8,86624,11,2025-09-09
0bf652d4,54894,214,2025-09-29
fc252474,57417,964,2025-09-26
5eee5b3b,51455,882,2025-09-27
7c4dc875,21148,776,2025-09-18
94e95d9d,30089,789,2025-09-11
2ff33754,14017,197,2025-09-23
0a4d47ea,80149,728,2025-09-13
ff3e514a,72651,985,2025-09-27
3f3cf97d,71857,447,2025-09-19
305911c0,89447,361,2025-09-22
f6aa17cc,74254,709,2025-09-28
47e18762,60143,463,2025-09-22
b307946f,15947,158,2025-09-04
a6c277e0,47843,267,2025-09-06
54bdd950,61444,463,2025-09-02
f4f4ca94,58010,300,2025-09-14
aef282b7,45977,878,2025-09-08
19c827e1,55745,329,2025-09-01
1b4de1af,23799,31,2025-09-27
d57d290a,78242,605,2025-09-18
fb554de2,34756,240,2025-09-11
1d2ee676,13753,965,2025-09-07
07b36732,76361,610,2025-09-20
d5dc2b37,41656,388,2025-09-27
e0342bb4,28671,565,2025-09-03
75728cce,91796,402,2025-09-04
769dc9c7,59876,510,2025-09-30
bf795611,72061,480,2025-09-04
f27f7e84,30348,881,2025-09-08
a7192a4d,58276,155,2025-09-24
e02ff4cc,64469,191,2025-09-19
0270b716,89250,57,2025-09-07
20fa7dcd,68681,516,2025-09-14
c9a350f9,31669,317,2025-09-21
c0cb51f2,26617,240,2025-09-20
1f9dd5ce,67340,29,2025-09-25
87b5bd96,93237,927,2025-08-31
17dd1bf9,55272,66,2025-09-09
0d85af78,44991,421,2025-09-17
0cbbcba5,67250,562,2025-09-05
c3a3d8af,78413,208,2025-09-30
53f302c3,94279,426,2025-09-01
fc5754af,50730,574,2025-09-28
6a4b97ab,59461,147,2025-09-16
ca6342ad,37006,311,2025-09-11
586593ee,61705,737,2025-09-29
c2ca4969,57164,617,2025-09-24
253f168f,47881,48,2025-09-02
93bf47e1,92969,976,2025-09-05
f2fdd260,45464,990,2025-09-22
27f6d86c,26909,786,2025-09-17
6ce4f330,95825,741,2025-09-21
aee32a24,54742,537,2025-09-04
8ea27845,10837,885,2025-08-31
0301dbe9,28385,649,2025-09-13
0611387d,95358,252,2025-09-25
d4d75926,95830,44,2025-09-24
590e34d8,28073,30,2025-09-10
b2f70ec7,31473,158,2025-09-12
53978278,67376,593,2025-09-03
33af9e57,74419,90,2025-09-28
3b90afa0,13491,854,2025-09-23
6d24ac8a,52993,687,2025-09-22
60dc522d,93222,943,2025-09-16
f350af51,16671,44,2025-09-16
ebe7e223,60241,923,2025-09-25
02f89bbf,59363,900,2025-09-13
37e078a0,65394,449,2025-09-04
e0b10e4a,28154,919,2025-09-16
e1cf3ee9,76169,508,2025-09-08
bdc95d1b,42979,955,2025-09-15
5bdb042d,41034,221,2025-09-22
280d9ee2,31433,635,2025-09-16
6092f180,78736,699,2025-09-08
b126429d,50414,713,2025-09-04
32144086,66072,805,2025-09-10
5e5a0cbd,27799,912,2025-09-16
2f4cb3fa,73571,544,2025-09-09
7b4ac439,33612,966,2025-09-30
1ff92a93,18539,740,2025-09-01
3297d4a4,52810,721,2025-09-14
d0b5ddcf,71376,978,2025-09-17
5fb32341,73156,80,2025-09-21
9c8ef283,34457,522,2025-09-28
313258bc,68951,134,2025-09-01
d57f21bc,11802,672,2025-09-30
8cdaa14b,92076,453,2025-09-21
379d1432,27180,995,2025-09-18
dce20200,91381,569,2025-09-17
e219e27d,83004,598,2025-09-21
b7d44778,88626,889,2025-09-02
50c15f08,95688,795,2025-09-05
6422d71a,11110,613,2025-08-31
700c3a8c,25191,786,2025-09-10
222811ce,70395,904,2025-09-23
f10fb32c,45112,301,2025-09-05
f4a0a96e,41101,791,2025-09-14
9d454d7c,90230,74,2025-09-25
c431fdee,87458,114,2025-09-14
2f07e063,67489,117,2025-09-04
c5ad63e0,13867,181,2025-09-02
a327acb9,63753,773,2025-09-13
1ae643d5,31359,807,2025-09-25
1254e64e,96040,543,2025-09-19
ac90f4ee,56233,138,2025-09-07
c5983314,68072,397,2025-09-14
01cf315b,46558,944,2025-08-31
632cdb7a,52302,686,2025-09-08
2177d526,44362,246,2025-09-27
10d9e62f,16762,826,2025-09-30
9279b34d,19632,640,2025-08-31
315b1ad6,55289,229,2025-09-05
f7191d3d,47341,327,2025-09-04
a250f8c5,89317,978,2025-09-05
e3b2609d,25530,832,2025-09-02
8598309f,96701,876,2025-09-26
6c8a005c,62540,6,2025-09-04
28ec5252,97790,883,2025-09-16
272c6695,84709,793,2025-09-05
2095962e,90978,878,2025-09-14
6570b9ef,36174,299,2025-09-17
3f5f5051,54805,501,2025-09-13
e1f39471,59362,142,2025-09-19
566f96a0,44162,396,2025-09-13
e6b005dd,60322,886,2025-09-23
ec613824,42818,140,2025-09-16
30155b65,79255,784,2025-09-28
ee01501e,50024,33,2025-09-03
010ff949,87776,555,2025-08-31
1d03137d,37814,261,2025-09-16
48082f8f,64787,254,2025-09-11
f9987401,62223,91,2025-09-12
aacc8cc6,14439,921,2025-09-07
a6b775fa,31812,989,2025-09-08
0347d7a6,19441,102,2025-09-02
85793e6b,59522,126,2025-09-26
9bbd47ae,27013,176,2025-09-21
cbeb6af0,46751,31,2025-09-05
77df454d,47911,681,2025-09-28
b26c9a27,64544,106,2025-09-26
645e449f,14939,64,2025-09-13
a763219e,21638,726,2025-09-07
ef06ea7e,41988,608,2025-09-11
2aab7728,69234,166,2025-09-19
8f3822a0,47573,169,2025-09-28
b21be675,53142,780,2025-09-23
9bd88a84,30887,644,2025-09-19
64500e68,53151,256,2025-09-25
39695ae5,24450,179,2025-09-30
cbdcf1c7,20944,650,2025-09-11
c9a4797a,66659,718,2025-09-02
f8237fa1,45690,171,2025-09-19
e4bf6666,56937,534,2025-09-19
796ad1ee,16630,776,2025-09-08
1710595d,13724,23,2025-09-09
e6fd3f2b,63597,9,2025-09-19
d87a92d8,59656,680,2025-09-13
6a5cafc1,32214,128,2025-09-21
4f700b43,45181,570,2025-09-26
ee298d8f,65587,67,2025-09-25
307cfd27,49940,348,2025-09-10
ae8f0a91,54138,683,2025-09-19
a2f287da,85481,871,2025-09-04
90f12beb,54164,686,2025-09-02
d20229c1,23743,727,2025-09-18
d454a950,15227,195,2025-09-18
18a6f1c0,81616,951,2025-09-13
2c8cf409,57890,605,2025-09-13
10d933f4,70029,289,2025-09-19
de38c846,29354,654,2025-09-14
379c1595,70179,660,2025-09-05
7b663762,67781,74,2025-09-27
8a40c835,45568,414,2025-09-06
a6cdab1a,23241,618,2025-09-14
7cc2fc57,68777,243,2025-08-31
7858b323,74596,271,2025-09-26
38e1ac76,49758,340,2025-09-04
c8f1e837,40556,725,2025-09-03
f8d5f7d1,33925,71,2025-09-17
39cac4cd,39252,901,2025-09-20
ec5b8268,38224,999,2025-09-02
6fbec207,78524,94,2025-09-04
78fb732b,83200,461,2025-09-14
9146bff2,23545,124,2025-09-28
3050a973,77922,314,2025-09-27
5e56e345,35031,226,2025-09-18
40efa4ba,73954,377,2025-09-08
52aaa510,25997,520,2025-09-10
b966a33e,90744,306,2025-09-20
5d584f07,77984,453,2025-09-04
649e0711,61967,451,2025-09-07
a33c28fe,46182,950,2025-09-18
e8a3b651,78461,397,2025-09-23
c98e293b,56958,689,2025-09-09
5a340d12,18761,544,2025-09-02
9dc72ddf,98557,556,2025-09-26
994a14be,80963,732,2025-09-13
41f2f335,73046,468,2025-09-09
7a08d2df,96297,236,2025-09-01
c9cee2e7,80037,622,2025-09-18
b1f1d9a4,87951,2,2025-09-08
670d4ce9,80830,257,2025-09-20
c4cdbd16,37206,49,2025-09-13
49bcfaba,84041,720,2025-09-24
9edec77a,42497,871,2025-09-03
0975521f,97266,972,2025-09-17
0cca8805,40524,979,2025-09-25
84321616,78863,992,2025-09-09
1476fd19,53219,72,2025-09-26
91cdd4b4,64912,422,2025-09-03
cbd53c1e,64038,151,2025-09-05
d009780f,17416,494,2025-09-16
dd6758d9,69753,63,2025-09-09
91aa313c,96762,357,2025-09-05
c4ac8fdb,72603,300,2025-09-28
63495df3,10133,112,2025-09-25
77c99006,46119,976,2025-09-07
5fb1d653,15121,783,2025-09-09
29589853,16525,32,2025-09-12
6a691b74,94464,241,2025-09-23
9063f95b,81879,273,2025-09-28
3d27d530,80878,46,2025-09-19
046f5037,57185,873,2025-09-03
c82c6388,41988,509,2025-09-23
6e418941,57468,83,2025-09-28
317b971c,18047,183,2025-09-02
094beab9,30356,374,2025-09-25
cc575dea,51470,163,2025-09-30
ce7fc37c,41137,29,2025-09-15
0ffbd238,81368,301,2025-09-12
3c7a53da,85693,7,2025-09-11
d2bdf8df,28671,293,2025-09-29
b73a21f0,50587,518,2025-09-30
75fd220c,49336,834,2025-09-16
385292b4,81676,247,2025-09-11
3d600446,58556,702,2025-09-12
b83899a3,29826,78,2025-09-05
ca4c12d4,85962,460,2025-09-01
1cac1a55,58059,698,2025-09-26
1c4bd42c,98242,436,2025-09-18
4eae9903,31819,409,2025-09-05
cf73638a,28187,111,2025-09-10
2ecd1622,93608,920,2025-09-26
31fdde99,66058,61,2025-09-30
793b8a78,92561,879,2025-09-12
f98fcbfb,78003,619,2025-09-30
36a79ec8,19528,953,2025-09-27
37063dd7,61932,686,2025-09-16
4c1f80a2,24345,932,2025-09-11
f6c91753,24887,349,2025-09-14
4b17f7e5,52799,492,2025-09-03
0fae952c,89422,705,2025-09-08
da7e80c7,42239,393,2025-09-13
5464b7a2,37019,194,2025-09-21
44baeeac,34748,488,2025-09-27
e1e3eeb2,25779,333,2025-09-06
5270c833,59428,939,2025-09-24
27ad5c5b,95678,651,2025-09-19
8f18ee17,30446,599,2025-09-01
6bd37646,23614,746,2025-09-26
c9ba6195,31479,978,2025-09-30
71ad9277,88916,888,2025-09-01
e956d56a,31621,405,2025-09-28
6fbb76e6,49581,874,2025-09-09
45e2658f,12550,742,2025-09-25
f79b05b3,95573,748,2025-09-27
4b736809,26943,180,2025-08-31
8ddd98eb,82730,220,2025-09-27
e1c9d8b1,30597,442,2025-09-19
103ef95f,36802,684,2025-09-28
f9b86d55,88807,931,2025-09-30
f413aba7,35173,989,2025-09-14
63553603,44922,998,2025-09-03
b9108b34,67355,81,2025-09-17
9a459aa8,87329,831,2025-09-28
1e90f85c,13232,827,2025-09-27
7fd141b5,74598,107,2025-09-22
344a79c6,84529,924,2025-09-08
224b2df9,19485,703,2025-09-12
8ee52dcd,32782,113,2025-09-25
2578e17a,71877,831,2025-09-08
18ffccae,33755,718,2025-09-10
39f1ac41,63645,116,2025-09-17
a2ae99e3,55382,42,2025-09-06
dd092502,40224,648,2025-09-19
513bd770,22776,838,2025-09-22
37546c57,61249,222,2025-09-29
a73a5115,55308,30,2025-09-10
b7b2a8fa,65171,711,2025-09-08
d25d2de0,30749,305,2025-09-05
bb4149d2,83938,530,2025-09-02
73641817,24183,587,2025-09-28
a3650640,32603,723,2025-09-13
a3efc983,73453,379,2025-09-10
b424a058,27221,801,2025-08-31
ab5da2c8,92923,869,2025-09-12
ceafb3e9,11800,895,2025-09-28
a513006a,63233,744,2025-09-29
691f5eb5,97557,681,2025-09-11
4765008d,57906,839,2025-09-08
5b281816,94614,14,2025-09-19
f630c627,33107,820,2025-09-24
870c98e1,22775,748,2025-09-25
262f4039,20735,332,2025-09-10
361956d6,92056,999,2025-09-13
9f88073c,55436,343,2025-09-08
5b05a265,44504,76,2025-09-20
3abf3209,81635,259,2025-09-02
4a543974,79133,371,2025-09-08
7b0ee319,45985,187,2025-09-14
3c863833,49408,454,2025-09-22
4e4b74c8,16942,382,2025-09-02
3cef046b,57386,123,2025-09-04
6188eab9,47389,613,2025-09-27
d9df72f5,67811,653,2025-09-11
c8382a89,34168,525,2025-09-08
d6df9c0e,75343,236,2025-09-01
d24c38d5,23749,50,2025-09-28
12fe75fa,64819,509,2025-09-12
7ef76cfa,26032,833,2025-09-13
e090c601,36830,283,2025-09-21
64a3fb98,50661,414,2025-09-13
e71d112e,21711,275,2025-09-20
bacf363b,87178,847,2025-09-03
3f5c8399,55867,739,2025-09-07
ef5dec7b,53666,212,2025-09-11
c591f82e,92798,290,2025-09-04
987291d1,93711,846,2025-09-29
b58438b1,88206,39,2025-09-19
eb6998f9,66669,206,2025-09-13
32e8e374,51383,532,2025-09-07
ea01440c,53850,230,2025-09-15
bfe71159,42968,710,2025-09-28
33568cae,17154,365,2025-09-10
3c26d97e,64172,446,2025-09-18
3835c59a,60289,630,2025-09-13
7f24ca37,91724,316,2025-09-17
c83c0249,15700,340,2025-09-07
a181c213,25415,532,2025-09-22
3909a8b5,94498,32,2025-09-28
039f372e,26963,476,2025-09-11
eda32664,99985,165,2025-09-22
94bcafab,26263,973,2025-09-17
1a060b18,33036,636,2025-09-02
6edb6a16,73288,671,2025-09-16
96a4fa4b,94358,773,2025-09-10
5ccc98ab,50804,389,2025-09-17
718f0958,12043,912,2025-09-04
dffa9270,90584,39,2025-09-05
69c2d5e4,96008,344,2025-09-25
4acdc405,67956,215,2025-09-25
ae8ded63,64654,271,2025-09-16
66879f55,30292,863,2025-09-10
57b5b274,60532,980,2025-09-12
5eab09b1,50586,364,2025-09-08
afbae470,17247,606,2025-09-08
021e7f2e,82319,993,2025-09-19
c8f30511,36300,84,2025-09-03
f2085558,88701,757,2025-09-22
2c0a08bc,17252,326,2025-09-28
009ef34d,49989,213,2025-09-12
25fae566,47723,983,2025-09-18
a7ba50cd,32575,702,2025-09-26
228efa6d,30656,270,2025-09-10
cd29c4e9,52181,883,2025-09-19
9cae2bcc,86397,188,2025-09-19
95fe7a08,81896,579,2025-09-11
365c044b,98305,50,2025-08-31
63605c2a,33922,836,2025-09-25
5754a66e,33311,295,2025-09-01
5e8140bf,37696,445,2025-09-16
fd98c1b1,90436,64,2025-09-17
a76f2115,20030,58,2025-09-08
0e8fee77,36292,177,2025-09-13
b571e4ad,89837,163,2025-09-28
c5134131,14780,813,2025-09-11
6ca5a9ac,75961,376,2025-09-04
88208b35,58187,81,2025-09-09
c1e49521,86619,133,2025-09-24
67252976,16304,21,2025-09-05
e0030577,92448,25,2025-09-01
a768f502,45495,362,2025-09-13
e899d133,51305,966,2025-09-26
38a47d18,37120,940,2025-09-12
a7e129d9,20074,145,2025-09-21
58021b82,31339,305,2025-09-09
1f45bab7,25196,186,2025-09-13
b44f5b4f,18672,313,2025-09-29
32a059d3,41683,788,2025-09-04
d493de88,99132,515,2025-09-21
57d63424,43555,57,2025-09-22
490a08ce,30398,127,2025-09-08
1bc46b85,32407,2,2025-09-19
61a1d060,36935,261,2025-09-06
bb9f4796,56619,875,2025-09-07
0a13ca7c,21891,584,2025-09-21
6665164d,59632,206,2025-09-28
8e08747c,15118,177,2025-09-01
159b0f5f,87306,977,2025-09-23
26032cbe,41600,978,2025-09-18
827e05cc,39415,747,2025-09-01
6112144a,97796,960,2025-09-26
8a2dff51,15942,501,2025-09-13
35611456,40031,683,2025-09-27
9ed85dd7,54371,776,2025-09-12
df021902,74547,740,2025-09-21
72f575c5,50362,787,2025-09-23
cc85bb8b,81919,322,2025-09-25
9364e35f,38625,469,2025-09-28
f5972a03,63369,870,2025-09-25
5061d5cf,55801,997,2025-09-01
5d157894,14247,993,2025-08-31
7fbc2996,54827,319,2025-09-13
be933b42,93420,635,2025-09-29
2b52e8bc,37310,157,2025-09-17
c2a7a842,89107,653,2025-09-05
bd8e797a,59094,453,2025-09-10
b1e00db5,38932,684,2025-09-05
3bf42fe2,81797,349,2025-09-08
d8fb57b7,55745,225,2025-09-16
cf369094,24854,375,2025-09-10
60e1cc83,99059,590,2025-09-16
2d39fa9f,25174,478,2025-09-04
fe2c1d55,76430,811,2025-09-19
e0c6d288,67434,98,2025-08-31
de9d30bc,97021,301,2025-09-16
e21b2df5,83196,223,2025-09-20
e1bfe4d4,93974,682,2025-09-10
6c5974b1,70236,869,2025-09-07
a0242965,19453,126,2025-09-03
b7b8c806,70087,569,2025-09-15
c8c6d5db,15053,315,2025-08-31
6ff64c90,97918,293,2025-09-06
a6e308e0,99937,32,2025-09-30
daba33a1,81603,117,2025-09-23
26b8ea1e,29457,671,2025-09-02
f679e19a,33431,406,2025-09-14
983e7aec,92921,386,2025-09-30
3c2ed3fa,18165,503,2025-09-26
461f434d,58806,356,2025-09-12
c2dc2633,85045,735,2025-09-22
412fd3f8,68890,352,2025-09-27
09cf31ab,27551,81,2025-09-15
2a713c0a,11960,86,2025-09-20
a5a4a650,11966,613,2025-09-01
fa597ba2,67869,172,2025-09-01
287f488c,28425,705,2025-09-04
80c5a812,66214,562,2025-09-11
a36a1391,64282,794,2025-09-08
bd5736ab,61528,384,2025-09-19
5028828c,47097,655,2025-09-07
1163b095,67147,345,2025-09-01
62a4c381,90185,670,2025-09-25
a4e9564b,48879,669,2025-09-15
6372f2fd,26408,42,2025-09-04
7ff4a581,70929,276,2025-09-25
fc39a529,85299,631,2025-09-30
43ee09ef,99745,704,2025-09-25
057b6dde,49200,45,2025-09-12
d9b4c898,79656,233,2025-09-20
c37c7eed,52674,364,2025-09-16
663f3237,54109,364,2025-09-05
b671dce6,53568,423,2025-09-20
f0a3d1cf,34315,187,2025-09-04
fbfa14df,89396,640,2025-09-17
ece5a5e0,29593,511,2025-09-26
44a998bd,57418,446,2025-09-14
a0593726,42655,757,2025-09-24
a169ded1,85641,584,2025-09-13
30cdc875,18831,192,2025-09-10
04ea1d18,81037,339,2025-09-02
0a456b2c,27102,688,2025-09-23
c3adba72,33005,76,2025-09-27
579464c0,35832,897,2025-09-28
7f6e1ef5,62922,581,2025-09-30
83453fb1,58885,633,2025-09-21
d2b78be0,23362,520,2025-09-14
bd31e300,81500,238,2025-09-14
56a2d093,79501,364,2025-09-11
b9bd68e1,88152,470,2025-09-25
5199231c,68671,227,2025-09-09
93cb944d,22568,332,2025-08-31
659f3abd,57024,242,2025-09-01
9a75842c,92506,534,2025-09-09
89636efc,33158,358,2025-09-14
de6b1d01,93871,371,2025-09-13
983a543f,24247,778,2025-09-05
6ce309df,34627,741,2025-09-23
adeb5a8c,10542,24,2025-09-11
b1704c90,82948,940,2025-09-06
dd31eb1e,12393,663,2025-09-24
2095962b,64693,720,2025-09-15
79c92489,94354,809,2025-09-14
4355fa08,82635,104,2025-09-10
b4882714,74909,465,2025-09-15
c65e900a,25657,364,2025-09-13
1dd582bf,77295,45,2025-09-06
8c96db35,22046,427,2025-09-26
ba010431,99036,66,2025-09-19
a43e8a20,28552,640,2025-09-11
f410ee12,22365,398,2025-09-01
35fb0317,48159,473,2025-09-03
d7a84863,93264,311,2025-09-12
d1493fc3,38760,24,2025-09-10
200a6d6a,57356,1,2025-09-10
9eddf263,76457,642,2025-09-02
e859138e,84397,588,2025-09-09
065602fb,62455,554,2025-09-05
2b9cfacc,54414,389,2025-09-07
5b0cc3fa,76590,503,2025-09-02
4b54d0a2,82512,204,2025-09-13
b77d65e8,55617,875,2025-09-02
17943fba,92880,338,2025-09-14
1073b21b,73019,686,2025-09-04
ee116acc,27273,432,2025-09-10
347b6b9b,14024,277,2025-09-14
5f7d5e26,83044,467,2025-09-03
dfa94540,27580,380,2025-09-13
28ef1d25,84473,855,2025-09-26
140f1e7e,46566,340,2025-09-16
5075beea,87117,696,2025-09-21
939cd08b,48748,282,2025-09-12
35c2e22b,81906,900,2025-09-30
9a52e03d,65753,668,2025-09-17
57d30b3a,99585,169,2025-09-04
b0fa2be2,62183,783,2025-09-21
1ab28dd8,64822,577,2025-09-06
1f77cfa8,87436,99,2025-09-09
395609e9,10743,882,2025-09-19
c6be7700,69169,922,2025-09-28
b620dd2f,34790,504,2025-09-03
7405e458,16631,384,2025-09-03
1179f16b,28962,67,2025-09-19
3b434b0c,32019,229,2025-09-12
75ec4089,18230,821,2025-09-12
51b95902,10548,736,2025-09-11
2b181d24,92262,416,2025-09-25
1d045c2e,21267,277,2025-09-06
07e4b81f,86242,602,2025-09-19
f0a1f622,96108,59,2025-09-05
ca842b47,89778,763,2025-09-08
74eef83a,42275,629,2025-09-11
249ca750,96818,483,2025-09-29
601642a9,86646,98,2025-09-20
bf134a49,65425,406,2025-09-29
46d56d8e,11385,814,2025-09-03
7c962f91,54492,59,2025-09-29
378fcbd5,54997,460,2025-09-20
2686d5f4,60053,443,2025-09-01
c89fd1fb,99626,737,2025-09-21
c36fcf13,59682,669,2025-09-13
4a016d75,25379,689,2025-09-22
18cc282e,84891,476,2025-09-21
2a30fea3,64218,282,2025-09-24
398c59d0,24879,594,2025-09-05
c53b9719,69902,21,2025-09-01
607d2dbe,43322,788,2025-09-30
90571870,95261,676,2025-09-04
80da7dff,23482,434,2025-09-10
ab6781e1,33617,112,2025-09-08
daaa4883,76851,735,2025-09-09
20d38699,67030,137,2025-09-12
18802a1b,19875,606,2025-09-06
0be38bd6,72164,144,2025-09-27
d2b7e759,46018,913,2025-09-19
be0221d5,33575,388,2025-09-14
059cf945,41525,575,2025-09-30
d32bc105,48990,574,2025-09-23
8409fc56,13848,604,2025-09-27
35e1251c,12686,440,2025-09-13
90e76bc5,41501,958,2025-09-20
429f91b7,50181,26,2025-09-28
5761a3d5,39886,223,2025-09-05
3b918094,80461,636,2025-09-10
106a3762,46155,70,2025-09-24
dbce9bbe,21699,299,2025-09-23
0482f0c0,12785,265,2025-09-07
eaf824a0,76754,700,2025-09-11
43d14dd3,91345,556,2025-08-31
442a6502,89830,150,2025-09-24
ca6d98b2,52690,130,2025-09-21
b33c0e5b,31474,360,2025-09-02
e62e0e14,24112,619,2025-09-22
5a5317f6,13810,249,2025-08-31
9f1cd001,66306,769,2025-09-03
563b4f7a,60621,614,2025-09-29
575fe368,61572,182,2025-09-18
779e8233,34493,10,2025-09-22
0e7c6495,91981,517,2025-09-29
7d0ddc4b,11500,471,2025-09-04
c29c4efd,97147,230,2025-09-18
6fa606aa,28445,181,2025-09-17
8df0c22c,38300,879,2025-09-28
34493dc8,89711,338,2025-09-23
db8636c1,44323,802,2025-09-08
f947f44a,44699,463,2025-09-23
5a0eb196,11960,387,2025-09-02
765c5164,57356,599,2025-09-28
55fb9df6,26869,742,2025-09-11
a18639ef,77408,159,2025-09-23
9d8bbe25,82291,231,2025-09-10
60f0d2e8,20434,272,2025-09-18
053f854d,97301,826,2025-09-30
7ba44a12,32484,766,2025-09-11
5ad9add7,77153,543,2025-09-02
560b9c77,75537,551,2025-09-21
6a7fc50a,16490,103,2025-08-31
25cf70ce,60139,878,2025-09-27
d0c7d7cf,11259,70,2025-09-17
1fd545f3,88409,227,2025-09-25
54d4871b,85320,89,2025-09-17
9cf79481,39648,381,2025-09-11
c6c529c4,65310,495,2025-09-14
7a4c8f96,69065,922,2025-09-12
ff5f9101,12664,957,2025-09-12
981d2696,34462,797,2025-09-28
5ad8f8ce,88542,926,2025-09-28
267881c9,88677,5,2025-09-26
b78c830b,91895,248,2025-09-13
a2ddd485,65913,725,2025-09-15
cb2b7745,79690,128,2025-09-29
4d112a75,64035,550,2025-09-13
505cc128,64287,569,2025-09-05
3730cb91,99135,846,2025-09-28
24f0a4a0,45934,971,2025-09-13
f6661b6b,40800,491,2025-09-24
470c4b20,34495,258,2025-09-14
812aa6d7,14409,383,2025-09-08
7d357ac8,58568,942,2025-09-14
eec7b634,45231,305,2025-09-24
e5e0bd8a,84451,7,2025-09-22
23b20b84,69858,966,2025-09-23
d41dc180,19668,375,2025-09-24
4bbdb7b0,47248,180,2025-09-10
8b52ea65,89682,632,2025-09-17
bcf8810c,20435,800,2025-09-10
8ba644d8,49897,63,2025-09-19
d41bff15,82514,139,2025-08-31
dab9b29f,15908,699,2025-09-15
61e9f793,46141,22,2025-09-04
64f9c363,65857,804,2025-09-07
387b91f8,48664,982,2025-09-24
24db39b2,96021,694,2025-09-28
4845dab2,67678,355,2025-09-20
d4093ced,38130,290,2025-09-30
63fea562,25350,713,2025-08-31
5ac24cf2,45102,881,2025-09-12
7deb2947,62281,564,2025-09-15
88da2275,99105,670,2025-09-06
10f50677,40613,324,2025-09-17
45bf27c9,19461,1,2025-09-26
ec35abb7,29509,98,2025-09-17
6ec37db1,42482,880,2025-09-03
dd59fc9b,38428,75,2025-09-23
6356e640,16498,495,2025-09-05
fa9551c6,67710,281,2025-09-12
76f840c1,47971,60,2025-09-17
108a4c57,94279,149,2025-09-05
7ed13ba3,34641,389,2025-08-31
af9e61f3,89003,364,2025-09-02
b29ef749,81125,775,2025-09-08
2e797af7,20230,126,2025-09-23
13ce99bd,78392,12,2025-09-16
4d9453d4,95644,215,2025-09-06
f4600879,93452,881,2025-09-17
072f4501,44773,331,2025-09-18
e18db936,70917,760,2025-09-03
a07479e1,87229,889,2025-08-31
936afbc4,29825,256,2025-09-01
86c61a74,82930,999,2025-09-03
ed283eb9,42078,632,2025-09-13
f48b4a42,71099,355,2025-09-12
f6734391,56674,877,2025-09-16
1c595610,40945,156,2025-09-15
7a8d149d,25920,138,2025-09-15
1e681e45,11649,172,2025-09-20
f09f9377,43881,964,2025-09-26
9c2b7bba,18393,731,2025-09-29
c50ec71f,23771,538,2025-09-20
33808c66,70702,888,2025-09-27
cb36343d,49379,638,2025-09-19
1664ade8,35593,783,2025-09-02
70648645,11112,586,2025-09-23
68947f8c,48266,874,2025-09-01
037cd280,77314,896,2025-09-02
1a306aa0,86855,463,2025-09-15
234e6e4a,36453,758,2025-08-31
c6e79cdb,70281,559,2025-09-12
b270143f,74900,382,2025-09-20
89c0e769,65788,321,2025-09-19
72c5616a,74988,934,2025-09-15
8f22ef25,85025,627,2025-09-16
acb42e72,14286,930,2025-08-31
d40c2c33,70581,442,2025-09-18
68251112,31107,654,2025-09-19
b783f12b,14708,241,2025-09-10
61749978,62955,60,2025-09-10
5de1a6e8,71947,690,2025-09-04
28ce2afe,86266,337,2025-09-30
d4bed2c3,89301,972,2025-09-11
ae1109ed,19021,564,2025-09-27
244d9129,70625,737,2025-09-23
1d6e6b90,66780,310,2025-09-07
68d935e7,46816,777,2025-09-08
b28ec3f3,62165,339,2025-09-19
03bd4ae3,15804,207,2025-09-12
42a2738c,20990,946,2025-09-16
71e4a1a3,57419,620,2025-09-21
93913a8e,84083,471,2025-09-23
7ae8fb1b,36696,523,2025-09-22
82c014cb,83914,455,2025-09-22
a4144761,23377,287,2025-09-08
4fbca799,59089,190,2025-09-30
1426fb65,40727,920,2025-09-22
c3fae1a3,13749,170,2025-09-18
534578bc,72797,949,2025-09-25
99b1db29,98420,320,2025-09-01
8fcdd795,18862,899,2025-09-12
d4f93c9a,22510,219,2025-09-01
f8a0ffbd,57610,819,2025-09-25
49af339d,69076,509,2025-09-27
268ecaee,16975,337,2025-09-27
5ac8b200,21799,431,2025-09-21
ffa85d31,60009,217,2025-09-12
53b25932,53131,284,2025-09-21
4fe7fe27,83139,700,2025-09-13
9244d529,52614,712,2025-09-12
b8cb96c5,29180,909,2025-09-10
3543c63e,29418,487,2025-08-31
b7b3e84e,70765,36,2025-09-22
d545571f,54196,217,2025-09-19
82422b67,65771,912,2025-09-08
cdc7148a,22003,542,2025-09-16
1fe97063,59376,963,2025-09-21
d6270c20,99585,591,2025-09-09
70ef23f4,84911,966,2025-09-13
1c2e40a1,35550,644,2025-09-20
82d3d1a6,26634,148,2025-09-05
7fb399e4,35007,767,2025-09-05
92a4ab09,63693,166,2025-09-10
c3bf6acf,32644,880,2025-09-14
0d21418f,27733,727,2025-09-27
8d7fad62,28194,285,2025-09-20
51aeaa18,10322,763,2025-09-13
69e31fe7,67612,66,2025-08-31
e726a58f,63189,550,2025-09-02
6d9f2bc7,11877,589,2025-09-23
d87099d0,23277,846,2025-09-07
cd44254b,29650,267,2025-09-23
2d3aa645,43168,452,2025-09-26
df9b93bb,28725,764,2025-09-05
b62690fd,18504,445,2025-09-02
f49e6f2b,64789,851,2025-09-02
ff039d99,94210,9,2025-09-02
c55c64b9,51691,973,2025-09-14
46cbbc28,29198,586,2025-09-09
f648bfc1,66933,355,2025-09-02
e297f695,30879,590,2025-09-14
bbc38e6c,96524,319,2025-09-03
d93da396,79161,357,2025-09-19
da24a4ca,70420,641,2025-09-29
c19cfcea,63137,647,2025-09-09
f6a4ec00,66350,603,2025-09-04
aabd7f1f,35543,344,2025-09-28
cb92c1fc,84432,939,2025-08-31
59a61da0,38315,163,2025-09-28
c55ef02c,14990,86,2025-09-28
ab2675b6,27820,949,2025-09-12
8a0db5a6,82404,659,2025-09-18
8b6fadcd,98067,656,2025-09-21
885ac1be,57124,770,2025-09-25
a91bfc00,36482,758,2025-09-14
0602f50f,75558,154,2025-09-29
ecef7985,44337,200,2025-09-22
f335ed37,43564,115,2025-09-04
883698be,74339,164,2025-09-10
4af67edf,27293,887,2025-09-06
6f0f7fc7,46431,813,2025-09-12
d9bec9e4,49519,466,2025-09-27
0bbe1fa3,95272,792,2025-09-21
d2f7a65f,17675,198,2025-09-02
1c3d97cf,80228,118,2025-09-14
13774037,53431,845,2025-09-21
c702e73f,89059,139,2025-09-23
82084905,76700,232,2025-09-08
5221363f,41476,948,2025-09-17
208655a3,69337,582,2025-09-18
550a1ff1,11956,749,2025-09-20
b86264b1,51624,69,2025-09-25
28f6b0e9,63880,974,2025-09-20
733867eb,85802,836,2025-09-10
05ff1a1f,53282,423,2025-09-21
601e85ca,16059,960,2025-09-16
0d620aee,86497,248,2025-09-04
90456060,65194,507,2025-09-14
d5dce279,51703,512,2025-09-22
9f5bbb3b,79681,185,2025-09-03
01462c2c,84317,546,2025-08-31
0ff2a854,77076,484,2025-09-07
c02e5d31,19069,324,2025-09-20
beedb756,15697,561,2025-09-26
2732acf5,70417,30,2025-09-03
982d8615,10436,173,2025-09-12
72c27e11,72799,409,2025-09-26
2c8d6db1,53188,397,2025-09-05
4df52b16,32825,892,2025-09-16
f8dff43e,83207,488,2025-09-11
f7f03bcc,99531,619,2025-09-21
2b26ddf2,31518,477,2025-09-14
753a507f,56837,540,2025-09-14
9ec7c6fb,30245,645,2025-09-20
ce06f90e,50098,471,2025-08-31
7c64544f,66603,268,2025-09-02
c3c459c7,80301,832,2025-09-06
3418c901,40724,508,2025-09-21
c514a153,57927,118,2025-09-26
456a4063,52776,636,2025-09-28
df3aa127,96435,4,2025-09-10
3a8738b5,21881,966,2025-09-14
8fc89359,96798,852,2025-09-27
800fa2ba,95536,580,2025-09-11
5ef0ba94,24939,778,2025-08-31
48fbef87,15269,559,2025-09-13
7e296727,60036,457,2025-09-27
a61a18c5,85366,149,2025-09-27
031b5934,72968,350,2025-09-24
fd4b299b,47527,370,2025-09-26
f4abf7f6,64781,134,2025-09-17
15a1d2e8,99569,856,2025-09-20
00168e9c,36909,249,2025-09-20
c06a4b20,61283,525,2025-09-01
52bd091c,23361,305,2025-09-02
7247f33c,96790,968,2025-09-17
62e7d06e,38263,930,2025-09-27
edadb928,47488,409,2025-09-15
50348ad3,21924,297,2025-09-23
9b7018a9,60714,173,2025-09-25
85105d91,65030,126,2025-09-15
d41b11c3,88332,556,2025-09-13
6f79c652,33524,865,2025-09-21
8d51a164,42501,112,2025-09-03
b8e1011e,12355,465,2025-09-18
d6a63515,75634,863,2025-09-16
dc775767,95703,917,2025-09-03
cad2d66a,29848,689,2025-09-17
a1e5cdda,66977,999,2025-09-27
6a15ac38,85003,684,2025-09-21
c6a5ab65,29766,413,2025-09-06
3cdb6159,83000,945,2025-09-02
792a3671,65833,115,2025-09-07
82f8200e,47232,60,2025-09-25
d6e95d21,56377,74,2025-09-26
c571fe48,97038,840,2025-09-04
c9944a3e,44413,136,2025-09-13
f83193c6,92747,570,2025-09-08
a3ea9a90,78508,476,2025-09-15
9d22a8df,73419,727,2025-09-19
4f7022d6,68613,817,2025-09-09
c5f50180,65319,99,2025-09-11
9e5d87a2,27149,369,2025-09-05
7ad99daa,64539,870,2025-09-06
82815650,94451,171,2025-09-16
b4679101,63110,817,2025-09-01
8b57bb00,93984,670,2025-09-06
33894647,61888,163,2025-09-04
5777004f,12915,389,2025-09-02
9656a2b0,17379,544,2025-09-12
f172afad,33445,136,2025-09-15
b8e11174,56587,981,2025-09-12
c2bdc180,99447,489,2025-09-09
e9b29d7e,36654,511,2025-09-20
154190de,94790,713,2025-09-23
7b366233,97806,915,2025-09-30
82118aed,89791,945,2025-09-22
9405cfa9,62233,562,2025-09-25
f1c6ed81,46975,120,2025-09-01
dddb6906,40251,956,2025-09-09
489f4e6e,39608,998,2025-09-05
82e6c004,61358,421,2025-09-10
d58bb2f2,72231,248,2025-09-24
e8fa179c,98197,313,2025-09-25
7b6cf7f2,86153,3,2025-09-07
6b3c6b39,35238,67,2025-09-21
b6d54f3a,11352,402,2025-09-26
41d15786,28206,909,2025-09-14
5b0f93b3,87462,357,2025-09-03
08f9bcbb,78823,193,2025-09-10
b913b325,10931,123,2025-09-16
e3a58524,78662,454,2025-09-11
d76ad1fa,56893,853,2025-09-27
ac77bbee,93068,538,2025-09-16
7cad11e2,90309,511,2025-09-10
32898163,23662,903,2025-09-10
c618bdd3,35393,946,2025-09-23
f8d31bc7,43295,329,2025-09-22
6b9fc2c0,62663,130,2025-09-16
2b6c5565,66757,225,2025-09-23
405f80fb,61005,510,2025-09-25
00730dc9,20801,442,2025-09-29
47863f17,53922,973,2025-09-16
b257aeb5,20364,978,2025-09-14
15317f7a,54827,546,2025-09-04
3cb69399,69139,368,2025-09-19
583fda7f,95949,490,2025-09-22
6dda21bb,11484,905,2025-09-23
8e914f52,14571,373,2025-09-22
8635193d,46253,194,2025-09-02
77a2d3a2,39580,643,2025-09-13
9db96a0f,64675,375,2025-09-12
59733587,53653,9,2025-09-28
2c949e3b,79618,262,2025-09-20
b881ef4f,62966,876,2025-09-17
ee7b6de3,86597,812,2025-09-04
e4c3ee15,74760,479,2025-09-21
4e44b050,49371,443,2025-09-15
bfcd0643,61836,795,2025-09-11
39123a91,35268,191,2025-09-13
3a730180,36213,166,2025-09-18
e16af064,71021,102,2025-09-25
2eb44595,95912,507,2025-09-28
85e6ac74,64754,99,2025-09-13
4b903c4d,66108,316,2025-09-03
134adf09,56367,16,2025-09-16
70da0edc,29457,371,2025-09-16
8323f371,53112,361,2025-09-22
454abc3b,63878,154,2025-09-02
d5869117,23403,209,2025-09-18
2038e932,62767,35,2025-09-25
2e776eaa,36840,401,2025-08-31
33bce173,75946,296,2025-09-04
056231e1,78909,850,2025-09-18
f48d7635,87229,336,2025-09-29
eccd9704,81821,335,2025-09-29
91bbd08b,10490,714,2025-09-23
74a1da2e,88694,374,2025-09-13
00a943ab,51995,740,2025-09-28
14baa1f3,21179,385,2025-09-08
ac8b3911,62557,161,2025-09-13
5ac3622d,98851,737,2025-09-16
2db27426,73341,521,2025-09-21
c48a9980,10818,876,2025-09-26
15592b51,81536,153,2025-09-20
c1328bdf,63951,134,2025-09-14
aa9381e5,96417,685,2025-09-05
e58eeb7f,65034,970,2025-09-06
82e6746b,69757,669,2025-09-22
f176f953,17016,984,2025-09-05
f4a18b94,35356,433,2025-09-03
4d0302aa,23099,203,2025-09-15
cf95cc87,15858,37,2025-09-20
e981a7e0,21473,157,2025-09-15
c84a5ee9,53106,558,2025-09-02
c2ed35da,21390,96,2025-09-04
e8542bd7,87319,302,2025-09-03
87e103d6,15147,170,2025-09-10
1aea2168,13024,783,2025-09-11
bf909946,77109,990,2025-09-03
72077047,32604,524,2025-08-31
058d400c,66932,228,2025-09-09
266ee94a,28357,101,2025-09-12
08c40f9c,58255,870,2025-09-22
002041b3,36947,193,2025-09-30
cad0ea9f,82321,713,2025-09-03
13105893,58052,977,2025-09-04
20adefed,46231,897,2025-09-28
41379d5e,58090,774,2025-09-03
690783f1,23019,889,2025-09-09
dd8f0247,61992,968,2025-09-02
14b77d6c,23063,701,2025-09-13
a8892f9b,68136,122,2025-09-19
e7882603,37156,911,2025-09-11
974ffda1,84699,1000,2025-09-06
02204d2c,15498,468,2025-09-25
c31e91cc,78096,348,2025-09-11
0847bb65,99070,712,2025-09-13
3fb5657a,64769,189,2025-08-31
584fd06e,98502,427,2025-09-05
3a7060ae,41153,880,2025-09-22
6c116e5d,43957,706,2025-09-23
5d806604,93596,544,2025-09-28
f2e550d3,53482,528,2025-09-19
5529e06d,32658,667,2025-09-13
91f23d2d,37134,827,2025-09-21
bfb0a95a,70382,939,2025-09-15
17c2dd1c,74380,824,2025-09-04
6897988f,35372,860,2025-09-30
f41c1698,51435,789,2025-09-19
9100742d,40802,596,2025-08-31
aa77bb22,58912,377,2025-09-11
7ebe20dc,57205,200,2025-09-25
6465c12c,31370,273,2025-09-08
f92a38eb,35010,615,2025-09-18
b4bf9f14,28145,941,2025-09-17
b5515aa0,68376,60,2025-09-18
7ce4e091,23987,557,2025-09-12
b6a80fc4,71320,352,2025-09-24
81f45726,84011,492,2025-09-12
438fdd25,98929,391,2025-09-23
6ef392c6,75582,466,2025-09-14
b34b2163,50570,835,2025-09-01
4995bf4f,49234,908,2025-09-02
0775c2b5,12676,172,2025-09-13
b3c60c14,10724,614,2025-09-09
744ab88c,89758,535,2025-09-16
360382ce,45098,254,2025-09-02
0fc07b9d,60005,163,2025-09-26
663ba456,41314,668,2025-09-04
1aac23a6,38981,551,2025-09-05
22979bad,99988,903,2025-09-17
f0e34c61,59453,599,2025-09-29
2f00c002,72745,547,2025-09-26
ad4b7966,61542,375,2025-09-21
309e93f8,54147,112,2025-09-21
c316f16b,69902,584,2025-09-03
fb96ee23,17202,488,2025-09-01
f1ab5a1b,41247,814,2025-09-28
ca4e6d7d,89561,945,2025-09-27
78754696,68104,633,2025-09-29
1fe4da8f,70763,8,2025-09-27
5e000aaf,16162,673,2025-09-11
7dff7645,46991,135,2025-09-07
86645c58,80719,380,2025-09-04
f964e5f8,37390,126,2025-09-18
9f2710f8,42911,640,2025-09-21
fc4d6aa6,94961,273,2025-09-27
4d482d6f,51400,331,2025-09-14
b557c41d,43383,991,2025-09-03
6fbf3525,98457,846,2025-09-10
8e3421c4,58763,726,2025-09-22
64bac683,51621,857,2025-09-10
c45c599d,54926,772,2025-09-24
6314e902,85059,681,2025-09-23
71cd736c,39846,426,2025-09-23
0814373b,87656,317,2025-09-29
9a2173a1,32459,624,2025-09-22
2dcc1f93,27841,70,2025-09-19
b9196e0a,84426,44,2025-09-22
d4f97b04,23034,485,2025-09-18
cd1059b9,45392,987,2025-09-20
25a07fa8,92742,195,2025-09-10
5ce03a14,29069,104,2025-09-12
30e4e276,28204,947,2025-09-13
16e70a81,10124,959,2025-09-15
575b5720,89163,128,2025-09-28
d6ad1b62,46470,217,2025-09-22
9467b47d,70831,309,2025-09-01
4171bc24,11487,754,2025-09-04
e6436fcd,95448,196,2025-09-22
5dd22a63,84794,242,2025-09-25
680558b9,72454,859,2025-09-17
fd607bd0,29311,264,2025-09-17
0472bf6c,35382,566,2025-09-14
8c628815,70928,916,2025-09-26
fc233586,77270,593,2025-09-27
380a1d51,64501,397,2025-09-26
ae51a305,12407,146,2025-09-17
0b28ce5b,57324,992,2025-09-14
a79a09c0,52973,844,2025-09-26
eb31bec5,33167,902,2025-09-01
0d00ff81,46585,89,2025-09-22
faaf85f2,68059,69,2025-09-21
f7098321,88097,198,2025-09-05
133c4e82,42835,884,2025-09-08
6538e92b,23543,636,2025-09-26
ecd23e9d,17488,503,2025-09-15
bbf14ff0,24299,222,2025-09-30
6aa625e5,22454,226,2025-09-18
9395e711,27855,456,2025-08-31
e5e10412,67172,430,2025-08-31
99a0366a,79394,698,2025-09-15
d059fe4c,94028,248,2025-09-20
83df72df,89950,164,2025-09-13
fccbba2a,85051,483,2025-08-31
9504aedf,20537,16,2025-09-21
37ee4de3,86963,929,2025-09-05
c2267b6a,26164,206,2025-09-17
b752c8bc,32850,165,2025-08-31
4eeaaa1b,82015,208,2025-09-16
7640381c,93869,539,2025-09-06
1c2fab18,10208,689,2025-09-11
6ee175cc,93822,719,2025-09-14
a995a345,10247,166,2025-09-03
f5fa2e7a,99588,991,2025-09-29
db76fac7,94877,784,2025-09-27
8e6396ee,66771,52,2025-09-18
dedb10f3,14247,86,2025-09-13
9c0a0aa4,11480,116,2025-09-13
685e8852,78909,429,2025-09-27
98574dfe,85586,814,2025-09-19
2a68b151,30138,520,2025-09-01
9a5d53c1,44152,346,2025-09-14
158ff6f7,54589,664,2025-09-16
284cc60d,43111,143,2025-09-01
5500a732,59778,936,2025-09-18
eab3ce59,12782,536,2025-09-20
88b5bdf9,16824,987,2025-09-28
45b3e431,91940,812,2025-09-15
05951251,21533,771,2025-09-15
c717c831,52671,222,2025-09-26
97514e16,43150,884,2025-09-25
52123bbc,70600,234,2025-09-07
98765036,94626,577,2025-09-10
51413062,88445,723,2025-09-16
835f6538,80758,106,2025-09-06
d9e995ae,34487,936,2025-09-22
cf4ad494,67027,243,2025-09-23
a14f80a6,94770,567,2025-09-12
af3045cc,19885,126,2025-09-16
a6f6fb0d,41481,435,2025-09-06
3a1d3446,58265,735,2025-09-17
4049c839,51083,829,2025-09-17
63cdf5ac,39330,803,2025-09-03
f66f6417,61181,496,2025-09-04
879149a0,87141,313,2025-09-19
d1c1b058,63690,868,2025-09-07
9befbaa4,79715,427,2025-09-08
a93a532a,17982,843,2025-09-06
d7c707f7,74733,971,2025-09-07
569be75a,89944,351,2025-08-31
880ed956,42325,867,2025-09-03
b230d2b5,28231,536,2025-09-19
93595d74,37112,323,2025-09-30
e71cb106,44856,822,2025-09-15
149e4e28,55172,229,2025-09-11
dffa6ca3,33201,513,2025-09-30
64e4814f,50758,518,2025-09-27
72931cc5,68413,473,2025-09-16
9f0c013b,76869,498,2025-09-16
a9ce6daf,43175,834,2025-09-29
ea014915,92745,295,2025-09-18
99d7c63e,39040,312,2025-09-09
e1e98a0e,69529,804,2025-09-23
01c08190,79228,79,2025-09-15
4429437c,93045,629,2025-09-12
ac759335,52773,383,2025-09-22
784dc778,70160,69,2025-09-30
d7c97208,99456,444,2025-09-29
a8a2c81a,14554,13,2025-09-10
991992f2,66039,475,2025-09-03
36930b7f,80974,358,2025-09-24
3994fa7e,95514,278,2025-09-19
6af4ff5e,35133,120,2025-09-23
ad417b8e,93699,702,2025-09-05
f575fcd1,47689,678,2025-09-14
2468dc92,26651,291,2025-09-11
8f8528ab,91036,964,2025-09-25
be00214f,51983,752,2025-09-17
bfbad66f,59272,470,2025-09-11
0c71b397,51314,332,2025-09-03
ca89086a,33035,157,2025-09-14
815e02f0,22989,581,2025-09-04
95424846,81698,659,2025-09-10
0b3cca3d,82533,463,2025-09-14
30e60ceb,26117,340,2025-09-26
1981679b,51182,997,2025-09-18
5e1a3f65,57075,333,2025-09-07
ffbfaabd,94939,952,2025-09-10
84ce4db4,95244,778,2025-09-19
ef57ad5f,28651,479,2025-09-08
d8873cf1,18565,923,2025-09-19
0bd3ff38,89445,572,2025-09-26
b32dc374,65622,933,2025-08-31
822edc2c,75456,114,2025-09-29
0e8be1dd,71988,945,2025-09-16
fe47e8b4,93048,857,2025-09-13
ccead045,24223,412,2025-09-13
5f50b151,10980,417,2025-09-06
13fbd4dc,18338,624,2025-09-07
bff5eaf2,19815,171,2025-09-12
c803c481,72395,681,2025-09-11
1e927b9d,51875,247,2025-09-29
c1b19648,36422,149,2025-09-22
c44aa00b,94288,155,2025-08-31
81a4baf7,11152,696,2025-09-25
dc75f866,77587,323,2025-09-28
35e5e3ce,18508,855,2025-09-06
934fe2ef,79288,361,2025-09-14
388aa537,34794,338,2025-09-26
784b6416,97465,193,2025-09-14
1c73d250,30829,336,2025-09-03
052f307c,17048,159,2025-09-11
336461e2,88631,670,2025-09-11
7a700721,49398,28,2025-09-13
f1f0a934,30750,253,2025-09-28
6e769c56,89296,179,2025-09-07
06715ad5,23879,898,2025-09-20
ace88840,13071,636,2025-09-18
e3ebac2b,43839,782,2025-09-01
efb6903a,98182,554,2025-09-14
e5f4a547,46882,383,2025-09-03
68b293b8,46747,678,2025-09-05
2ae065a0,83503,568,2025-09-01
8a3f7c33,56494,758,2025-09-30
908e470e,22971,234,2025-09-02
0174a5ce,17009,233,2025-09-13
6714c5d2,86092,513,2025-09-02
deb06657,87057,349,2025-09-11
84f6c3a6,78303,615,2025-09-14
123cacc0,53592,319,2025-09-12
474ba177,19018,147,2025-09-27
06c659bb,18811,596,2025-09-25
2b16b366,24847,485,2025-09-29
c349b380,25248,757,2025-09-09
dafcad6a,42173,970,2025-09-16
574e8daa,49335,642,2025-09-15
8705fb06,42505,489,2025-08-31
9315a359,57964,873,2025-09-16
5cef84e4,78804,92,2025-09-09
f97794cd,17798,992,2025-09-22
d6a17884,62610,746,2025-09-23
3eaa9f65,94807,757,2025-09-22
92548ced,98964,249,2025-09-14
a6de1238,27088,469,2025-09-25
bfb0a09c,38091,966,2025-09-05
80247032,56069,255,2025-09-11
2d3ef890,79944,154,2025-09-10
a10b69fe,17848,966,2025-09-30
31dea89c,75886,570,2025-09-01
df8b9d7b,71184,552,2025-09-08
dc3805ab,13152,236,2025-09-26
41439f28,53966,462,2025-09-05
d694c63e,55939,381,2025-09-06
8377706a,63859,346,2025-09-25
c67697ae,30083,456,2025-09-10
861cfe62,25237,350,2025-09-25
60f4fa62,58370,94,2025-09-13
a241cc4b,95872,351,2025-09-27
c339ad25,62200,703,2025-09-12
82db5a70,26994,480,2025-09-23
3bc9b1b9,29823,134,2025-09-05
c97010f8,91168,804,2025-09-21
20b06d91,25891,374,2025-09-12
fb049089,32722,856,2025-09-12
9997d8a5,71582,829,2025-09-22
198d5613,49661,713,2025-09-09
b322ea8e,63224,809,2025-09-08
397d2a63,86823,979,2025-09-28
8ba0cc18,82979,96,2025-09-02
6dec1524,89871,745,2025-09-12
a337cd26,42751,807,2025-09-15
24ac670e,88708,407,2025-09-21
9e57ed34,64512,662,2025-09-04
386a4438,55547,127,2025-09-27
bcca4e7c,32099,410,2025-09-07
adbfbd86,42514,416,2025-09-28
79d75f68,87902,851,2025-09-24
3ccad338,53713,529,2025-09-02
d5629ea1,76810,679,2025-09-01
e39194ae,79432,872,2025-09-15
caaec898,90597,713,2025-09-14
d98e5522,40906,49,2025-09-06
824b791c,34235,664,2025-09-09
f8a021c0,48411,691,2025-09-20
bfcfc8c9,34681,56,2025-08-31
d3bd1136,51958,374,2025-09-04
09b06bc6,51368,130,2025-09-30
838c7bf3,38577,351,2025-09-28
88d2632c,11698,165,2025-09-01
d82fe07d,63647,555,2025-09-01
417e96a1,61174,739,2025-09-16
71071a0f,48128,755,2025-09-13
bbeddda0,13398,865,2025-09-13
1a3ea783,18060,474,2025-09-18
cb3b52da,82637,920,2025-09-19
91b186a2,90339,104,2025-09-15
e9cad436,18912,864,2025-09-28
5d2068c7,85100,183,2025-09-06
d873c25e,38655,128,2025-09-17
63dc1be5,62608,904,2025-09-02
5cec9bf9,57964,494,2025-09-26
945c9172,26809,679,2025-09-29
430f6699,45615,838,2025-09-21
f7494cae,39016,360,2025-09-08
dc324663,56092,248,2025-09-10
3fa0eb41,69559,807,2025-09-11
5ae3ee83,37509,311,2025-09-02
ebc3166f,71149,12,2025-09-03
b97839b4,49347,230,2025-09-04
8a17a191,41870,284,2025-09-04
5f3ac51f,35333,899,2025-09-15
1a03451e,11163,805,2025-09-29
46f81789,40910,215,2025-09-16
bab61b03,93220,12,2025-09-23
f9b974eb,40720,932,2025-09-17
ed9ebf38,54905,449,2025-09-09
77659931,81763,420,2025-09-14
7529fe94,42327,189,2025-09-25
f7d7f8dd,34363,878,2025-09-04
3e08ecec,21302,35,2025-09-25
9a69308a,25225,608,2025-09-15
84842206,18943,308,2025-09-24
eb52dd48,70154,646,2025-09-09
d26ef03f,28200,437,2025-09-12
ffebc92d,95607,707,2025-09-06
1e206ff1,86291,380,2025-09-11
e80f0eb5,23940,20,2025-09-09
ec0a28d6,56023,722,2025-09-11
ea52a3ee,55380,161,2025-09-21
0041637b,11890,138,2025-08-31
62bf465f,79024,121,2025-09-24
b6fd96ce,78439,687,2025-09-19
424aa444,87362,383,2025-09-18
83ca6b49,78499,938,2025-09-25
00e4d1f4,22035,983,2025-09-13
87943e7d,50605,782,2025-09-12
e7c622e7,15065,361,2025-09-10
8de83426,22511,871,2025-09-23
ad5a1fd2,83746,875,2025-09-30
40364b8c,19228,415,2025-09-29
015c6924,84248,530,2025-09-16
6c2af51a,75196,388,2025-09-16
27a3fb9d,35946,788,2025-09-11
af34f1ee,42169,500,2025-09-12
b135bd05,55668,438,2025-09-29
3699a7ad,48489,25,2025-09-21
ea48149c,83896,630,2025-09-22
52cae46a,47093,613,2025-09-01
ac5e2561,48441,371,2025-09-07
a888429e,12488,481,2025-09-12
e105bbfc,29565,640,2025-09-26
311e5775,91577,247,2025-09-12
44c99a70,64439,461,2025-09-20
4e1b6a9f,96237,92,2025-09-05
3dbf8197,27845,997,2025-09-14
1c242e55,85265,90,2025-09-02
77785c37,59959,616,2025-09-15
56b6ae0e,60258,428,2025-09-22
f9493f58,73726,282,2025-09-11
421edc1f,99299,258,2025-09-15
eccd50ed,32512,889,2025-09-10
775e303b,55775,563,2025-09-13
a1663ddc,56878,51,2025-09-03
ce6e5486,74261,514,2025-09-07
84257215,44406,853,2025-09-04
6e792801,30089,376,2025-09-09
4878dd36,37086,842,2025-09-01
2a38542e,21126,206,2025-09-17
adee58f6,59031,355,2025-09-04
b5e7cf07,29620,430,2025-09-26
36dd2be3,55470,594,2025-09-29
f46a1cbd,64015,185,2025-09-26
0cbfc58e,18468,430,2025-09-22
2ba4568b,39802,589,2025-09-19
f1c1cee1,79677,820,2025-09-02
b168ed52,77612,400,2025-09-27
6a5071b5,98353,266,2025-09-25
a7435b35,62212,594,2025-09-16
5e1481e9,63442,85,2025-09-05
534788d8,29422,599,2025-09-23
b3064cc5,89617,338,2025-09-29
c1ccfd44,87455,917,2025-09-08
05049db4,43736,291,2025-09-27
ed4008a3,55999,934,2025-09-20
acec6d25,62668,670,2025-09-24
cc29d6f9,42755,540,2025-09-02
f704249d,50867,783,2025-09-20
e14a4a41,45150,845,2025-09-13
86d42db2,46583,349,2025-09-10
a928c0c3,29514,920,2025-09-11
856d72c5,84425,762,2025-09-30
ebd1a21a,26632,762,2025-09-05
fad0f3f3,90625,145,2025-09-04
7d9623f3,92903,594,2025-09-03
607bd82f,24158,571,2025-09-25
1a2021a6,92116,72,2025-09-03
60184faf,42417,335,2025-09-27
ab29914b,38863,691,2025-09-03
72143e6d,72429,723,2025-09-26
145eefed,60783,685,2025-09-03
b4c88dae,35008,960,2025-09-30
71945fb8,95603,368,2025-09-13
92bfdc4c,73409,673,2025-09-23
08bd1dfa,69398,597,2025-09-29
bb1b5132,34319,473,2025-09-13
e734b0e4,45173,267,2025-09-30
0f5224c5,62768,831,2025-09-12
d5d72ef9,87532,858,2025-09-23
5340af20,28043,927,2025-09-18
ef5f7f9d,35203,108,2025-09-21
20ab51eb,24096,146,2025-09-16
b710be52,57966,288,2025-09-26
559f5933,10293,455,2025-09-12
126dde16,47787,185,2025-09-10
335465a9,92731,618,2025-09-03
fa8823fc,40742,479,2025-09-01
0e7e3a02,87466,878,2025-09-12
b439c98c,72288,555,2025-09-12
cb721c19,50984,718,2025-09-06
db5efc7c,99164,266,2025-09-24
56c7231f,27236,503,2025-09-14
fb412149,46203,432,2025-09-15
8abc26f2,20221,920,2025-09-10
1c265332,78306,584,2025-09-01
b295600a,87972,499,2025-09-28
957c8045,48100,893,2025-09-21
d5cb8ffe,67178,846,2025-09-21
b6f2dbfb,80271,621,2025-09-14
193d86c7,84619,989,2025-09-12
f4626502,57836,660,2025-09-18
e2840b4a,37958,823,2025-09-23
afd06cd8,63435,644,2025-09-12
b168a787,26090,174,2025-09-16
2eb5ef94,77322,865,2025-09-30
1a849918,31004,918,2025-09-08
9ac0dd02,74176,484,2025-09-23
9cd94911,56923,772,2025-09-21
a3269c97,48204,883,2025-09-26
e774fefe,95940,794,2025-09-04
6b3a8f73,52359,232,2025-09-09
4ff9dc00,16356,36,2025-09-13
19248c45,69635,680,2025-09-12
2bd47e99,99700,410,2025-09-15
7360f489,53221,629,2025-09-13
9f9d1159,30218,545,2025-09-14
e4a9d845,35910,325,2025-09-24
d56bdf31,33428,806,2025-09-24
8dff202f,99866,313,2025-09-21
c5cf5c51,34531,458,2025-09-12
ab760a17,96570,161,2025-09-07
63ff0f55,99278,405,2025-09-07
9f474afb,99450,172,2025-09-29
64f7d9f2,73272,210,2025-09-25
80115274,64206,325,2025-09-19
ab8bf026,61519,342,2025-09-02
91802b1a,78388,196,2025-09-19
91fbd71c,37789,559,2025-09-21
93574cb9,59166,206,2025-09-03
de47d7f5,22593,299,2025-09-24
ccd15edf,29415,926,2025-09-13
a9ae27d7,59253,811,2025-09-01
47452f1b,12382,452,2025-09-14
65ef86aa,43571,794,2025-09-25
dfa60d5e,95411,253,2025-09-29
183acf7d,52245,278,2025-09-18
d4113a51,30444,934,2025-09-02
91c3dcdb,45449,146,2025-09-22
23a654b6,31247,46,2025-09-24
9017dab7,11200,342,2025-09-04
47ebfca2,26744,531,2025-08-31
14dfa09a,11063,117,2025-09-07
25cba015,65492,62,2025-09-13
34ab83a4,61851,175,2025-09-14
b74115e3,71327,942,2025-09-23
0c5c72d9,13439,481,2025-09-08
84a6495b,21544,579,2025-09-10
15477f99,22827,568,2025-09-15
48168bf6,36565,342,2025-09-20
86c74227,89716,298,2025-09-27
5f494d60,74864,5,2025-08-31
8c8517b4,37305,394,2025-09-16
ae22be8e,76843,24,2025-09-27
74fabae2,50454,430,2025-09-22
02eb8868,75048,467,2025-09-30
f5d68ba7,18204,163,2025-09-27
b6de5e7a,21443,948,2025-09-15
0e9357e2,87371,232,2025-09-26
9f53c983,56636,530,2025-09-05
89bbec33,56826,821,2025-09-27
a748b370,87400,37,2025-09-09
1b2d2228,82931,139,2025-09-27
01ce5aba,39720,544,2025-09-27
fb10dd40,65061,747,2025-09-28
2ee2b4bf,18140,735,2025-09-05
49f9c3b4,41361,759,2025-09-10
0053a15f,41364,575,2025-09-19
815e3f3e,81118,237,2025-09-10
2bad55cf,68310,301,2025-09-28
d309db5c,75911,665,2025-09-08
e8ef14ab,27025,149,2025-09-27
338f6076,12247,425,2025-09-13
501394fb,44794,704,2025-09-05
d8e8362c,90201,264,2025-09-03
6ffe74e6,64954,178,2025-09-15
958e690b,24284,387,2025-09-11
967de615,34191,65,2025-09-11
f7ad7373,62988,690,2025-09-12
3e83b16d,89923,217,2025-08-31
cd9719db,82183,552,2025-09-18
b172dc59,64153,300,2025-09-02
f5770afa,97546,807,2025-09-21
96938505,13201,480,2025-09-08
9cdd948c,34039,639,2025-09-21
01160e57,90157,362,2025-09-22
5d1d5a72,39671,485,2025-09-29
6415ea89,57635,718,2025-09-19
ea72e3a2,26002,738,2025-09-26
7a957fe4,34662,747,2025-09-03
eb42efbd,74077,136,2025-09-21
57d616e3,50670,841,2025-09-12
7d062cb9,41711,132,2025-09-03
9e471ec0,48612,889,2025-08-31
9af8126b,35083,907,2025-09-12
d26635c8,15537,271,2025-09-26
32743bc8,89092,510,2025-09-18
78ea083a,85929,182,2025-09-22
daca315a,76134,778,2025-09-09
bf8d7377,80042,739,2025-09-01
8f75a063,33917,661,2025-09-10
f057376e,58919,548,2025-09-19
9afb52d3,83438,271,2025-09-22
9df70053,12875,161,2025-09-27
3562bfe2,69289,638,2025-09-21
99c98782,72797,954,2025-09-15
6d72420f,79649,478,2025-09-15
4f4fd7f7,18722,753,2025-09-29
58883b0b,80617,351,2025-09-07
71d50433,67894,948,2025-09-13
bc4c28ee,33788,911,2025-09-27
6bbc72f8,18104,885,2025-09-04
d973f79c,34962,440,2025-09-30
efa83337,60059,259,2025-09-12
74394a2f,57346,854,2025-09-14
2e646d32,33994,999,2025-09-20
c157d1e1,29540,622,2025-09-28
a685201c,15761,819,2025-09-07
844a47f4,70548,228,2025-09-11
b01f5986,77998,923,2025-09-27
07bb73fc,64542,990,2025-09-21
1d8e0214,27479,534,2025-09-10
ee37874d,94619,322,2025-09-02
29136b2b,33754,837,2025-09-01
41cf45bb,26835,92,2025-09-18
f5ea19d1,36859,267,2025-09-27
f829ad73,70687,857,2025-09-25
1e9d6645,59233,476,2025-09-11
fb2da74e,21483,898,2025-09-30
f158729b,59979,211,2025-09-25
5ff45a40,53455,435,2025-09-24
26bda7ba,39456,33,2025-09-05
d1c8b514,13427,952,2025-09-11
266a4bf0,66267,439,2025-09-27
6ccfef6e,75577,743,2025-09-04
fa8b8443,67242,748,2025-09-24
1089bfad,63774,57,2025-09-07
ab2c0e45,12177,826,2025-09-13
5a957359,98938,768,2025-09-15
3c7185df,50966,664,2025-09-27
3641d5f6,26911,243,2025-09-16
2c4943a2,71493,904,2025-09-23
aee53152,93310,409,2025-09-05
66e064b4,97942,349,2025-09-07
d6475905,91075,692,2025-09-10
5cd3417c,35648,494,2025-09-16
a807671e,85661,191,2025-09-30
02fc1ed2,96436,256,2025-09-13
bd056358,55314,850,2025-09-19
bcf9a575,42579,499,2025-09-25
4608c881,33454,636,2025-09-26
9d4f3aab,92645,834,2025-09-12
6bdc2b5d,10602,576,2025-09-11
80ef030c,45691,462,2025-09-06
bffc13e8,33354,486,2025-09-04
86ecaab2,82474,296,2025-09-01
b3ce1e08,23057,673,2025-09-21
836567f0,50768,161,2025-09-18
d16e6d95,44675,773,2025-09-06
33047467,49469,359,2025-09-21
516df084,71275,275,2025-09-03
0ffd10d3,36582,70,2025-09-09
33551713,95590,310,2025-09-14
2c5cfed4,30332,861,2025-08-31
7738e68e,75153,769,2025-09-13
448667bf,99672,799,2025-09-01
f8eddc8a,91912,34,2025-09-12
31e413a7,14932,108,2025-09-22
e6a2bbb3,72154,112,2025-09-03
8f657b96,45113,937,2025-09-28
7ee6264e,34610,279,2025-09-13
4dba22f6,58735,277,2025-09-28
10ccde2f,43312,746,2025-09-22
e2294c90,54979,114,2025-09-13
ed5e0193,91082,726,2025-09-25
d9e1f8e4,99947,822,2025-09-09
3619c130,23262,556,2025-09-17
baaa10b3,68367,379,2025-09-16
15002464,25910,312,2025-09-30
f6d9e9be,91056,897,2025-09-26
6c9e2ff6,95636,547,2025-09-06
09beb95f,68046,573,2025-09-27
3674fd2e,97631,190,2025-09-22
0b32f912,91855,650,2025-09-12
b7e1dffe,26757,654,2025-09-24
3017137f,24671,598,2025-09-08
fb49f273,55718,789,2025-09-27
ba317f4d,24622,563,2025-09-23
6ced4611,18935,713,2025-09-01
a7270d81,26135,143,2025-09-17
af47e3bb,47239,973,2025-09-16
ffadd5d9,60193,762,2025-09-20
1e24ef27,50223,817,2025-09-23
7d315fec,86160,993,2025-09-09
6c3fd94e,38172,14,2025-09-12
441da710,99397,54,2025-09-25
1b57b5a4,81246,682,2025-09-27
ac55da51,69018,747,2025-09-06
4a077771,50147,206,2025-09-20
92de87b0,14660,684,2025-09-08
fe2bda0b,48683,283,2025-09-16
45bdb4ad,75014,730,2025-09-21
76299278,91243,321,2025-09-06
b4ac82ae,78507,843,2025-09-26
6ea2f5c1,34507,558,2025-09-28
937a3b44,10599,563,2025-08-31
56e2e75a,94844,851,2025-09-02
14723a20,22264,914,2025-09-17
c3b711fe,24635,266,2025-09-29
869f2038,28224,18,2025-09-28
07a39c0f,45092,514,2025-09-15
3ee5eefd,72531,522,2025-09-01
8bcbf480,21770,227,2025-08-31
e6d35a16,84459,301,2025-09-27
67aa0e56,34377,10,2025-09-09
14cc15e4,37789,459,2025-09-06
2e762f70,58725,898,2025-09-14
65c78f73,76031,804,2025-09-04
1dd1d7bc,36103,3,2025-09-13
1b81273e,52819,768,2025-09-01
a3ff6df3,96272,628,2025-09-07
6a15baef,18052,887,2025-09-01
f1fa2a48,79195,220,2025-09-02
5300b2ea,78153,105,2025-09-11
189d5321,95903,486,2025-09-27
7b105c9f,63855,225,2025-09-17
e3aeb08f,38596,63,2025-09-07
84acf449,47407,57,2025-09-28
8cfb60f6,53414,217,2025-09-26
55e2e129,52431,855,2025-09-05
d8521a6c,26069,689,2025-09-05
4d5c5121,74020,445,2025-09-20
e657e8fb,81808,146,2025-09-23
cc2a8970,48327,432,2025-09-12
1a123fa7,52439,148,2025-09-05
2442594e,70807,754,2025-09-10
1d783aa5,28879,417,2025-09-25
853ffbde,21301,749,2025-09-02
ca5da133,68625,43,2025-09-23
91dc5e84,29201,898,2025-09-30
b9ed5b7f,36422,241,2025-09-15
9218b789,14634,934,2025-09-09
59979a5e,59108,430,2025-09-15
1ccbcf92,96369,196,2025-09-08
78c3a04a,81036,954,2025-09-06
dd0c3756,85882,92,2025-09-09
ec255a2e,24249,540,2025-09-06
e1aa9d74,89453,792,2025-09-27
ed28d299,96800,736,2025-09-26
4f110b4e,84021,392,2025-09-19
82be0e9f,24226,525,2025-09-29
dff30989,80137,601,2025-09-28
0c22ac58,61333,960,2025-09-27
58d3e6b8,32038,639,2025-09-18
8366f706,34660,437,2025-09-30
beabc5ba,33693,713,2025-09-09
8f3392df,62679,626,2025-09-29
47b872ed,56602,46,2025-09-14
462aed4e,86439,15,2025-08-31
51bd02b3,40671,635,2025-09-01
f7400bd7,90133,510,2025-09-13
250d2996,73197,447,2025-09-06
0ba95865,65300,322,2025-09-20
451deb1b,45166,666,2025-09-10
291085de,89173,577,2025-09-24
3f92b17a,23106,973,2025-09-25
0942befc,74747,920,2025-09-08
4938ece4,25721,211,2025-09-25
e59a8ad9,88900,926,2025-09-09
b30a7571,41183,94,2025-09-20
19b6dbc1,75707,133,2025-09-04
1e096ffe,60719,78,2025-09-09
d4d4247f,10859,736,2025-09-11
09128de9,70137,335,2025-09-22
f5e9ef81,28169,242,2025-09-25
41fd430b,41416,973,2025-09-11
3b05f046,71039,541,2025-09-17
a2a372bf,67376,514,2025-09-05
435f08de,81695,209,2025-09-13
d46d9d8a,37622,677,2025-09-25
c76f749c,50593,559,2025-09-21
d5cdb327,37636,191,2025-09-17
52bee9b9,99362,861,2025-09-21
cba19653,98372,642,2025-09-23
163ed6ec,54812,446,2025-09-15
edb6bbba,16097,96,2025-08-31
02b4a412,67919,896,2025-09-09
3b23e8bc,58732,281,2025-09-26
c957e04a,88184,175,2025-08-31
b93f6b21,83030,119,2025-09-16
cec41132,70555,766,2025-09-05
e8ed35fa,87165,334,2025-09-04
87b0325b,63538,812,2025-09-18
1fc9780a,25098,611,2025-09-30
c368b2ba,91947,624,2025-09-21
382bc455,75350,200,2025-09-21
0982ae8f,66707,150,2025-09-14
c09cf385,41077,456,2025-09-03
ad2ba641,95506,816,2025-09-11
0e1ee423,95461,860,2025-09-01
ddb1d043,90118,170,2025-09-28
4149fddf,18647,461,2025-09-29
1168ed55,13305,23,2025-09-13
ebc180ce,98645,256,2025-09-18
104c4f7b,53106,507,2025-09-05
292d6a6a,26809,186,2025-09-17
9bd010de,29467,755,2025-09-20
f70ab0e0,60551,903,2025-09-14
40764f26,18853,321,2025-09-04
4565a7f3,53192,121,2025-09-25
6ab83324,92749,937,2025-09-09
ea2af6e9,93041,235,2025-09-10
3a0ae704,70067,315,2025-09-05
2d908ab8,96898,358,2025-09-23
5e940c51,29751,565,2025-09-10
d478c1d8,59411,679,2025-09-11
8f44b1eb,15473,548,2025-09-26
03da28b7,18782,615,2025-09-19
4f31a434,95476,884,2025-09-08
0a59bdf9,17634,492,2025-09-30
1426277c,39021,677,2025-09-18
52d8139e,69308,808,2025-09-13
6ee9975f,37127,195,2025-09-30
39361f6b,64505,884,2025-09-18
a9786c18,12052,251,2025-09-13
86988438,93818,669,2025-09-20
be2b9547,23641,962,2025-09-20
b241249a,32952,863,2025-09-11
cabc5414,49637,121,2025-09-18
5530a788,79281,528,2025-09-18
28f9f6eb,58205,959,2025-09-20
c6d005f9,43341,813,2025-08-31
09f7ba23,33217,604,2025-09-18
3a15ee84,35515,167,2025-09-20
be580744,48368,50,2025-09-22
30248603,15658,400,2025-09-21
bfcc9588,76943,544,2025-09-04
07ab28c0,44509,323,2025-09-23
15cd8f8f,84439,824,2025-09-08
ea156141,46511,115,2025-09-30
678f5b5f,55801,603,2025-09-04
788a4ec4,47723,312,2025-09-17
e2489ce7,58735,137,2025-09-09
3841844c,19032,325,2025-09-05
fc673369,63447,516,2025-09-27
0b23421d,38875,3,2025-09-04
a8532dab,41373,935,2025-09-23
b5f30046,37327,548,2025-09-25
ccb4ffe1,51085,487,2025-09-29
bd187f27,66418,768,2025-09-06
181de312,65342,886,2025-09-26
3f740758,27072,869,2025-09-25
09779de9,73681,78,2025-08-31
70232f85,30923,780,2025-09-24
c3349f09,85870,966,2025-09-17
d63af780,20660,14,2025-09-18
bb8c8f27,17599,211,2025-09-15
e2730ac3,81831,726,2025-09-30
692f1e64,86795,284,2025-09-08
204f3a31,23130,675,2025-09-23
f6fa56a5,84916,714,2025-09-01
e68e38a0,62649,510,2025-09-19
ac19b266,52238,264,2025-09-20
7f6e73e2,83728,361,2025-09-14
b20c3baf,55567,96,2025-09-15
989f9bc6,91079,307,2025-09-25
b6c71a11,24036,204,2025-09-10
4eb865e6,66427,478,2025-09-08
fa007c03,28423,346,2025-09-14
e2225578,82256,693,2025-09-29
a9bbc4ad,95536,479,2025-09-13
aec35ac1,70233,8,2025-09-25
6bb29f65,40436,318,2025-08-31
a130512d,73337,466,2025-09-10
e92fd389,96170,461,2025-08-31
8f044639,28671,6,2025-09-07
73945572,58027,37,2025-09-16
c1d9dfbd,73643,68,2025-09-21
232950ea,44199,584,2025-08-31
45967352,69251,972,2025-09-28
8e9ea670,31712,907,2025-09-10
222c8cea,93838,1000,2025-09-21
f1af8e2b,12012,469,2025-09-20
6b072256,45561,633,2025-09-14
4ba78a8d,79745,411,2025-09-27
6f88d974,51820,408,2025-09-08
a442b40a,11746,592,2025-09-29
475ac217,30809,327,2025-09-24
3527a9ad,67211,777,2025-09-18
6ac13fef,41388,14,2025-09-18
f8518ac1,60397,670,2025-09-27
7c7ffa49,23128,348,2025-09-24
3c796517,83865,335,2025-09-11
bcf1e431,33640,403,2025-09-28
47c53254,40677,298,2025-09-20
a2428850,69474,677,2025-09-20
3a7a5c7a,88069,248,2025-09-09
0ec21563,96353,470,2025-09-13
d46558ec,19676,349,2025-09-02
264dcfa0,58634,427,2025-09-22
a8acd4a5,84476,961,2025-09-13
8b2e61d7,97850,884,2025-09-28
e4a7f549,52562,917,2025-09-12
8f9e6027,22727,891,2025-09-05
3dc030ea,88417,52,2025-09-23
91264a86,22289,9,2025-09-28
7b86ef22,49714,840,2025-09-13
639f13ef,35296,564,2025-09-23
e40cc839,72685,785,2025-09-08
983e57a7,92129,210,2025-09-29
f1bb2be6,49142,278,2025-09-14
97cd5982,26091,524,2025-09-26
726813ca,71415,973,2025-09-09
4c121747,88144,708,2025-09-02
8f206a10,25842,297,2025-09-20
095c0217,19572,609,2025-09-19
83b4b1c0,56584,105,2025-09-04
c53488b9,43615,575,2025-09-10
a5945563,15845,545,2025-09-01
028fbeb2,78836,205,2025-09-22
fff6b9bd,58471,291,2025-09-27
2dc8c049,75818,336,2025-09-18
97f6e21a,83176,586,2025-09-07
866341ea,73731,902,2025-09-06
a0301e3f,49261,241,2025-09-02
d05ddae0,32205,553,2025-09-14
8b765bb4,54486,164,2025-09-02
4af838a0,38891,12,2025-09-07
a4f780a3,14918,404,2025-09-11
020edffb,65680,143,2025-09-28
fbbab76a,51115,712,2025-09-08
71adb634,86858,584,2025-09-20
f6dbf313,18890,416,2025-09-26
a909b30e,37809,285,2025-09-21
d1639581,69210,310,2025-09-28
28e31680,99666,52,2025-09-21
7774eb7a,62473,872,2025-09-17
e02cb8f8,23855,28,2025-09-28
b0ff6267,69349,423,2025-09-06
f884ecd0,73689,917,2025-09-03
fa979488,44395,284,2025-09-03
daea98b7,58147,992,2025-09-14
d7abcafc,95877,991,2025-09-02
784cd7ed,21613,242,2025-09-02
a88fa88a,42952,285,2025-09-08
4e297080,50832,896,2025-09-24
8554f01d,11347,931,2025-09-29
c1ac71d3,92145,147,2025-09-09
c0b9c0d4,61059,934,2025-09-29
e2b10420,51936,48,2025-09-04
1a0620f8,54846,751,2025-09-18
6b5616f9,18394,520,2025-09-18
01159fa8,89576,420,2025-09-22
a8cf61c4,36428,602,2025-09-21
48eb2a40,40478,903,2025-09-02
4d3e9c44,72363,91,2025-09-03
412991b9,31874,111,2025-09-21
6df5fbc2,35642,725,2025-09-15
ff935038,43868,910,2025-09-17
f89ae7d1,64072,303,2025-09-04
14dc4f96,71661,913,2025-09-19
98740c69,93300,179,2025-09-06
afc9c11d,43895,68,2025-09-12
95f9baca,21177,384,2025-09-01
24d3af8a,28635,296,2025-09-08
bf9ea539,39135,100,2025-09-20
18f3cabf,26287,144,2025-09-11
b29611f0,25263,751,2025-09-16
a84d146d,31107,905,2025-09-13
d9b78c6f,91153,978,2025-09-03
54272caf,48168,59,2025-09-07
a066dad6,50588,264,2025-09-27
04253772,39039,143,2025-09-01
bdc5ce28,73721,563,2025-09-12
5f8b4f0c,15386,77,2025-09-19
00232ece,82128,628,2025-09-10
d61dddbc,73264,807,2025-09-01
7c7d6a90,92178,16,2025-09-12
ad23e06e,67409,914,2025-09-17
535efa9a,45388,730,2025-09-21
37d65992,31412,830,2025-09-09
c8c42253,45143,504,2025-09-02
c617b279,74281,782,2025-09-02
4529c4ca,32152,736,2025-09-21
cca55b12,91162,615,2025-09-28
e730b793,45539,358,2025-09-27
5921185a,86272,673,2025-09-13
17ca10af,21005,932,2025-09-23
56c55252,43052,733,2025-09-01
5f32f9d4,45661,167,2025-09-04
cff86e7c,36848,747,2025-09-05
9e8b4dc9,96322,60,2025-09-28
542a7d20,86636,274,2025-09-06
e49a8b92,67392,463,2025-09-02
f8301b95,97509,694,2025-09-01
4bfe442d,14473,736,2025-09-07
17df24f6,12058,391,2025-09-09
2679d53c,62535,347,2025-09-21
6a9a53f8,78914,204,2025-09-20
1a907570,75056,844,2025-08-31
c9a35cb5,79223,170,2025-09-04
fbfa977f,94675,262,2025-09-13
fe4bea44,95471,292,2025-09-13
bfaeec2d,55214,763,2025-09-04
d29d0adf,22475,649,2025-09-11
6f9f2147,58827,791,2025-09-26
b4d38429,46364,735,2025-09-15
668655be,27346,664,2025-09-14
bc681e1b,33948,279,2025-09-18
95c84822,83630,34,2025-09-12
ee8dcea2,27082,521,2025-09-14
335319bb,43831,906,2025-09-03
6e9debbb,36288,431,2025-09-16
a90081e0,59355,721,2025-09-11
ca505bbc,29546,706,2025-09-02
0235e6f6,30304,427,2025-09-27
3f6280ce,71014,816,2025-09-03
f25d9185,39113,330,2025-09-04
1f5baef7,18385,129,2025-09-20
4abcb01e,17609,431,2025-09-24
a50479df,30010,685,2025-09-09
25f61a83,20219,517,2025-09-20
876967ab,44427,13,2025-09-05
234f391c,17487,158,2025-09-26
2c0aa0c9,36097,863,2025-09-30
a57cbf8f,18372,268,2025-09-24
5748dfef,45356,103,2025-09-10
ee17a87c,86699,758,2025-09-25
cefd4527,23211,195,2025-09-05
f8585ba4,35484,43,2025-09-29
3b2dc99f,24065,650,2025-09-02
01985ba4,38825,748,2025-09-03
80638750,99803,761,2025-09-11
d0c0cb2e,20488,200,2025-09-22
3cfe2e27,39078,978,2025-09-28
67fe70cb,86154,482,2025-09-07
9a474994,18868,172,2025-09-11
681f551f,35995,358,2025-09-19
ba896794,56697,233,2025-09-04
75c1fd8f,24295,218,2025-09-17
dfa48980,63381,855,2025-09-19
70007beb,29297,893,2025-09-24
99c0f52e,55723,877,2025-09-09
836ceec2,50977,426,2025-09-17
888a4648,23781,437,2025-09-12
99c51ed4,12014,251,2025-09-18
e7fc3d70,59488,989,2025-09-29
0bf58308,43598,832,2025-09-27
d732e21e,96288,22,2025-09-01
c7dda79a,93682,223,2025-09-15
cb2a9e83,17936,425,2025-08-31
75b00297,90647,618,2025-09-21
d1d760d0,77766,777,2025-09-30
40192f47,16970,470,2025-09-05
b99311a5,79855,225,2025-09-24
78520ed9,38705,357,2025-09-22
7cc6ee2b,84134,155,2025-09-10
19f9def4,13434,774,2025-09-02
a6d2e947,64461,929,2025-09-04
2e322e8c,60196,82,2025-09-16
e672a78e,16667,858,2025-09-03
05b56d2a,18299,633,2025-09-26
a2bb271f,15367,455,2025-09-08
5b0094d6,81440,179,2025-09-21
4dd64a25,78616,878,2025-09-11
ee0e9a55,47100,486,2025-09-26
5dc7a1ae,54218,712,2025-09-23
2c7d78d5,75990,768,2025-09-20
6deeb5f0,32759,462,2025-09-09
cd54b663,70630,766,2025-09-04
61825bce,13799,19,2025-09-21
d5294281,88899,624,2025-09-17
a7ab20f0,96383,374,2025-09-05
5ffd578a,56016,70,2025-09-03
f63a4766,57799,146,2025-09-15
89ad0556,56223,267,2025-09-08
8ade4402,66020,27,2025-09-04
12ce0b06,99657,91,2025-09-11
ae95fb1d,16607,238,2025-09-19
6749f8a3,50767,156,2025-09-15
7e940cf6,58702,738,2025-09-03
27869f78,38264,855,2025-09-14
7779e927,85536,620,2025-09-07
56e6035e,55252,12,2025-09-23
d49a40f0,36762,408,2025-09-09
a8a28c80,88943,605,2025-09-08
62469e82,81198,399,2025-09-04
81c87c07,59608,305,2025-09-15
7548b6ec,36241,138,2025-09-20
dfaa2eb1,71111,809,2025-09-29
bd2d71a1,63533,851,2025-09-30
7d6f4317,69298,790,2025-09-25
e834cea7,64583,583,2025-09-27
b3e81667,31143,801,2025-09-17
f6dea469,89078,126,2025-09-05
0c128d29,66116,497,2025-09-17
75c29bd8,39928,135,2025-09-06
0e7ff441,73989,647,2025-09-21
01865a6b,71514,552,2025-09-07
e15c3688,34299,743,2025-09-03
8608d233,62603,885,2025-09-20
75336916,37093,478,2025-09-04
c7d34844,21453,473,2025-09-18
ac707640,66736,955,2025-09-23
49b7febd,99160,42,2025-09-24
592c2ca6,27515,360,2025-09-28
064a7d96,32280,106,2025-09-18
119c2add,84680,461,2025-09-15
d12f2d51,68267,78,2025-09-24
b87d144b,36737,469,2025-09-06
af507989,72261,517,2025-09-10
286af8c6,34476,842,2025-09-17
934ccf3b,58060,686,2025-09-23
93baebd3,98898,290,2025-09-28
5e63ad06,82608,703,2025-09-14
28de588f,82383,280,2025-09-18
f459b3a5,17334,698,2025-09-29
39b6316f,81673,638,2025-09-07
4020fc95,79011,775,2025-09-17
231cf0fd,24798,708,2025-09-29
68ba6648,27128,640,2025-09-01
51091c1f,82121,22,2025-09-18
7336bdc4,88924,916,2025-08-31
9d0f46bd,59724,642,2025-09-16
3afeb16c,54287,39,2025-09-15
0ea0354a,99001,972,2025-09-16
e11657ac,75572,852,2025-09-02
85217665,40923,779,2025-09-28
c1e676e7,45231,85,2025-09-09
b78f69c0,68181,98,2025-09-07
5e340e7b,59905,386,2025-09-23
ba02781b,61745,643,2025-09-12
13fef894,85932,906,2025-09-10
2e76e31b,34668,158,2025-08-31
21249bb9,30329,610,2025-09-02
a4ee86e8,98893,444,2025-08-31
9ffbd2c9,41385,851,2025-09-25
e05edbe3,82932,172,2025-09-15
8a9c0230,74142,860,2025-09-20
88a21772,11550,626,2025-09-22
f910c45a,26759,241,2025-09-02
27a1ec7c,59490,281,2025-09-15
7eef2789,54478,319,2025-09-19
0eb00a19,87237,853,2025-09-07
9a359113,59141,146,2025-09-06
303369ac,10978,840,2025-09-21
a671670e,37491,984,2025-09-23
2f653155,40949,29,2025-09-14
9fe264d7,19378,988,2025-09-28
f4c60055,79566,644,2025-09-05
519e7c92,30674,195,2025-09-10
8b9460c1,80764,517,2025-09-09
3c88d0b2,26113,146,2025-09-03
b9a9dfb5,29773,816,2025-09-27
d5df2a87,87957,167,2025-09-11
06244417,17866,505,2025-09-15
6a0d9c89,86920,189,2025-09-26
856976a7,52666,644,2025-09-22
37616839,72896,206,2025-09-05
33c4ea98,21090,498,2025-09-09
c0b8d6fb,58773,948,2025-09-27
10e6562a,70682,93,2025-09-10
0e26629f,58504,122,2025-09-08
df4ceb68,91756,538,2025-09-10
ed52c685,11790,366,2025-09-20
efde7314,30489,136,2025-09-24
166321d0,38970,138,2025-09-24
c26c8ae4,68444,485,2025-09-27
fa52f667,69409,63,2025-09-01
31d9fc22,94515,352,2025-09-12
15cf918a,92535,926,2025-09-14
776af825,20770,53,2025-09-08
b1c902bf,67485,172,2025-09-10
c76efa29,79054,753,2025-09-23
a083cdf0,88588,151,2025-09-17
17224b8e,78451,726,2025-09-07
c80f6614,42099,281,2025-09-17
befc0158,89083,556,2025-09-21
d8f27176,51616,465,2025-09-04
74cfbb19,82282,771,2025-09-01
a35c463c,28145,822,2025-09-24
4134858a,47651,922,2025-09-05
8c892e02,62374,902,2025-09-13
19fe1b24,78927,639,2025-09-29
09004a01,85483,528,2025-09-15
6ee44199,63359,562,2025-09-13
2a7cd145,26478,676,2025-09-05
11384db8,49751,595,2025-09-18
57356e49,74197,433,2025-09-13
25c27de7,12912,315,2025-09-30
0f0a8109,14304,86,2025-09-26
32666429,27672,18,2025-09-02
3b4b9c7b,56859,81,2025-09-27
bd58232f,24201,675,2025-09-12
002e4f22,44547,454,2025-08-31
34fac2f1,57248,441,2025-09-21
e4837e15,39043,239,2025-09-17
bd0df31c,24228,167,2025-09-29
7843521d,92433,737,2025-09-23
de274ce1,38305,122,2025-09-22
0f815a30,36810,938,2025-09-26
01ed58bf,12173,49,2025-09-16
5c99619e,57308,166,2025-09-09
c7ad79b5,91537,638,2025-09-26
1f5090b2,52505,664,2025-09-23
e6dd7289,31073,334,2025-09-28
ebb5fca0,96795,50,2025-09-27
dd20390d,69966,314,2025-09-09
94d7466b,54574,910,2025-09-28
5b580493,44675,995,2025-08-31
2930b0d8,46031,598,2025-09-17
d2a4e87b,81085,684,2025-09-20
4d0e575f,77357,37,2025-09-22
da7161d4,97576,376,2025-09-06
01647c63,23956,473,2025-09-26
eb51b630,69252,305,2025-09-03
5296ada3,39172,24,2025-09-25
0979120c,88009,342,2025-09-04
7140639d,63007,520,2025-09-30
5f75059d,42491,182,2025-09-28
732dfb9f,58925,149,2025-08-31
523b7237,46746,692,2025-09-05
40a83c8f,27496,207,2025-09-30
21deb930,69996,425,2025-09-14
3f041938,39950,176,2025-09-23
3dbe07fb,54312,324,2025-09-28
dd894a3e,93433,777,2025-09-08
5d39f944,22264,354,2025-09-14
fb2d0669,71050,20,2025-09-23
f44478df,88634,99,2025-09-04
59e4543f,96681,835,2025-09-18
572ba244,12388,445,2025-09-12
83c73b5e,17140,956,2025-08-31
cd1fe4e9,90899,695,2025-09-03
8c758a92,69269,951,2025-09-02
1fdd9c92,24673,353,2025-09-22
3da43ad5,89009,700,2025-09-27
865568b9,65883,122,2025-09-12
5c8daf26,78124,632,2025-09-09
83b98e4f,74877,366,2025-09-28
bdccf09b,50330,94,2025-09-11
0bda7d68,71929,809,2025-09-29
e6a26d33,99053,614,2025-09-27
d6630f71,61127,504,2025-09-21
3618b6ee,60079,517,2025-09-28
a46b622c,27777,179,2025-09-19
d2751ae4,16551,529,2025-09-14
837d4143,14522,303,2025-09-15
ab9fb76c,96925,765,2025-09-08
441696b7,87742,503,2025-09-27
376bb3f2,44094,856,2025-09-19
978024f0,40741,890,2025-09-15
816ccc6d,92635,952,2025-09-28
a7bfce43,91185,909,2025-09-05
4cb3973a,92314,94,2025-09-30
98d37ad5,41078,437,2025-09-12
a50d9578,98956,476,2025-09-05
4ecaa02d,32192,168,2025-09-19
1ebcdccc,87658,810,2025-09-18
3069495b,36916,807,2025-09-12
cc0caea1,56013,157,2025-09-09
8ae6c00e,50137,918,2025-08-31
ef75a457,85376,397,2025-09-01
c2b97888,42324,189,2025-09-15
5e520a24,38415,60,2025-09-15
360aad58,11907,730,2025-09-04
b5494197,90840,309,2025-08-31
a6da0d08,82880,137,2025-09-30
3bcb9209,71026,61,2025-09-07
0c5af175,86056,187,2025-09-06
4c2afa70,75132,852,2025-09-06
36854410,10247,764,2025-09-26
c98c9e2e,75433,856,2025-08-31
04093165,15575,412,2025-09-19
5bb8fb04,71818,378,2025-09-16
066ea43f,58824,440,2025-09-19
68d591b9,81911,549,2025-09-02
835c9ab2,24843,295,2025-09-21
0e0364a6,57179,181,2025-09-07
878e233e,96518,136,2025-09-19
3ec1e9b1,66111,245,2025-09-02
fcce2123,70837,931,2025-09-15
ccb8649f,83579,456,2025-09-14
f2850e4e,81908,738,2025-09-24
533b4d38,97186,948,2025-09-03
b990b4ea,74018,190,2025-09-18
2e5db09d,74056,457,2025-09-21
7b1965ca,98422,681,2025-09-07
f6bb510c,26490,556,2025-09-28
34ffb30f,71732,62,2025-09-23
e54e1217,66282,170,2025-09-27
ec1ad223,82969,664,2025-09-07
679b6c62,37743,789,2025-09-26
9c78aa7b,60852,25,2025-09-24
694fea05,24939,401,2025-09-09
86414c16,89560,567,2025-09-09
a42b3007,91270,65,2025-09-17
f64cbf0e,44750,14,2025-09-15
4d82f2f8,23475,649,2025-09-09
c65fdb3c,82005,240,2025-09-26
e0cb9609,23696,458,2025-09-08
97f192ff,88592,673,2025-09-14
c139fa44,77981,656,2025-09-07
9139bcc2,49669,380,2025-09-10
d282c567,84003,929,2025-09-18
344746ac,60671,229,2025-09-11
76202e3f,17325,539,2025-09-08
803c8546,72475,88,2025-09-03
9108e23b,48905,87,2025-09-27
db019d15,46534,303,2025-09-26
d819ac8d,59859,427,2025-09-23
58108435,63891,509,2025-09-02
800bc7a0,80961,866,2025-09-26
228e154c,66901,998,2025-09-14
6c5807aa,67674,439,2025-09-24
4c3059af,99706,21,2025-09-03
2916a0c0,59399,749,2025-09-05
a47ca7c9,21441,322,2025-09-25
753eddd2,61899,103,2025-09-19
c3ed6bff,37440,270,2025-09-05
dbe4b105,79815,474,2025-09-29
736b8e0f,57482,534,2025-09-28
d627ebd9,62115,824,2025-09-27
84fddc12,14330,721,2025-09-02
d2a45604,46914,942,2025-09-02
41cf3479,93458,259,2025-09-29
3b6674b3,19297,529,2025-09-01
e8156e00,26782,108,2025-09-22
10a2a4ee,21156,821,2025-09-16
3549c084,29791,987,2025-09-22
397963d4,70115,806,2025-09-23
09b0f2ab,88236,348,2025-09-27
a516b01f,92065,693,2025-09-11
317793a1,86025,6,2025-09-28
feb104db,97648,371,2025-09-12
17ca67e3,32547,719,2025-09-22
75393c93,52327,905,2025-09-14
5c79b9f0,92155,13,2025-09-18
9dbf1033,21937,751,2025-09-03
a22620d1,34169,768,2025-09-25
c9b9c284,93529,878,2025-09-19
655098dc,40198,793,2025-09-03
da75bcba,95621,37,2025-09-26
43c45ac7,92058,372,2025-09-23
1e2137e4,97726,951,2025-09-21
78578272,98347,286,2025-09-23
7447369d,88350,722,2025-09-05
99b0c4b5,82119,834,2025-09-22
d571bd30,43525,325,2025-09-14
e4dabcf7,36297,551,2025-09-20
f62111dd,69831,518,2025-09-28
cd84c571,44616,302,2025-09-12
0fba5634,62534,223,2025-09-23
75a17940,93319,134,2025-09-07
86c670d8,83487,193,2025-09-18
c1fa9ad3,17886,461,2025-09-07
f06cb699,94058,811,2025-09-24
bec7a3c3,40411,335,2025-09-30
7392efdb,90528,255,2025-09-18
4fc6f51d,36710,766,2025-09-25
c3fa5f17,64079,812,2025-09-21
2f666089,65786,42,2025-09-04
3b7ab2f4,79158,746,2025-09-09
df37d9d2,51742,633,2025-09-26
f41bc2a8,29380,995,2025-09-16
67a09cb5,91058,609,2025-09-03
ee5d0fae,79524,365,2025-09-27
940dd3c7,39052,890,2025-09-18
1999fceb,43188,142,2025-09-02
f56ced98,19147,71,2025-09-26
42455d6e,83048,458,2025-09-11
373f3822,25809,605,2025-09-27
5b2b8ecc,81627,925,2025-09-22
d84fc2a4,70301,918,2025-09-11
5f45003f,10633,211,2025-09-22
35f60479,42060,410,2025-09-26
abe8e3df,93905,588,2025-09-24
244c7b86,58518,54,2025-09-18
4b0095b4,90598,368,2025-09-15
ed569dff,51949,843,2025-09-03
a00f0689,83281,374,2025-09-01
c8b9a360,42805,895,2025-09-14
e65f43ab,42607,870,2025-09-16
3c7e05d1,71301,960,2025-09-28
0000fb4c,27173,575,2025-09-05
d68df487,57135,493,2025-09-26
5678ba7a,89862,608,2025-09-29
58718392,70941,140,2025-09-09
b5f2b595,88387,475,2025-09-06
731ad1a6,69746,903,2025-09-19
a939693c,65595,806,2025-09-19
3d358647,36125,353,2025-09-12
de8d1785,84144,181,2025-09-28
a3932ebc,37377,921,2025-09-13
147eb20f,30420,737,2025-09-23
8a87f83f,56136,452,2025-09-07
3c8e4039,20375,681,2025-09-20
4dbe40f4,31695,672,2025-09-14
4464f634,56853,763,2025-09-21
7c9e591b,63881,815,2025-09-16
f6863f3b,68667,913,2025-09-23
e571110b,33920,77,2025-09-02
00a53bf6,70561,237,2025-09-13
fef138bb,49864,689,2025-09-26
97e39497,87715,459,2025-09-24
664b900f,26225,367,2025-09-23
7ab06e10,90891,724,2025-09-29
98ca39fb,57318,412,2025-09-10
f7ac24c0,45190,396,2025-09-10
4b3acdec,15612,167,2025-09-03
89fce7d1,58478,123,2025-09-07
d033d341,15793,392,2025-09-03
75717582,17733,662,2025-09-13
682f0a0e,93635,120,2025-09-30
a87fad78,84408,149,2025-09-16
29564e0c,78833,299,2025-09-20
1635f5b9,28884,32,2025-09-19
f4bc00b0,35232,422,2025-09-17
354904bc,61895,11,2025-09-25
6c470168,19445,819,2025-09-17
05ffbe4f,96216,728,2025-09-20
76f81626,15895,557,2025-09-01
dda96bbe,32492,279,2025-09-17
be1362e4,62463,861,2025-09-08
ad09d12b,99306,648,2025-09-07
b5e45e10,13194,324,2025-09-01
cc9e906e,57434,855,2025-09-15
91ce7820,39206,817,2025-09-24
b8ac5309,13875,992,2025-09-20
cba949fc,93932,518,2025-09-07
c12f7d70,48971,44,2025-09-28
58a5e7f8,47678,979,2025-09-24
0b135bfa,93642,652,2025-09-16
40fc8a19,71253,681,2025-09-12
c37f8846,26427,495,2025-09-03
1dd23aaf,36809,633,2025-09-25
200857a2,59978,745,2025-09-13
6fa5d65a,94836,503,2025-09-03
87fdd132,24349,375,2025-08-31
7cd6ea31,84305,430,2025-09-03
a4a8029f,47471,983,2025-09-16
f36fc070,65425,254,2025-09-05
82628fa1,41423,493,2025-09-16
2af7ab16,27372,50,2025-09-16
e723ddc1,17305,801,2025-09-16
41ef1300,63927,341,2025-09-23
22785a73,41140,531,2025-09-23
f223a13d,36141,787,2025-09-27
1cb95fe8,52487,768,2025-09-02
2ed758e7,65697,592,2025-09-07
4762e493,63505,243,2025-09-19
1fcc7c3b,11983,811,2025-09-04
b7a92a58,45195,467,2025-09-30
d6eaddf9,83655,7,2025-09-20
f968020f,90878,655,2025-09-18
9d789822,23802,991,2025-09-17
28df754b,58912,376,2025-09-04
5546cf1d,16859,495,2025-09-30
588d2be9,95181,256,2025-09-26
172c2aff,26256,190,2025-09-23
cd29485b,65256,897,2025-09-25
ce569a93,54868,250,2025-09-09
1ee0cae7,41529,221,2025-09-06
2a9199f5,39155,875,2025-09-07
c7a610ac,56881,326,2025-09-06
9a4c3744,47624,964,2025-09-16
7d519b75,36177,95,2025-09-24
017a1d4d,14902,62,2025-09-04
729a880f,73137,156,2025-09-02
64515b90,71531,749,2025-09-03
933f4fc7,36126,217,2025-09-07
3f81c9a0,62989,559,2025-09-06
1bc212db,11908,735,2025-09-29
2e2cf7f8,97225,131,2025-09-04
fbe24467,63537,839,2025-09-22
a09aa4f1,89813,28,2025-09-25
3d2511db,17653,854,2025-09-25
58e21d45,35161,452,2025-09-06
63d501a4,51717,740,2025-09-07
3520382e,78640,647,2025-09-29
85af3f14,73560,772,2025-09-01
f18063fc,98782,770,2025-09-13
6c17e1b0,34346,894,2025-09-08
53377dae,42847,190,2025-09-28
b62841a1,78777,22,2025-09-08
29910c81,21825,849,2025-09-11
4d413577,63148,583,2025-09-22
0354d37a,79646,765,2025-09-10
74ebc52c,95635,707,2025-09-06
22e750b9,86914,741,2025-09-13
e6542dbb,38487,605,2025-09-23
2ce392e4,60866,659,2025-09-15
701e71ff,21859,683,2025-09-05
80b1b0a4,66520,329,2025-09-28
dcac5518,22986,532,2025-09-18
4a66427c,11234,447,2025-09-18
dd0b7d1b,69383,916,2025-09-10
ef605824,91289,736,2025-09-09
7fb114d9,83678,274,2025-09-28
e7419ab9,50608,411,2025-09-24
0a44336a,10045,568,2025-09-18
c7d94e73,37563,382,2025-09-18
2462f0ff,17005,22,2025-09-09
c05af3b0,66342,385,2025-09-03
3360c79c,55698,458,2025-09-19
1276284d,73646,924,2025-09-11
322b0944,44545,658,2025-09-30
5cec7d16,65383,317,2025-09-02
bd004ad8,33647,930,2025-09-01
3d8a30db,42836,355,2025-09-18
30aa38b6,55974,68,2025-09-25
62796abb,50605,878,2025-09-28
0d84807f,38091,76,2025-09-03
ea6c3c3f,10116,178,2025-09-22
1be058b2,60248,177,2025-09-22
8bddbc14,87234,768,2025-09-12
baea655e,52586,436,2025-09-22
03f6404e,61457,138,2025-09-26
16e98992,81737,193,2025-09-23
27fd4cc5,61340,85,2025-09-14
7140be65,19142,943,2025-09-01
17965d21,60314,670,2025-09-28
9f8d02b5,66995,271,2025-09-05
f3b331bd,48199,362,2025-09-11
6a59f712,79391,575,2025-09-09
411f8a82,46793,894,2025-09-22
770b59ae,10817,16,2025-09-12
d229b7de,95398,940,2025-08-31
c9ebdc24,86503,663,2025-09-30
1a5fa118,86667,394,2025-09-23
9bee42fe,34726,874,2025-09-14
5d841e81,54366,561,2025-09-25
ca364539,29497,26,2025-09-03
9b599aab,56232,136,2025-09-10
61641441,45130,162,2025-09-21
0ed4c922,96645,820,2025-09-15
056567cb,52898,235,2025-09-14
71ab8e48,42236,748,2025-09-21
d9bda6dc,78034,536,2025-09-07
25f7ab08,40178,841,2025-09-29
a8efbd95,25740,565,2025-09-16
5e41d7eb,45632,626,2025-09-07
7fd411c3,49884,269,2025-09-23
05fe3fdf,80200,233,2025-09-30
3c3570d2,94126,511,2025-09-02
71a933b5,87265,22,2025-09-11
6d8a76ad,10023,402,2025-09-25
f865f412,90179,823,2025-09-21
dc9d2013,50515,294,2025-09-05
6f024c3c,97594,963,2025-09-20
9129f782,34324,207,2025-09-27
e26e9031,70904,586,2025-09-26
833dceb7,75560,350,2025-09-30
12d89c8f,89011,686,2025-09-05
755ede9a,17438,849,2025-09-28
37a12d2d,68956,511,2025-09-12
e1161a79,58904,62,2025-09-06
5ca1085e,61304,763,2025-09-16
12dc2668,16031,15,2025-09-23
62ba0e0c,93649,755,2025-09-08
9df5dfcc,40167,54,2025-09-20
146d9f15,39806,477,2025-09-23
5e82167f,13305,378,2025-09-03
e59bae69,48434,37,2025-09-28
238c240c,48122,172,2025-09-15
9cbb4aa3,36047,949,2025-08-31
0a301033,33863,784,2025-08-31
41bfd45d,24486,273,2025-09-29
c04f107f,36763,969,2025-09-13
31e5315c,70753,100,2025-09-10
178188bf,12011,906,2025-09-02
d552ecbc,70749,478,2025-09-07
9074a64a,27921,486,2025-09-28
ee69f031,81346,995,2025-09-28
61b6b34d,11426,155,2025-09-21
eb9942b1,93493,435,2025-09-08
1b2a6ec6,47508,51,2025-09-05
526bc06c,60436,651,2025-09-30
5eb4020b,99429,498,2025-09-10
52328a1d,79039,555,2025-09-09
2337eb91,97635,276,2025-09-01
8d20281e,14681,624,2025-09-18
1fcf886f,96314,340,2025-09-07
bb12967d,90559,778,2025-09-18
95f9369f,67887,60,2025-09-04
d2cd62ab,96872,898,2025-09-15
2e584563,47734,260,2025-09-15
1403ca4d,56499,91,2025-09-07
db9f3374,85792,484,2025-09-01
f50c7797,13583,943,2025-09-06
d9606a6b,83516,306,2025-09-27
bc82cfbe,77445,184,2025-09-15
285d5f46,26118,283,2025-09-16
49e59d69,46680,268,2025-09-15
394d038b,97681,575,2025-09-22
48e25ff6,98179,203,2025-09-26
d1caa77b,68810,942,2025-09-10
8ebce5a9,95116,702,2025-09-14
ed1e4eb4,78488,280,2025-09-09
ee1886c8,91022,12,2025-09-27
4ec20f56,48826,10,2025-09-04
d1ba267d,63767,548,2025-09-21
77767e99,44907,166,2025-09-26
1167e9e9,84491,12,2025-09-03
b05d0ed4,69517,666,2025-09-21
de9d6f30,46611,902,2025-09-14
be7702e8,73804,321,2025-09-11
40ad5955,43993,809,2025-09-06
a0493437,14863,26,2025-09-22
5974e2b7,90244,648,2025-09-22
a5935acf,45694,942,2025-09-04
c8ba4708,97185,561,2025-09-27
31a32449,56765,986,2025-09-25
2f3d4a35,80441,235,2025-09-14
3a71bb13,13042,76,2025-09-11
c9d3fb34,38665,779,2025-09-25
2d38e76c,40708,607,2025-09-03
c7184f49,91372,157,2025-09-27
1a279cd5,19180,743,2025-09-01
daa71f67,60994,541,2025-09-26
40cde305,77242,455,2025-09-26
ec94412c,59604,671,2025-09-14
12de5b55,87816,324,2025-09-21
434b77c1,14940,956,2025-09-20
2d8d434d,98475,232,2025-09-13
3ca2cc85,84322,851,2025-09-10
b0707097,46691,59,2025-09-06
eebe6bda,60147,968,2025-09-12
5c64f45d,48443,315,2025-09-11
41d069f2,28541,810,2025-09-17
7e85ed09,78910,240,2025-09-27
50a6cce5,50859,163,2025-09-08
36e177ff,37504,65,2025-09-13
b0978546,31601,195,2025-09-08
02306583,96533,468,2025-09-24
9019c0bd,85577,539,2025-09-19
86328c60,82960,543,2025-09-06
33a56ce9,87204,515,2025-09-27
3ab9c90b,63433,91,2025-09-19
2d77f8f9,69032,619,2025-09-20
fde8ffb1,19840,446,2025-09-10
6cb6c49e,81161,481,2025-09-15
c1fbcaf1,45011,179,2025-09-26
39a5fea3,10492,422,2025-09-02
536e253f,71100,892,2025-09-25
352d42f7,78060,408,2025-09-18
b8122792,63597,163,2025-09-13
52eae5fe,28960,320,2025-09-13
5f50082d,71130,636,2025-09-21
5f062a8c,46320,463,2025-09-29
3fed2f35,79373,82,2025-09-21
a7e66d90,93863,711,2025-09-17
9051cdc7,31434,119,2025-09-30
96f29c17,56347,430,2025-09-18
5cb65174,34432,255,2025-09-30
a8e0d5de,22324,571,2025-09-22
d42041d9,18246,934,2025-09-28
87bea76a,70714,788,2025-09-03
3a31e077,29146,500,2025-09-27
65232c9f,66869,245,2025-09-24
808fd4a4,69136,425,2025-09-17
5a9c6741,46290,491,2025-09-24
95016ae0,47335,946,2025-09-13
f92c64f7,46569,979,2025-09-12
eb29ee8c,94081,528,2025-09-17
a2bbfc29,51618,705,2025-09-21
8368b456,51288,848,2025-09-23
4b9e42eb,39510,680,2025-09-19
a0260488,97141,263,2025-09-25
3a22ee44,48533,253,2025-08-31
d712c95d,76584,874,2025-09-07
0afb1b59,87441,917,2025-09-08
1170597a,55949,244,2025-08-31
3d2dd711,62405,429,2025-09-23
7c3d9e65,47087,373,2025-09-15
abb6c1eb,61414,585,2025-09-17
2c4a5834,57747,925,2025-09-13
ed22cd70,24989,945,2025-09-28
b99e83c0,11439,474,2025-09-30
419ff2ef,71515,736,2025-09-24
5410a365,65270,14,2025-09-13
5e568351,13214,164,2025-09-17
23da22b5,26576,736,2025-09-08
4ec1439f,63018,269,2025-09-22
62715d23,41589,69,2025-09-28
b75bdd22,93149,573,2025-09-04
a36b3a42,44389,66,2025-09-21
7af09183,55058,141,2025-09-27
a586ebc5,40927,216,2025-09-19
138d9f71,55301,223,2025-09-15
838ba536,22258,706,2025-08-31
ccabab70,48550,346,2025-09-24
da765217,32531,578,2025-09-13
6e107c3e,43216,780,2025-09-06
8eb22d97,81722,946,2025-09-17
a2ce0c0e,63959,898,2025-09-02
92a39829,86047,273,2025-09-19
e7413578,79761,283,2025-09-07
127ceb98,20661,671,2025-09-28
17da032b,84807,435,2025-08-31
5ed187cc,63230,257,2025-09-01
e501d837,52657,814,2025-09-14
addf4e83,24717,754,2025-09-03
77389f97,83628,550,2025-09-14
b291c3a8,11232,740,2025-09-14
d1c2b103,63499,458,2025-09-18
c0b2c2a8,45389,502,2025-08-31
46a8d411,64242,700,2025-09-25
d1e86de9,39827,693,2025-09-26
c3fef499,63902,50,2025-09-10
f5ed79b8,84337,368,2025-09-20
e39910bb,77605,405,2025-09-05
c3ad6878,73926,231,2025-09-30
3dd60e29,24102,164,2025-09-08
a6046fa8,12968,462,2025-09-01
7741d211,55930,528,2025-09-21
89c5d4c8,66833,391,2025-09-28
a8585274,49353,618,2025-09-05
99bdf29e,73992,740,2025-09-25
ce6b739f,81506,792,2025-09-25
68c6c031,99780,573,2025-09-13
f9aaaa12,70904,21,2025-09-06
119b8a95,96964,355,2025-09-07
a32fe30f,26847,422,2025-09-23
a0210ea4,98821,9,2025-09-23
e37940fe,20174,17,2025-09-30
605a82e6,96307,55,2025-09-12
4feb511e,69639,186,2025-09-22
22205d03,37195,185,2025-09-28
0e5e4a05,56362,979,2025-09-23
338f67bb,12101,443,2025-09-07
3681916d,47283,858,2025-09-21
3c810e74,86729,397,2025-09-17
fdd14e1d,76447,573,2025-09-10
54fa7cd1,20871,292,2025-09-04
6933f86a,99586,922,2025-09-06
c113ce3f,85320,315,2025-09-24
21dd0735,92036,765,2025-09-21
19af2feb,85804,355,2025-09-14
5162bead,90471,576,2025-09-11
8af6db4e,19973,387,2025-09-08
c1f31313,66761,551,2025-09-04
704fe604,39309,983,2025-09-20
bba75777,63463,269,2025-09-12
2bca2f6a,54408,219,2025-09-06
45c50603,32181,640,2025-09-04
110babaa,80977,642,2025-09-02
030f4f7f,77347,549,2025-08-31
5e5705cd,72434,266,2025-09-13
841b5d02,12407,300,2025-09-08
ccdeda91,17064,322,2025-09-13
366abd41,90488,481,2025-09-04
c208e48d,92980,456,2025-09-20
fa050b9c,20427,937,2025-09-22
086c51fc,86875,799,2025-09-27
20d4e124,16097,437,2025-09-08
0bd2c164,82203,130,2025-09-04
4977bf41,91465,495,2025-09-17
ca598e1d,93594,4,2025-09-03
92d9de41,62950,80,2025-08-31
cb2508c6,53628,699,2025-09-05
a00d29aa,38605,120,2025-09-27
3d24a9b1,48060,803,2025-09-25
e5df1578,34821,860,2025-09-03
46b3ac7d,64334,681,2025-09-01
f5bd05f0,44471,234,2025-09-30
41240fba,53546,546,2025-09-26
d8adbe35,58348,601,2025-09-14
a5d3dc89,35106,816,2025-09-06
262c27ae,12732,618,2025-09-18
a1491dd3,29918,416,2025-09-09
70d185f0,52903,621,2025-09-28
c62ea0ce,14313,534,2025-09-12
0a123f8b,73010,526,2025-09-22
f070ab23,38691,756,2025-09-27
bcb2a7fc,28555,696,2025-09-21
9a0f1d3b,69727,228,2025-09-12
a4768ec4,85045,853,2025-09-30
7c6410fe,90577,411,2025-09-01
770632d8,13235,297,2025-09-22
79d6cb5d,94273,201,2025-09-05
0479ef31,88974,528,2025-09-25
1a4103e3,98817,145,2025-09-07
a7fcf719,72712,703,2025-09-25
e3d69f0c,60381,591,2025-09-21
2283356e,93273,488,2025-09-26
12117065,83531,899,2025-09-17
39aa9d11,11608,38,2025-09-06
bf15f568,55146,755,2025-09-30
8540ca81,58693,323,2025-09-26
2678acbd,25470,31,2025-09-30
80f51748,89379,269,2025-09-24
53aa5e85,37684,877,2025-09-28
a0e2929e,97129,770,2025-09-25
6428ec6a,80341,81,2025-09-28
7e02d09f,93140,271,2025-09-15
4e62e9aa,77510,668,2025-09-06
99ae6d2c,79114,542,2025-09-02
f13a4e62,65458,569,2025-09-14
f04cd26a,63894,512,2025-09-08
7508ca78,98272,933,2025-09-04
fae853af,38351,443,2025-09-02
1bc68acd,83896,845,2025-09-30
b92d6833,27458,292,2025-09-29
c20bf1d5,47768,50,2025-09-24
4a75bf7f,15263,296,2025-09-17
668915ad,70757,695,2025-09-19
12fcf759,22842,244,2025-09-25
a4ee335b,60300,992,2025-09-06
3be7f848,29711,675,2025-09-16
62686cfc,64054,753,2025-09-25
0f1b44a7,10873,754,2025-09-21
2d27dc89,83707,604,2025-09-03
6013b77c,11340,403,2025-09-29
958d0af7,48335,137,2025-09-07
af14b949,66444,1000,2025-09-17
45b49393,61955,858,2025-09-04
185d343e,54381,120,2025-09-07
433e947e,13001,277,2025-09-07
0d2f3080,51485,655,2025-09-04
25a41add,34454,990,2025-09-26
f62dcbea,28563,7,2025-09-15
c915ec4c,44457,12,2025-09-14
3ef87b80,34568,805,2025-09-16
75863677,95695,149,2025-09-24
1f320323,62780,787,2025-09-18
5dd27bdb,20829,78,2025-09-27
6c898ca4,75690,185,2025-09-19
b3d5c6b9,16591,276,2025-09-06
bc4e6298,76669,802,2025-09-17
83d485fc,88866,615,2025-09-04
6f1cd4a7,29912,644,2025-09-22
17c6bf7d,29506,304,2025-09-24
a60601ce,65580,245,2025-09-23
678eda85,59460,485,2025-09-02
b46c6426,30267,239,2025-09-29
3dc4a889,24303,841,2025-09-17
f0c1f209,73857,487,2025-09-05
db04bcee,47163,626,2025-09-25
98bc0233,60449,811,2025-09-27
5d532c54,28423,521,2025-09-02
4716386b,69206,190,2025-09-02
aac01229,35644,117,2025-09-16
fe28ea90,86513,746,2025-09-10
5a43c2e7,61547,524,2025-09-15
4846c623,27439,923,2025-09-10
3f6193e2,32951,342,2025-09-23
7cdf047b,59421,434,2025-09-01
506b6850,65030,57,2025-09-16
6dc15fb9,94946,738,2025-09-24
5fa31f04,82836,562,2025-09-11
65988704,21817,309,2025-09-15
9f199a97,79835,686,2025-09-11
6b2b05c8,70523,611,2025-09-02
944afc95,65637,996,2025-09-20
781f107a,45378,524,2025-09-02
a7cd0c85,82547,485,2025-09-16
81cc12a1,78687,233,2025-09-17
a8734041,88146,836,2025-09-04
8bdca716,16963,248,2025-09-13
b23b66c3,31091,334,2025-09-14
7cc7c328,28812,121,2025-09-14
dd19bcec,56983,886,2025-09-18
39f5fee7,33948,203,2025-09-02
daf47aa9,49437,923,2025-09-18
2f1b7cc4,89338,612,2025-09-24
1cd06c19,54961,3,2025-09-26
5304a2c2,56841,148,2025-09-04
46d6d0e7,62193,621,2025-09-13
8edce96c,34833,342,2025-09-04
72b98c89,19506,745,2025-09-28
1b523347,92193,932,2025-09-19
c652f5ad,45462,521,2025-09-08
8a9b554e,30033,611,2025-09-04
9f52852c,61783,703,2025-09-24
96cdc74e,18696,509,2025-09-17
a11aba71,63504,350,2025-09-13
79293897,46541,775,2025-09-21
3aa715a5,74194,194,2025-09-20
1d091803,77040,564,2025-09-02
075c71ad,73083,448,2025-09-04
8e6f1bec,25893,357,2025-09-12
84ca6236,48536,460,2025-09-24
c59ec3ed,45968,822,2025-09-01
f9a9da8b,14848,311,2025-09-03
99837cd5,89851,433,2025-09-10
7a1a0663,68013,867,2025-09-26
38fe289b,99263,441,2025-09-19
6a9aeb38,52987,929,2025-09-09
61d5f08d,95411,150,2025-09-08
390a83bf,31190,502,2025-09-25
697e32d5,83857,33,2025-09-13
7b206b9c,57064,737,2025-09-13
dbaafd6e,47603,633,2025-09-19
61192fee,46700,142,2025-09-12
c8773d99,45020,384,2025-09-10
aa9720ac,86434,295,2025-09-23
bd74d83a,12578,357,2025-09-11
e5a8e17f,66193,526,2025-09-01
0bb1bfd2,33349,464,2025-09-25
4c486ecb,59180,58,2025-09-02
17d8884a,74444,33,2025-08-31
e9677620,15963,409,2025-09-26
00abf781,96154,360,2025-09-29
c71c65d8,42041,338,2025-09-28
e769a62c,94793,288,2025-09-29
a92201d5,72412,463,2025-09-05
96639214,95307,173,2025-09-22
288d6388,55134,923,2025-09-22
3fded3e0,55966,978,2025-09-18
4ed91ff2,97088,570,2025-09-06
2ef2fe3c,42868,670,2025-09-19
6ea6a902,88267,628,2025-09-04
4d731bcd,27718,818,2025-09-08
5c38f544,28503,278,2025-09-10
f860e8fe,76587,341,2025-09-11
bced11ca,77730,773,2025-09-05
faa0f41b,62179,768,2025-09-13
7a33dcf3,75665,869,2025-09-22
9499b27a,36883,613,2025-09-13
c22060cb,20401,764,2025-09-01
1be7aae1,32291,749,2025-09-05
a5221ca5,31006,968,2025-09-29
b6c07cc5,50274,666,2025-09-01
8d36d3bb,52402,458,2025-09-24
0770f371,12432,835,2025-09-01
f5e1396a,73790,657,2025-09-09
2bc71c12,40163,555,2025-09-06
18b87502,51981,677,2025-09-04
65238677,96887,461,2025-09-03
cdd9d427,26276,997,2025-09-09
39e45e6b,19128,632,2025-09-06
615bf59a,35761,742,2025-09-03
26e11010,23847,76,2025-09-15
17387d3a,51135,192,2025-09-05
9b8c4de0,52862,366,2025-09-26
c542a953,27189,556,2025-09-16
85a6aa8f,39762,13,2025-09-22
70f37564,56292,973,2025-09-15
06e24339,33746,77,2025-09-06
b771843b,58549,969,2025-09-12
f2c93427,18665,810,2025-09-19
b17bf554,18048,725,2025-09-23
bf8cebe9,48929,913,2025-08-31
ffa79c08,93989,299,2025-09-13
3d9f9ce9,91193,966,2025-09-24
50682b4a,23134,375,2025-09-26
017f2ae2,13654,986,2025-09-16
7744541f,92474,684,2025-08-31
ff92c27b,62544,492,2025-09-11
5ff90a12,70209,191,2025-09-19
c760c51f,74814,394,2025-09-30
d822bac7,21923,810,2025-09-15
3e43a3ea,10247,443,2025-09-06
9f6df07e,48205,172,2025-09-26
48806814,34910,414,2025-09-11
8b14775d,15631,861,2025-09-28
c98dc96e,11445,468,2025-09-25
34d7cef6,14259,597,2025-09-13
6e26f674,99479,798,2025-09-25
4ede9708,17397,827,2025-09-01
c3054f6b,49674,606,2025-08-31
4984f0aa,99502,955,2025-09-28
107634a7,21224,346,2025-09-27
9fb069f7,54286,342,2025-09-23
9f66a37f,32308,182,2025-09-07
40984f03,24910,493,2025-09-29
854b6deb,77541,20,2025-09-25
f8a5cae1,34229,889,2025-09-26
470974ea,27114,558,2025-09-02
827cdabf,93488,398,2025-09-21
c0472f37,72395,851,2025-09-08
e45be3ec,87616,836,2025-09-01
7e6b8c2e,89924,944,2025-09-25
34932b21,25270,724,2025-09-11
7e573fe0,54021,427,2025-09-07
9bba60c1,59277,14,2025-09-04
b9f441c4,44653,226,2025-09-11
14d29d27,59089,36,2025-09-21
bcd685e7,29762,607,2025-09-08
8a390d14,87228,706,2025-09-13
5a5e2cb2,44486,335,2025-09-29
91497fc0,54808,437,2025-09-07
c3ca04d0,14555,104,2025-09-12
6f259d8b,21939,556,2025-09-08
0cfb3187,21873,332,2025-09-02
7eef40d7,96196,359,2025-09-08
10466aa7,69733,202,2025-09-05
f69bcba7,30690,727,2025-09-17
4cae07b8,39777,171,2025-09-20
3627e3e3,57424,325,2025-09-19
2da68e2e,87144,486,2025-09-11
84ca01c2,77426,860,2025-09-17
1b452fd5,70808,790,2025-09-13
eccb012e,95535,494,2025-09-04
4938694b,17561,358,2025-09-02
4ff97abd,95833,80,2025-09-13
7c113094,55071,260,2025-09-16
c06bd871,84093,31,2025-09-15
9f9a4bde,44331,330,2025-09-28
a39d932a,70612,714,2025-09-04
ca11e0e8,46806,985,2025-09-09
6efd6f1e,12579,87,2025-09-30
33817446,80851,251,2025-09-13
0e4d2f2e,66283,628,2025-09-28
ff37d504,40998,580,2025-09-05
3df5fdfa,51509,254,2025-09-11
f69337f2,32470,32,2025-09-29
5b795719,52644,701,2025-09-25
5c2ba9de,34043,161,2025-09-24
adb81eb0,93974,884,2025-09-20
36f7e602,61034,713,2025-09-20
4dc35f49,10732,753,2025-09-26
38b6ae4d,73267,26,2025-09-25
ca9ffa29,27834,500,2025-09-09
5138f6ea,65871,768,2025-09-17
f432b276,83679,987,2025-09-09
a5780f42,35344,225,2025-09-03
c06a2575,35769,409,2025-09-27
2e5a487c,46808,59,2025-09-19
286a23e6,10178,498,2025-09-25
05158823,57993,406,2025-09-04
4f6a989a,54343,868,2025-09-29
a317e63b,79875,164,2025-09-09
ccaee6bf,85265,648,2025-09-14
a287f03b,73615,442,2025-09-11
86878b95,31768,938,2025-09-08
48ffaed8,45838,773,2025-09-13
99b9e990,98459,996,2025-09-29
18c85f3e,70454,699,2025-09-30
c901ba84,18220,7,2025-09-12
cc71a10f,15399,847,2025-09-29
c9d9e5d1,54243,732,2025-09-20
4db72c49,27224,208,2025-08-31
134f910d,75324,151,2025-08-31
c4b2bc72,75804,655,2025-09-28
281a49c9,66730,722,2025-09-23
4fe78fa4,76083,19,2025-08-31
1037e834,21831,291,2025-09-05
3ecd692d,66615,806,2025-09-14
81e0716e,89732,364,2025-08-31
8d240c9c,90499,467,2025-09-19
e4d2a63f,31967,336,2025-09-25
040b0428,91288,970,2025-09-01
ecf36b07,78628,51,2025-09-21
9393a26a,87308,29,2025-09-21
8bdd92ae,49278,670,2025-09-11
bafe598d,52598,885,2025-09-23
cdf96e7b,56909,630,2025-09-20
2899d0a5,27538,899,2025-09-21
305f893d,12742,473,2025-09-05
0ce66a4d,76907,268,2025-09-23
5663f09b,69280,555,2025-09-24
f13921e2,35490,417,2025-09-16
070251a9,68698,570,2025-09-04
0c094abb,87819,991,2025-09-26
30a90ab7,27314,605,2025-09-13
05d2e1bc,22159,23,2025-09-05
b421344e,40902,359,2025-09-26
83625fea,95294,890,2025-09-19
b894ab3b,68141,864,2025-09-03
f81e03a2,39872,112,2025-09-10
a65060d4,91896,795,2025-09-20
b122e8df,27671,394,2025-09-19
aed9f52d,15671,950,2025-09-22
