id,price,volume,date
fbadd52c,82789,910,2025-09-10
b6914a1b,13897,577,2025-09-24
ee05303d,42629,80,2025-09-24
abaafb22,30830,287,2025-09-14
7ff75693,85075,976,2025-09-16
4ebce56d,51155,463,2025-09-21
b3553e0c,79432,550,2025-09-09
2663b5c0,90487,49,2025-09-12
7548680b,75936,516,2025-09-01
45c66210,12483,445,2025-09-18
fd400ccd,14366,131,2025-09-03
9f7b054b,79031,291,2025-09-02
c2357018,62884,304,2025-09-05
5a708436,77587,519,2025-09-18
88b018ec,10586,98,2025-09-03
887f9d0b,49173,150,2025-08-31
7ac0a9ac,25028,451,2025-09-06
5bd21c24,58217,488,2025-09-19
e6607250,16119,892,2025-09-04
17d1fca4,63624,562,2025-08-31
a7ac7ca3,45838,498,2025-09-24
0b6db1ae,60502,585,2025-09-16
021bbc71,81568,152,2025-09-26
6bac6a8b,52344,772,2025-08-31
6983d1a6,65223,304,2025-09-27
65e457f0,28182,382,2025-09-21
34ec7342,54261,575,2025-09-19
176d07be,46901,783,2025-09-10
e139bea4,12785,672,2025-09-25
8a812496,63912,254,2025-09-05
2ae2a424,84436,655,2025-09-30
d3d8cff6,92789,979,2025-09-18
ae61bbf5,53580,525,2025-09-17
e0a8ebe1,64899,824,2025-09-26
a6e1573a,45884,172,2025-09-09
65559818,16471,191,2025-09-18
c69ffb66,80063,108,2025-09-08
b0b128ef,79566,891,2025-09-16
4d1659a7,74486,428,2025-09-25
cbb5d072,34243,427,2025-09-13
b35a34c3,59593,87,2025-09-05
6d700740,14158,151,2025-09-24
ba724909,73756,44,2025-09-30
908f955f,86629,871,2025-09-07
323e466f,22738,975,2025-09-10
1d733a9d,41425,743,2025-09-01
5ce105fd,89849,18,2025-09-25
9e782c6b,61548,877,2025-09-28
bd788159,21912,335,2025-09-15
a9c2854a,84729,893,2025-08-31
66318cad,19832,600,2025-09-21
b8d23bf9,79481,932,2025-09-15
47ff729a,62459,647,2025-09-11
1014e02a,44312,845,2025-09-25
0b176abb,84609,451,2025-09-05
bea765d7,65182,18,2025-09-07
c804f0b7,77889,569,2025-09-28
6945c8e6,12390,147,2025-09-05
8cc585d6,67337,18,2025-09-08
5c96c043,21042,761,2025-09-09
5147e403,44776,461,2025-09-25
e6a332be,21844,610,2025-09-22
b2aadae9,20041,533,2025-09-17
3845b806,46466,589,2025-09-24
aa5ea93a,42058,949,2025-09-15
92d4f3eb,81203,234,2025-09-15
78d67ca8,53698,844,2025-09-20
1cd91b3b,46161,370,2025-09-17
bcf9d543,81967,765,2025-09-14
4268d153,52248,149,2025-09-24
00625c3b,38037,669,2025-09-21
1a028860,33704,569,2025-09-16
5041d717,52743,195,2025-09-24
49c13d88,82978,965,2025-09-03
83841260,27841,648,2025-09-08
f9884a43,63805,159,2025-09-29
eb58bfd7,66748,405,2025-09-23
f7370ee6,43795,963,2025-09-19
d862d499,97697,142,2025-09-19
91cde722,77027,303,2025-09-21
4c1b4f6d,36313,548,2025-09-06
3d0b281c,84972,798,2025-09-18
ba206ede,51827,759,2025-09-06
682eb7d9,91850,941,2025-09-14
e682255d,89001,369,2025-09-08
4bc143d8,98729,796,2025-09-26
7928d6fc,54369,213,2025-09-08
08714995,43271,436,2025-09-15
81861a97,43024,769,2025-09-30
03d28b65,62870,710,2025-09-16
3ef6d586,46579,556,2025-09-21
7c8e1212,16632,141,2025-09-22
b8719914,93333,259,2025-09-19
9262f5b9,42654,238,2025-09-15
1794b1de,15221,216,2025-09-27
be23b766,81443,951,2025-09-09
9272f64e,67576,809,2025-09-02
a976deff,43026,245,2025-09-18
6f38b1d6,72156,814,2025-09-16
4ef221e2,14274,903,2025-09-17
893a520a,95716,185,2025-09-08
9d570783,34589,198,2025-09-10
7558e443,29890,86,2025-09-22
2aa10312,81015,258,2025-09-18
1b8d2499,96327,72,2025-09-10
e7c23ed8,84001,605,2025-09-23
62907d44,53866,614,2025-09-26
7bd191b8,96581,448,2025-09-09
40af2c9b,89880,977,2025-09-02
55038b9a,80408,952,2025-09-25
474ae394,17958,116,2025-09-12
5405e6b0,41939,814,2025-09-19
c02ac66b,30894,302,2025-09-28
abc51390,89539,558,2025-09-19
f5bbdcea,35676,422,2025-09-02
bbef7cb5,99623,428,2025-09-16
0703d995,43991,638,2025-09-22
20de2319,92456,565,2025-09-06
f250a02f,76446,906,2025-09-28
c48e9ae4,61760,394,2025-09-15
34e52f82,59835,304,2025-09-13
e0394163,48489,718,2025-09-19
d272417d,41287,532,2025-08-31
d02d34aa,67031,141,2025-09-17
23f7f791,14002,747,2025-09-12
b1a082a7,62065,163,2025-09-22
213dfce0,32057,724,2025-09-12
3453950e,22768,370,2025-09-27
5dd21818,50520,307,2025-09-20
990d86b1,10328,136,2025-09-04
083cec27,94277,271,2025-09-29
18267354,96527,837,2025-09-23
6f572558,25151,133,2025-08-31
389b94e2,41794,837,2025-09-17
3882e0fd,60351,577,2025-09-20
4563d524,28562,23,2025-09-06
14637866,58087,277,2025-08-31
0934a1c7,17705,997,2025-09-15
024926ba,80510,848,2025-09-21
d5d1afb1,12636,25,2025-08-31
fd8bae2b,57634,142,2025-09-05
b4d17557,89508,449,2025-09-04
49156b2b,73845,159,2025-09-29
e4540dc2,63351,422,2025-09-14
74304930,55225,172,2025-09-23
7cbff6f6,74380,107,2025-09-10
bf5f5a6b,44510,802,2025-09-12
6c10473b,10160,967,2025-09-08
5a027820,76369,867,2025-09-26
547d6521,20906,235,2025-09-12
6f7fefc1,40457,68,2025-09-19
5311ea24,77298,356,2025-09-14
f21c422b,25174,449,2025-09-28
6dea223e,97144,91,2025-09-04
ba424f19,86343,172,2025-09-17
c065110d,55536,676,2025-09-29
2792b815,11676,37,2025-09-01
3a231cb3,92918,5,2025-09-10
62bd850f,29195,9,2025-09-02
9c044d2e,85106,206,2025-09-26
4264b207,88085,572,2025-09-20
c31b9f8b,37265,955,2025-09-26
11c1c906,93252,236,2025-09-06
07c84502,91631,599,2025-09-09
7deaf866,76697,39,2025-09-07
f9775e4d,56652,991,2025-09-13
7ed35591,76847,290,2025-09-13
140b3625,33613,619,2025-09-28
1acd8f9b,24332,687,2025-09-18
ccf04161,84425,274,2025-09-29
413d27b9,73328,967,2025-09-01
5ff95e0c,94677,324,2025-09-27
91888b99,18128,949,2025-09-05
98138616,50071,569,2025-09-26
92bee4ce,44845,67,2025-09-28
fc7fd09d,36795,798,2025-09-07
a99fdab6,17160,869,2025-09-29
4c9409ee,49199,603,2025-09-27
e882533e,53042,202,2025-09-15
a0e20eec,37498,575,2025-09-23
361ded7a,98773,33,2025-09-27
79617922,95890,659,2025-09-23
e671496f,60445,489,2025-09-05
7dd057c0,25109,499,2025-09-02
633da88e,42514,794,2025-09-18
214d8ade,98817,881,2025-09-12
e669065f,11747,90,2025-09-21
166f4b62,84961,417,2025-09-17
0317dd55,64422,981,2025-09-29
3c125aad,12542,706,2025-09-24
e673f35a,41601,836,2025-09-30
8fb8998d,31039,384,2025-09-10
47c13a4e,19882,285,2025-09-07
cf4279ff,46744,436,2025-09-20
97108af2,39552,343,2025-09-09
3eec7d93,73135,941,2025-09-29
8d427522,81076,422,2025-09-09
36fdd93a,31710,954,2025-09-12
cecb2576,87902,123,2025-09-04
7b11e518,93472,257,2025-09-16
a81ea856,56212,365,2025-09-12
616335f2,46391,785,2025-09-08
1458d47d,89838,879,2025-09-19
21169fbe,14961,837,2025-09-08
ea80216e,28345,606,2025-09-30
1f9f9b8d,15761,579,2025-09-01
10c8e9d4,88720,3,2025-09-14
0720b04f,87479,413,2025-09-08
f1666e77,25931,147,2025-09-30
05b4aabb,16703,415,2025-09-17
44c17074,16136,427,2025-09-30
eb48df97,64006,346,2025-09-30
e3c8c691,92448,258,2025-09-30
cc3963ed,92404,653,2025-09-10
92058749,76007,640,2025-09-12
18d37754,93753,90,2025-09-15
7577a948,42074,465,2025-09-08
88a0b3b0,37214,635,2025-09-12
2d6aaa08,71556,92,2025-09-05
4fd3b5bd,15851,56,2025-08-31
39c01731,77068,73,2025-09-16
3be3d52f,22640,37,2025-09-27
955143e1,89157,288,2025-09-28
68a1ee66,86574,975,2025-09-30
a157cccd,70038,934,2025-09-27
ce91c4e6,67791,38,2025-09-27
ddaf9af2,35819,53,2025-09-08
df2fcaf3,11108,197,2025-08-31
9948e5ce,91412,209,2025-09-18
484c4de3,59002,780,2025-09-29
f7884021,21161,347,2025-09-17
b1e8ea02,70295,651,2025-08-31
227d3b24,46548,381,2025-09-13
32263901,27678,929,2025-09-08
a23bf060,40959,827,2025-09-21
a572fadf,13335,434,2025-09-19
4f05c8cd,56174,817,2025-09-02
ff7c7b88,71714,759,2025-09-20
ae742df1,89457,505,2025-09-23
1390ac2a,14873,243,2025-09-16
80682404,82335,2,2025-09-18
04ad8584,25759,200,2025-09-21
c4fc07e1,76168,835,2025-09-14
bd65f774,21035,533,2025-09-21
5fc7fd11,19031,87,2025-09-20
5e5af119,20128,68,2025-09-15
d3437a80,15949,863,2025-09-02
57f9bfbf,72973,6,2025-09-15
71fd627e,74370,863,2025-09-15
f5372ad3,59282,693,2025-08-31
58e3669d,46773,817,2025-09-19
b5e03794,20662,893,2025-09-07
33d53ea4,52984,250,2025-09-01
2b617532,25902,175,2025-09-22
69de9f56,47562,166,2025-09-01
84608cfb,55293,256,2025-09-02
c8c3e907,81992,921,2025-09-03
57d06546,93466,475,2025-09-01
6900ecc2,70184,239,2025-09-05
f0fb2195,71457,141,2025-09-19
6849b1bc,45846,490,2025-09-14
340c0b4c,16844,483,2025-09-07
4ab4a214,62767,368,2025-08-31
d021ba08,33135,118,2025-09-05
5e64066e,61389,103,2025-09-14
b35dfbee,35380,13,2025-09-26
e6011439,29754,992,2025-09-13
d644b4cd,43054,513,2025-09-13
dcd8902b,20584,465,2025-09-12
67ce1d91,55191,270,2025-09-24
80fd655f,70483,315,2025-09-02
ef4fa6ad,84543,173,2025-09-01
ad30b826,52156,511,2025-09-19
404db568,20402,819,2025-09-02
9c36876a,21784,310,2025-09-06
e48a6863,49341,793,2025-09-19
9270a9ff,13529,196,2025-09-29
a1e5fa07,51958,605,2025-09-09
f2e91da4,98006,705,2025-09-15
ab51645c,26224,36,2025-09-02
a06355d5,16632,793,2025-09-06
14fcc156,35504,125,2025-09-03
d495c702,59561,742,2025-09-30
30edd3c8,53149,545,2025-09-04
b647c9bb,61179,615,2025-09-22
5140c480,95662,849,2025-09-24
08806730,85344,522,2025-09-18
5ae85b77,99328,987,2025-09-05
9d4d0c3d,86375,297,2025-09-14
56281b41,68508,720,2025-09-08
9d484bec,50999,189,2025-09-11
09ed08a5,49929,181,2025-09-09
226f7a94,34428,35,2025-09-13
7118bb14,61805,635,2025-09-10
9a3c30ec,10304,256,2025-09-24
54e909c2,74268,183,2025-09-07
6bfddac9,97956,417,2025-09-30
60fd1297,12838,910,2025-09-27
51c24ddd,32584,102,2025-09-23
f9e7296f,80211,560,2025-09-15
e0028ae9,30239,80,2025-09-29
eee6406f,91060,951,2025-09-09
2c8913ab,47872,320,2025-09-10
dc577669,73635,283,2025-09-03
64711d64,71262,149,2025-09-20
8c5bd6bf,72750,538,2025-09-01
2c1f2287,87197,51,2025-09-05
5efa7e21,63696,616,2025-09-15
32b6de5d,46057,536,2025-09-29
92bb214d,77535,7,2025-09-09
b5cf566d,98406,320,2025-09-27
e4287060,15454,116,2025-09-19
d9c0f370,42928,580,2025-09-10
61e65168,32974,37,2025-09-02
010db2a6,72617,388,2025-09-16
6ef418b3,31151,467,2025-09-13
46c02763,75202,390,2025-09-23
e257b8d9,76652,838,2025-09-17
ee4eb925,35625,483,2025-09-10
a83dab59,72853,426,2025-09-19
67e64fc6,47232,393,2025-09-30
7cc74c42,81191,968,2025-09-13
f7c52a85,62356,238,2025-09-23
53d7be08,95925,438,2025-09-21
9d00ea0b,88406,729,2025-09-16
ebe61ce0,44516,255,2025-09-16
5dd92795,72624,248,2025-09-20
136e62da,91121,682,2025-09-14
e5f29446,97996,11,2025-09-21
73b0d05b,91910,679,2025-09-11
05fd404e,30031,533,2025-09-16
dc47e9b9,80516,844,2025-09-12
2257ca48,60129,974,2025-09-29
75d5b7c6,30433,361,2025-09-20
d03c21cd,14738,561,2025-09-13
bf61ae62,44404,442,2025-09-25
b0f3fbd7,13372,146,2025-09-25
86b5cea0,45629,1,2025-09-21
ae2c5c9d,27889,264,2025-09-18
99f9b43f,58167,834,2025-09-06
d0a2280e,54283,664,2025-09-30
3f3e1c0b,35949,305,2025-09-25
5ef78135,54954,807,2025-09-21
71bb13bb,59302,155,2025-09-18
aef6842d,86339,394,2025-09-24
3a7d8d23,94554,507,2025-09-01
95cce407,88364,78,2025-08-31
f108ef03,78408,942,2025-09-17
f73b66ae,44768,547,2025-09-06
5c7ceeda,51144,250,2025-09-20
7d39bf52,48284,373,2025-09-06
c3523292,20824,793,2025-09-23
324b2df7,58205,946,2025-09-22
81db721f,22659,510,2025-09-23
f41859b9,77588,331,2025-09-06
4fe13532,97928,228,2025-09-18
7205c74c,94294,591,2025-09-07
336b62aa,42932,876,2025-09-26
3224dba2,29739,205,2025-09-02
d0592097,68758,786,2025-09-14
19e8e052,18293,120,2025-09-06
c268210a,33728,177,2025-09-08
8c2b1da4,96445,427,2025-09-25
2b9616e3,98111,304,2025-09-04
30b96f17,62413,491,2025-09-26
81a25f08,13742,731,2025-09-18
80139287,58500,397,2025-09-23
e33c6e57,60518,690,2025-09-30
9a99ad37,93486,21,2025-09-06
377cd329,32341,668,2025-09-30
41832947,84164,5,2025-09-26
fe651079,13695,324,2025-09-02
a89b2ed7,36002,226,2025-09-07
8b0a3862,97566,97,2025-09-02
049ef7d3,40289,503,2025-09-10
79dd9ea9,48768,350,2025-09-03
9e34d8fa,26774,449,2025-09-15
a5bb72ef,36669,79,2025-09-07
a4f9b7a3,14376,288,2025-09-08
700a0671,77704,94,2025-09-11
f0beb58f,58396,792,2025-09-13
4eb743f1,41158,610,2025-09-11
93f00648,77550,438,2025-09-18
fd75eaec,59489,127,2025-09-06
c3fcf17c,28757,179,2025-09-22
cc293a99,99839,505,2025-09-08
1b49658f,94188,181,2025-09-23
b0ec523b,90221,738,2025-09-29
c049a464,84555,746,2025-09-25
043e1026,67921,490,2025-09-15
c7f32172,50392,588,2025-09-22
71978916,76830,685,2025-09-12
a8023b57,54714,362,2025-09-23
8c4238d9,15813,286,2025-09-28
9725d458,54331,462,2025-09-05
b67c0fa2,15218,912,2025-09-30
c488ba5c,51425,26,2025-09-03
f392eabc,10092,91,2025-09-11
757b645c,51739,114,2025-09-25
10f5e88f,51387,690,2025-09-02
9dd4c8da,22101,49,2025-09-26
9c97c60a,55236,100,2025-09-30
fc15f8d4,33428,566,2025-09-12
87373d9c,55139,316,2025-09-17
0421b963,19668,572,2025-09-30
b42e5820,64522,885,2025-09-19
8ad68929,15774,213,2025-09-23
b8f1c5b7,37838,323,2025-09-24
632d1899,58133,553,2025-09-19
9e8fea82,22575,892,2025-09-23
e1df7b33,49509,617,2025-09-18
04989ea0,18561,956,2025-09-04
a1e73491,83989,854,2025-09-21
a2e370e2,46174,279,2025-09-14
43c0e4b9,96019,156,2025-09-30
1870ed4b,94108,59,2025-09-21
3755178f,13544,159,2025-09-07
f05c2dab,43199,414,2025-09-03
86a7eeaa,37288,825,2025-09-09
1e118f17,26593,284,2025-09-13
5d73457b,50686,402,2025-09-21
f34e5d95,15921,314,2025-09-07
9ee2a04f,48884,261,2025-09-26
c7deb658,92967,236,2025-09-28
fab0ab11,83729,849,2025-09-12
309a21ad,56509,855,2025-09-27
9ca6f1af,95835,458,2025-09-21
68741fac,71283,540,2025-08-31
ce927733,36784,398,2025-09-13
5e989151,49261,522,2025-09-03
3731e0eb,81192,70,2025-09-02
0df6168a,99924,207,2025-09-08
bd82b38e,29189,537,2025-09-25
cb7681d1,94095,437,2025-09-09
8a67960f,94311,775,2025-09-29
035ac0a5,48557,664,2025-09-21
01cb267e,42637,207,2025-09-24
6efe7915,31257,785,2025-09-01
af680b38,45056,642,2025-09-04
f5f8a22f,40906,808,2025-09-17
19e34691,30347,613,2025-09-16
d07eea51,65116,615,2025-09-04
9244e96c,40306,987,2025-09-14
89f7140b,96652,358,2025-09-08
d42a84df,19863,876,2025-09-27
75b5bd6e,94791,56,2025-08-31
4f4ffaee,90000,490,2025-09-07
30d7017f,87655,211,2025-09-11
4c4508df,50256,816,2025-09-29
3b6f041b,52190,202,2025-09-05
8a754c85,53396,686,2025-09-06
104994a7,65560,616,2025-09-06
c3fb761a,97645,578,2025-09-25
da31fce3,40302,511,2025-09-26
25e87ebd,26207,426,2025-09-17
7af777cf,20358,175,2025-09-28
d730c784,69951,44,2025-09-29
c1275f2d,29853,783,2025-09-03
1a70a3f0,92581,580,2025-09-14
9eed2edf,34280,467,2025-09-19
8351c7b5,24401,557,2025-09-29
538eb71f,66401,74,2025-09-20
a09c151b,46942,855,2025-09-15
0295fc28,26771,181,2025-09-02
02467e3b,62478,933,2025-09-23
b5cd568c,45413,95,2025-09-13
460d6a6f,52314,30,2025-09-22
c3fc4d1d,65170,949,2025-09-14
627bb7e8,83923,422,2025-09-26
c0d975e4,57376,163,2025-09-20
8f8342fc,98046,685,2025-09-06
8544bde5,88098,945,2025-08-31
8021c9bb,16206,746,2025-09-29
56c1a46f,78504,274,2025-09-17
1a9afb0f,26707,920,2025-09-04
23aa5028,10713,93,2025-09-12
82f1a414,81493,347,2025-09-29
ffed1d9a,52463,960,2025-09-25
2e409a55,84496,78,2025-09-12
f1a2daaa,96183,666,2025-09-28
7eeef17d,86587,810,2025-09-19
c800fb91,46171,521,2025-09-23
469ab1f7,67162,456,2025-09-18
476860f9,26241,826,2025-09-11
e3bd283a,49235,526,2025-08-31
e623ec56,28750,332,2025-09-03
0e702e43,76406,567,2025-09-26
78807cdb,32578,935,2025-09-21
2164c4a1,37832,335,2025-09-20
e8abfbba,78951,873,2025-09-17
6146cc6a,63312,168,2025-09-17
53bec069,25672,419,2025-09-17
e54998ff,97145,875,2025-09-06
0b8f2011,64355,724,2025-09-27
db34a12c,51477,604,2025-09-15
82279249,61603,745,2025-09-11
3f46e915,77860,708,2025-09-03
ce8aec17,37578,396,2025-09-12
970e1e7b,65342,741,2025-09-16
4a4f993d,89245,482,2025-09-07
8463dd15,45279,419,2025-09-07
46a7f139,33077,222,2025-09-13
5a92210f,52605,533,2025-09-20
538e6070,65516,570,2025-09-29
0d3ac3ac,53010,813,2025-09-04
2f2d133d,81486,859,2025-09-21
e874f399,44916,163,2025-09-21
6b2438d6,57385,246,2025-09-20
e6dba4c9,40052,187,2025-09-11
b8b1c7a0,78256,763,2025-09-19
c62598ad,45506,637,2025-09-07
72e4bebc,48732,243,2025-09-25
ca76a61b,59469,803,2025-09-06
74587bca,93372,34,2025-09-25
00f657ab,80559,91,2025-09-15
75f06891,79453,696,2025-08-31
1c8ec4cb,52117,921,2025-09-16
8337e5c2,80676,936,2025-08-31
b6c838cc,10536,685,2025-09-22
54c63642,90732,796,2025-09-04
99e9fd62,60027,461,2025-09-14
87103899,19221,986,2025-09-06
63fda48b,22992,543,2025-09-03
49a176b8,79328,434,2025-09-26
3a31f17f,55510,469,2025-09-22
3fa0f201,17011,423,2025-09-03
efa0fcc6,19032,369,2025-09-23
277cf412,95260,997,2025-09-05
dbc0eb62,80330,782,2025-09-13
36cfc8a0,11348,218,2025-09-05
315b5215,38319,369,2025-09-24
0bdb896f,12734,619,2025-09-15
f9c61cbd,88730,817,2025-09-11
764cb35a,36965,589,2025-08-31
7c5e11bb,57839,897,2025-09-19
ca35db2b,46269,186,2025-09-14
97b337ea,81825,816,2025-09-04
84e4e3e8,59110,532,2025-09-10
fec615af,51438,493,2025-09-14
798d7f06,44984,815,2025-09-23
e4da491b,13362,893,2025-09-01
6e5fd794,75693,990,2025-09-08
4ee9924c,91659,830,2025-09-30
ac14257a,34619,749,2025-09-26
00b7cd08,50621,978,2025-09-11
8ce91512,23793,923,2025-09-28
09072fa9,70957,671,2025-09-10
1179ee7d,69702,248,2025-09-26
3479e5a5,44546,888,2025-09-25
357d8015,25642,451,2025-09-30
16423ca1,42028,18,2025-09-09
448ab02a,80223,280,2025-09-14
d756f2f8,24332,938,2025-09-10
66c39aa9,47283,656,2025-09-19
bcfe6da7,67071,221,2025-09-10
0d3dfcd7,80854,311,2025-09-27
1b92da02,52188,969,2025-09-28
5b5b30b5,29502,537,2025-09-29
f167c1c8,53643,709,2025-09-22
956b0707,10983,69,2025-09-14
620ce357,50788,961,2025-09-11
63e61378,75103,241,2025-09-30
ad05a4ed,60576,531,2025-09-17
49cfd222,51495,322,2025-09-27
9962b5e4,61751,557,2025-09-01
f3ae3e96,77344,499,2025-09-06
d6d44288,12164,379,2025-09-06
95c76208,85599,9,2025-09-19
6736215b,26564,871,2025-09-05
78b96307,14214,184,2025-09-16
7964ed99,81654,656,2025-09-10
6ada65e8,90241,293,2025-09-29
7ff8199c,85452,208,2025-09-21
513391d5,99087,582,2025-09-07
d61eb4d1,31698,488,2025-09-17
bc496e24,98629,662,2025-09-27
81710f1f,12711,910,2025-09-23
e30e1f58,11965,815,2025-09-01
4fd227b7,13517,490,2025-09-02
f7f7df2c,55529,695,2025-09-30
813285c2,44627,656,2025-09-07
4d3a06bf,70454,725,2025-09-25
59294efd,43416,391,2025-09-25
1995db52,22143,735,2025-09-12
a83bd026,96891,568,2025-09-17
3b229feb,89757,311,2025-09-08
bfc19bcb,76899,726,2025-09-06
9bd651fe,50147,694,2025-09-04
dddf007e,37875,936,2025-09-29
fd356378,18064,894,2025-09-20
c52720d5,22146,886,2025-09-17
020583d8,91461,708,2025-09-10
fd25d946,32082,590,2025-09-01
ecfd2753,96455,211,2025-09-12
f89a4a04,10865,589,2025-09-22
a87b1c9e,41672,271,2025-09-20
95aebe13,58966,352,2025-09-09
4691ee65,53074,315,2025-09-23
12a79777,30672,481,2025-09-23
ef880026,98090,967,2025-09-20
ac97ad16,57542,713,2025-09-03
229d44ac,87698,256,2025-09-15
c47ef229,48650,11,2025-09-24
f7e520ce,55922,294,2025-09-23
421270f7,72264,681,2025-09-26
71c26969,46531,397,2025-09-20
0f5d4564,48758,893,2025-09-17
3f132087,81050,579,2025-09-05
31bc4872,33946,982,2025-09-17
2d4e284a,29698,339,2025-09-12
e140c35d,26381,330,2025-09-27
a1228785,27575,969,2025-09-09
8db94fea,21566,736,2025-09-18
02dcc8b6,64204,58,2025-09-23
a17ef3c4,83413,762,2025-09-06
511ebadb,87393,428,2025-09-03
7f6663ab,20619,464,2025-08-31
6fb4aaec,12078,535,2025-09-16
324bb61f,70524,79,2025-09-20
c1d5c9c4,25101,173,2025-09-12
7188cec1,26211,957,2025-09-08
a885bef4,39233,658,2025-09-21
344b5530,35698,243,2025-09-13
d359b529,31757,682,2025-09-04
daccbbb8,86911,191,2025-09-23
4aa140a3,53343,216,2025-09-11
adae3c04,96369,697,2025-09-14
54152654,63310,445,2025-09-09
e6360ba7,31530,687,2025-09-16
d028d6ca,69738,524,2025-09-14
8801dbd4,58265,724,2025-09-27
eee888ce,17379,489,2025-09-07
0c4db503,35592,856,2025-09-27
15c9bb77,16693,8,2025-09-02
91b7f1c3,92818,188,2025-09-05
55d6a115,59974,988,2025-09-22
75a47fec,71411,595,2025-08-31
ab3f2892,66259,15,2025-09-27
8b35429e,67759,807,2025-09-21
d76bf133,86090,166,2025-09-12
eee5f481,15967,988,2025-09-09
00525db3,96997,990,2025-09-21
a7cb1b17,38602,356,2025-09-24
57d226ac,28391,955,2025-08-31
5d6de9a1,23274,586,2025-09-06
c7f79bb6,36424,622,2025-09-20
e4dbe409,94757,787,2025-09-18
2fd56a6a,80328,748,2025-09-25
2a8704de,46103,163,2025-09-09
d319e07e,63415,374,2025-09-16
b2c6aa8d,91027,801,2025-09-15
737118b1,26201,752,2025-09-13
2df8c7f2,12116,995,2025-09-08
929e5dad,11299,357,2025-09-04
4efccb06,17478,298,2025-09-11
d8420fd1,75186,802,2025-09-03
2d6c8b53,20361,329,2025-09-12
26626616,17443,678,2025-09-25
7cebe80a,50564,462,2025-09-24
bfc64001,90034,659,2025-08-31
543aa8bc,84964,185,2025-09-23
842e8228,26763,69,2025-09-17
c1989933,44624,799,2025-09-12
cdc6de3f,69298,696,2025-09-01
a145e041,99358,714,2025-09-14
567f83a3,66989,307,2025-09-16
fe7aab5a,59984,522,2025-09-18
a927cd71,86739,189,2025-09-26
56f4335f,80188,971,2025-09-18
c5ef5af4,72674,742,2025-09-29
ec20be47,15277,378,2025-09-18
206a80c9,42134,159,2025-09-30
1281e01d,43098,593,2025-09-20
39a28b81,46616,760,2025-09-18
b7806f49,41109,892,2025-09-21
b18ae3ac,91943,625,2025-09-13
02f53e5f,15733,72,2025-09-12
f0f7bfff,95881,936,2025-09-07
ea6d6ab8,68338,355,2025-09-23
6f20e325,75273,107,2025-09-30
990048b0,21576,916,2025-09-12
a8f045b2,67097,239,2025-09-14
bedaccc7,71916,82,2025-09-26
54cfb351,43380,885,2025-09-07
64aa37a4,83916,122,2025-09-10
37534696,56340,43,2025-09-10
86d6ff1f,81228,638,2025-09-13
d7776e9f,83266,101,2025-09-13
733b0b16,38198,207,2025-08-31
b82b769b,29551,969,2025-09-19
a3c9b2d4,12410,481,2025-09-07
88552837,73680,966,2025-09-09
e98eb25b,36253,54,2025-09-29
800b7b42,52510,592,2025-09-28
d0d8a718,39489,935,2025-09-03
aac42391,17449,912,2025-09-15
2ce4893c,57389,652,2025-09-28
0d621014,46418,100,2025-09-13
6b8e0440,75049,826,2025-09-15
220997f4,64414,608,2025-09-05
a249d2fb,67385,646,2025-09-21
c0936d45,32909,342,2025-09-11
1903de33,42808,745,2025-09-19
f8525435,82186,851,2025-09-21
50c7afae,12452,548,2025-09-09
3e84db6c,39248,166,2025-09-22
05a6da43,57624,589,2025-09-08
b3d8d7ef,70553,242,2025-09-25
bdbe53fa,71041,767,2025-09-13
7579ee39,18186,262,2025-09-08
449d75ac,47978,71,2025-09-11
186757b6,12409,654,2025-09-07
72b8342e,75117,989,2025-09-16
8ad27bbe,60365,657,2025-09-14
db0525fe,54085,449,2025-09-10
3999c328,69181,951,2025-09-21
a5a9f680,76475,991,2025-09-10
837baaa2,67508,905,2025-09-04
3e119e14,49863,978,2025-09-12
b98613ba,42671,672,2025-09-29
05ce1d97,35581,297,2025-09-06
c4aae021,95734,772,2025-09-13
c8254d08,53461,550,2025-08-31
5f1fe53c,48575,237,2025-09-06
4d14c1f8,70895,664,2025-09-21
ae259946,26821,868,2025-09-24
b0c90f47,96874,115,2025-09-12
032058b6,55297,268,2025-09-24
655080e3,18204,308,2025-09-13
195d9fac,37517,712,2025-09-21
d58b1207,95674,62,2025-09-03
d0d79bd6,17336,802,2025-09-30
7b4b276d,87936,50,2025-09-10
40af9581,38660,956,2025-09-23
df1cca94,41620,314,2025-09-09
9d3258ad,83753,733,2025-09-05
3cb6e9d3,77357,378,2025-09-27
fd3535ca,18409,697,2025-09-05
01bc5af8,34155,922,2025-09-29
ae4e1aa3,61152,933,2025-09-15
18b13bc5,20220,475,2025-09-25
4b3b45f1,45290,613,2025-09-30
64b7803d,24149,424,2025-09-20
13610ca2,41098,87,2025-09-17
78889bc4,49752,858,2025-09-13
e831088a,67931,223,2025-09-08
4008569f,73733,429,2025-09-15
d36031dc,66781,495,2025-09-20
40f7239e,51679,664,2025-09-17
0b06a986,57088,198,2025-09-09
8545f59e,10218,674,2025-09-17
23f322cf,60030,676,2025-09-10
96e89230,26464,488,2025-09-07
a3740812,63691,814,2025-09-09
2cd352be,18417,652,2025-09-28
45521c8f,43406,370,2025-09-07
50375f36,12002,924,2025-09-15
a016b401,83541,363,2025-08-31
aeaf4580,23965,831,2025-09-19
6d84fbb4,11744,461,2025-09-27
bc6a1827,99566,306,2025-09-04
4758cf18,63872,683,2025-09-22
0d5bea15,67872,578,2025-09-14
5579b283,48685,410,2025-09-26
36f4bc35,21575,69,2025-09-18
fb5384b1,75811,490,2025-09-05
0d12a556,11016,575,2025-09-25
5ad99547,66926,439,2025-09-14
0a2faa25,87346,44,2025-09-22
1b883193,59342,855,2025-09-19
3ecc2f75,66452,824,2025-09-28
aef6ae3d,23526,185,2025-09-24
d8229415,94838,724,2025-09-03
80d3dd83,88177,404,2025-09-15
4be2c2cf,14538,193,2025-09-01
b9e2eb5a,51243,929,2025-09-15
b6276006,38137,139,2025-09-06
94e9dba9,57055,272,2025-09-20
5862e7a4,92008,221,2025-09-06
dd93a2a3,43873,995,2025-09-09
08d711bc,63495,860,2025-09-26
4969e3fe,27107,214,2025-09-28
c004e35d,48400,590,2025-09-14
01d26a7a,25554,646,2025-09-10
9fe5e648,61568,749,2025-09-10
831b29f4,61867,852,2025-09-25
86909a6c,85014,133,2025-09-30
fba6c415,40456,750,2025-09-30
b7873260,42973,929,2025-09-16
eaebea38,62984,305,2025-09-19
2fb01819,31665,180,2025-09-12
f6f674ff,28902,988,2025-09-19
73a27f8d,48215,100,2025-09-29
fb5c220d,13044,642,2025-09-26
bdc06bd1,65775,434,2025-09-18
8bf38253,91657,758,2025-09-05
25ff9815,25071,517,2025-09-03
fcc0dffa,38603,999,2025-09-01
4cf9c569,57066,971,2025-09-10
2940c5ec,34806,475,2025-09-04
319df5ac,84915,722,2025-09-05
32c117be,33139,302,2025-09-30
3b64d43b,84760,502,2025-09-19
d1080340,30955,210,2025-09-14
f14e0398,59621,899,2025-09-24
9b65fd76,56149,500,2025-09-20
ada9529d,85937,833,2025-09-16
a50845bb,83617,823,2025-08-31
11b13f6a,96289,905,2025-09-20
08755f96,31402,442,2025-09-17
ae7e6718,70527,700,2025-09-14
5160e3b9,32051,950,2025-09-04
35ff89b4,29327,744,2025-09-17
880a1277,64953,142,2025-09-04
9b132665,33047,729,2025-09-16
ea57ebd2,56405,354,2025-09-13
e2e49fb4,45775,386,2025-09-13
3815327b,61657,44,2025-09-06
c5225083,85070,723,2025-09-16
be36ff34,18550,83,2025-09-10
8c64dadb,58226,408,2025-09-03
338f24f7,87795,294,2025-09-27
db72f89d,41044,807,2025-09-09
3370843d,76791,179,2025-09-07
7ec0751f,20777,823,2025-09-19
4928a905,22062,572,2025-09-12
a7467aac,79624,986,2025-09-14
bdcff660,72711,770,2025-08-31
97d3c281,53226,746,2025-09-25
e452c4f4,55235,539,2025-09-11
eeb577b3,95324,486,2025-09-23
2d1a1c20,95651,789,2025-09-02
b3f4df05,81304,23,2025-09-07
0d48930b,84326,126,2025-09-23
ebcf4115,79631,980,2025-09-23
cd85197e,81342,846,2025-09-02
6e553d84,92056,947,2025-09-15
81c6cdf2,53769,892,2025-09-09
721f14b0,23993,209,2025-09-15
97ae09a7,28562,235,2025-09-02
43fe9b27,60920,385,2025-09-25
336c0269,73178,524,2025-09-18
4c7efcb7,17417,419,2025-09-10
795201e8,60727,626,2025-09-07
e415d3b8,60335,523,2025-09-07
8b03d4b4,29480,37,2025-09-12
362e7e83,62590,212,2025-09-23
753a019d,17506,284,2025-09-09
0a229773,55791,120,2025-09-09
d11e4ca8,97834,21,2025-09-11
94f0511d,79689,603,2025-09-13
11216602,19013,53,2025-09-29
5f219678,72635,791,2025-09-07
31e795e8,58196,844,2025-09-05
f86383aa,38723,226,2025-09-03
1e714ab2,56093,4,2025-09-02
56f930e9,16252,200,2025-09-29
b79e0d5d,90693,876,2025-09-11
bdbb37be,49355,445,2025-09-17
7a1dac45,59123,696,2025-09-20
e32d96cd,54382,652,2025-09-16
18200096,55564,594,2025-09-25
5bfaf4aa,66816,407,2025-09-19
f1a914fb,51417,798,2025-09-02
1cccaaa8,57602,547,2025-09-25
9d9b8076,24891,123,2025-09-01
ec971596,49001,804,2025-09-16
cbe4f6bc,56095,844,2025-09-28
66c9ffe5,44854,981,2025-09-08
913db404,55826,931,2025-09-01
75598ae7,45424,763,2025-09-10
13cafab5,26154,580,2025-09-21
6b4c35f7,34715,518,2025-09-26
da41a1a8,99431,712,2025-09-08
2935eb14,44701,222,2025-09-28
84c565d4,42777,836,2025-09-04
99551a2e,30026,840,2025-09-27
795fe490,11433,335,2025-08-31
7be29044,32719,142,2025-09-14
353cee77,50551,890,2025-09-27
6092f27a,63256,590,2025-09-03
c5691f3a,38184,75,2025-08-31
d64a5458,64989,949,2025-09-19
a28a3a40,97857,47,2025-09-16
6e1fa4f4,44657,910,2025-09-02
b616e879,49029,671,2025-09-06
03eed1bf,58032,823,2025-09-21
3dbf815f,89246,265,2025-09-24
72586d0c,50892,748,2025-09-04
6e56cad9,80267,30,2025-09-03
217b373c,48089,429,2025-09-12
fb7545fc,72388,106,2025-09-04
ef6ef675,72599,176,2025-09-20
d0691b08,22471,183,2025-09-04
cba7a739,96440,998,2025-09-22
565b965a,14325,663,2025-09-27
b0ebcf9b,34748,95,2025-09-09
57f3af37,56961,170,2025-09-21
859fde26,90417,452,2025-09-20
926983e3,67952,769,2025-09-14
97d39b99,44557,624,2025-09-10
38076c04,45931,830,2025-09-30
072b96bb,14869,926,2025-09-05
8ee2c424,41329,765,2025-09-22
5a157990,98768,174,2025-09-05
b1b4d0e0,29351,300,2025-09-25
4367811e,84030,455,2025-09-10
fdaad760,69424,246,2025-09-08
aabb82ec,97719,297,2025-09-23
2844ba54,82255,237,2025-09-18
467bc545,91927,150,2025-09-15
19a5ce7d,89151,166,2025-09-14
2962c347,78461,366,2025-09-13
c0cd62e5,28462,547,2025-09-22
dc9d65c1,68158,622,2025-09-11
7ffc97b8,74193,916,2025-09-25
2e63b8bc,66473,5,2025-09-19
7c382cec,91670,397,2025-09-18
c63e8733,85765,383,2025-09-20
6b998a7d,93018,646,2025-09-24
bf548389,71142,123,2025-09-11
0baaa6eb,78093,475,2025-09-06
ddbab598,19327,131,2025-09-07
d920828d,19159,401,2025-09-25
e3809607,76644,969,2025-09-09
aad671f9,58554,629,2025-09-24
5acd8cda,58375,93,2025-09-30
86a84575,78187,937,2025-09-30
c022cd2c,82447,736,2025-09-19
b0f9549b,56553,309,2025-09-29
dca12a9e,66001,861,2025-09-30
b118f7ed,49104,617,2025-08-31
be63b298,37999,775,2025-09-15
9c686dd1,99583,844,2025-09-18
b4f6340a,61959,142,2025-09-05
7aff1231,44204,307,2025-09-22
2c93353c,12449,668,2025-09-14
85a772bd,83653,76,2025-09-18
96e1fb18,76069,441,2025-09-08
7084a8c5,54637,324,2025-09-04
a36b6d6e,97562,580,2025-09-03
549c8b9c,24137,294,2025-09-03
6fcc4ef7,41366,109,2025-09-16
76764ed0,77562,778,2025-09-26
7a2e6fa1,98377,169,2025-09-29
435ded66,40264,239,2025-09-09
cfd7e5ac,95472,68,2025-09-11
e51ed962,30440,397,2025-09-19
e1be1d97,25258,986,2025-09-01
804f806b,50374,869,2025-09-04
b37d8a6f,25971,465,2025-09-14
8b96f71d,79363,15,2025-09-26
4889a2c2,35816,446,2025-09-14
222ec1ad,47255,750,2025-09-19
96d4dd90,79069,411,2025-09-14
47117c54,20945,913,2025-09-19
94014503,46359,191,2025-09-22
24b890b5,32529,450,2025-09-09
ea959df8,60026,586,2025-09-29
aad0649c,90704,263,2025-09-05
3eb04b04,75281,835,2025-09-17
afc38de4,84046,583,2025-09-05
0b65cbda,83807,351,2025-09-28
89b280fe,79946,849,2025-09-28
aba91308,81307,242,2025-09-06
65726856,69969,548,2025-09-21
11538bc5,66130,195,2025-09-21
4938e7b4,57089,964,2025-09-19
1cb031c1,98403,235,2025-09-24
c83dd31a,57184,126,2025-09-01
a8cde29e,37799,983,2025-09-07
3b5f3a8d,77554,913,2025-09-22
bb25d6d3,88643,27,2025-09-28
dff6f81b,31770,236,2025-09-14
314d2bc1,68613,284,2025-09-02
cdf3660f,62453,770,2025-09-13
9a1b89e8,40107,384,2025-09-24
d87197dd,41781,256,2025-09-28
fcf811b4,59193,124,2025-09-01
190461d2,85287,155,2025-09-02
7613b0e1,71785,678,2025-09-29
0130585f,98240,60,2025-09-25
b693b567,53097,152,2025-09-11
f4ba520c,91391,962,2025-09-23
3a758afc,98895,542,2025-09-11
6027e561,80473,928,2025-09-05
b54ae0f4,60722,334,2025-09-26
0b9ea842,56952,794,2025-09-05
665f3740,76249,775,2025-09-09
485acf4a,47849,759,2025-09-29
e9815b51,46790,889,2025-09-24
b64b0bbe,36544,3,2025-09-14
b085b8be,80274,885,2025-09-16
8fc100a4,74795,504,2025-09-01
4d03b450,74509,149,2025-08-31
30ecaac1,51174,362,2025-09-08
a293f109,37637,407,2025-09-16
ea5c14aa,53236,790,2025-09-23
ab65c5d9,71981,730,2025-09-15
08b08dd3,64564,709,2025-09-17
55279d6f,88323,397,2025-09-30
ae9ef8e3,18570,73,2025-09-30
942b0116,17261,623,2025-09-16
450de894,26479,310,2025-09-06
9d71256c,58823,559,2025-09-01
13e640c7,34160,370,2025-09-21
c5e53047,96894,127,2025-09-11
e3d3ff86,66058,749,2025-09-29
6de62f06,35235,257,2025-09-10
2592bf3a,85639,742,2025-09-01
23303edb,36444,493,2025-09-19
259546f9,89748,65,2025-09-15
a4100534,14847,186,2025-09-11
cf7dbd28,56747,745,2025-09-29
d75d7c1f,28736,321,2025-09-23
28a1a54d,42452,143,2025-09-05
1439fcf7,53371,603,2025-09-22
e9bdb3db,65671,570,2025-09-21
3f473767,39941,941,2025-09-08
166e305f,76548,565,2025-09-03
b2b333de,56665,564,2025-09-25
96e4a834,21318,505,2025-09-16
94065744,28683,839,2025-09-19
9268f73a,76912,375,2025-09-04
6e81c658,70172,222,2025-09-14
f0ff3e93,91199,903,2025-09-16
7e9b0bdc,29284,317,2025-09-01
0d8c6df2,60502,452,2025-09-24
92b73b5e,17243,730,2025-09-08
0e73f198,71453,5,2025-09-20
bf9eb034,30507,466,2025-09-09
6b19c06e,67219,479,2025-09-05
e1f34613,44028,6,2025-09-27
689e6ab3,36061,754,2025-09-02
a81a0162,25099,286,2025-09-20
f559900a,61943,829,2025-09-13
50538919,13145,361,2025-09-12
967ae3ee,19486,963,2025-09-11
6aae8833,64397,236,2025-09-27
f6fef9d3,22098,231,2025-09-24
725b7724,85070,271,2025-09-21
c03f4255,54811,362,2025-09-26
82a6201f,91157,12,2025-09-15
e869faf0,20046,500,2025-09-18
ea47d272,62547,94,2025-09-16
d501fdc6,21064,791,2025-09-04
cb3b2c47,54673,634,2025-09-01
a129475c,22552,796,2025-09-28
4139ed99,36044,838,2025-09-26
bfa71a4a,46758,143,2025-09-15
577aee40,15131,663,2025-09-28
6c30301b,38492,409,2025-09-29
9c486783,84644,152,2025-09-09
d8a38429,54460,888,2025-09-23
cb86926f,88921,369,2025-09-29
5b7ab2ad,82318,69,2025-09-14
9eb01ce8,64203,103,2025-09-16
7cfe169e,93067,784,2025-09-21
35e0b80f,95832,627,2025-09-18
6e9917be,86668,225,2025-09-20
6c29a190,78809,83,2025-09-24
a67fe494,87281,36,2025-09-04
3bd921a0,14748,306,2025-09-05
4da1f9e7,70858,440,2025-09-11
1ab4ba8b,19748,65,2025-09-11
862f4383,32513,230,2025-09-06
8bd0a7bc,15351,569,2025-09-17
d3beb3d6,23738,271,2025-09-09
0e59411d,12922,497,2025-09-18
be52dbad,46743,394,2025-09-01
cfe825cd,82933,503,2025-09-18
6082acdb,91765,321,2025-09-07
4b553449,75189,446,2025-09-25
f23f9075,33694,72,2025-09-12
38040624,54554,793,2025-09-16
71488553,19417,632,2025-09-23
2c68f66a,52707,890,2025-09-15
b3055df6,61016,760,2025-09-12
5ec9245f,84432,422,2025-09-22
eee88f12,84719,342,2025-09-08
e0ebe3d0,27828,27,2025-09-16
20eab738,89712,790,2025-09-09
f956aa5b,64644,477,2025-09-14
723a2c9c,17470,316,2025-09-01
ce335e12,89537,843,2025-09-05
6a82c7e6,70305,202,2025-09-08
c451a3d9,40187,836,2025-09-21
217b2656,24481,846,2025-09-23
dd6b1347,75776,48,2025-09-29
4e1bdfd2,72165,758,2025-09-16
d978183a,55205,361,2025-09-13
41b181d6,25257,261,2025-09-12
815b82e4,59859,884,2025-09-10
d6c500d9,21406,674,2025-09-03
4a35fe9b,10707,35,2025-09-22
cb2326da,68861,184,2025-09-06
1db0575d,26065,810,2025-09-22
629c7509,23782,796,2025-09-24
edd745cb,50259,938,2025-08-31
546ad715,26151,783,2025-09-10
ca08cae0,80347,895,2025-09-03
0145f93b,37265,435,2025-09-23
7456be77,27839,768,2025-08-31
654c7e3f,39898,108,2025-09-03
99b7e4c1,90329,86,2025-09-29
01c63c2a,44820,148,2025-09-06
4d7656ef,20550,207,2025-09-02
3215184d,80019,338,2025-09-09
e8912079,47049,565,2025-09-23
fd849547,75907,509,2025-09-29
28136298,12146,545,2025-09-03
8d848057,83854,859,2025-09-25
507bfb5a,84919,199,2025-09-04
182ef6b4,74941,472,2025-09-27
8da177ee,28376,727,2025-09-06
b472de07,66704,123,2025-09-23
85ae1880,90914,510,2025-09-04
543663e8,32449,713,2025-09-21
dafaa045,37504,953,2025-09-17
e0d8d83d,61106,77,2025-09-19
e080b57a,75970,741,2025-09-25
535f1a08,20546,877,2025-09-06
142d759f,49525,638,2025-09-12
32cfee83,43137,913,2025-09-10
57a2c00e,28345,576,2025-09-29
5480d17b,90473,952,2025-09-10
6bc8c2c9,94202,69,2025-09-02
44fd0569,70815,788,2025-09-09
528176e9,77419,126,2025-09-13
7f0ce589,69078,129,2025-09-20
f1f10a65,70722,403,2025-09-26
73cc5a11,83632,692,2025-09-01
5400b417,87932,448,2025-09-28
ac263cb1,62297,627,2025-09-18
823888b6,11286,233,2025-09-24
3028d3f6,25892,834,2025-09-26
e743b590,92515,180,2025-09-30
50303541,66803,162,2025-09-22
55b1f12d,60638,133,2025-08-31
376402c1,62841,775,2025-09-14
e6fa0aba,71738,877,2025-09-13
57d175b2,23317,905,2025-09-22
70d7e789,44801,282,2025-09-25
b8dee533,38764,79,2025-09-13
5a2de95c,18432,407,2025-09-13
60d61024,11234,887,2025-09-17
5153ae2b,89775,237,2025-09-30
cb305dba,73068,385,2025-09-07
88490df5,30150,200,2025-09-19
874d445d,16402,112,2025-09-11
03b4ac73,15659,195,2025-09-21
29aed42a,33799,591,2025-09-23
09c5dffc,89762,112,2025-09-13
d9715e24,77405,944,2025-09-22
76075481,25845,144,2025-09-19
fe673e9d,20862,561,2025-09-09
a11a3931,91294,169,2025-09-07
01aeab71,87773,93,2025-09-12
3b14798a,68889,811,2025-09-05
f5cdd308,52094,985,2025-09-20
6986a035,38605,619,2025-09-04
63ef16c9,88370,99,2025-09-08
0668e191,28123,559,2025-09-26
70267fc0,65380,388,2025-09-18
74f62dd8,30466,434,2025-09-24
038f7ae3,93074,184,2025-09-27
7e562dd2,74317,579,2025-09-23
4726497c,47200,756,2025-09-06
b482be5c,25148,392,2025-09-22
44f5f3ff,18364,159,2025-09-24
8a40c044,36814,736,2025-09-26
2df1831d,11781,84,2025-09-15
c598af89,68020,417,2025-09-01
74351551,38063,450,2025-09-20
931172ea,60657,681,2025-09-06
d6896b90,53904,820,2025-08-31
809ddfcd,61943,254,2025-09-26
194c6757,77000,308,2025-09-26
1c77b4c3,48847,602,2025-09-16
da798e47,49207,490,2025-09-10
78497e3c,44351,811,2025-09-05
5018d3ce,52483,534,2025-09-05
176321ab,85204,637,2025-09-14
347abdd4,51450,607,2025-09-03
939a6009,98656,602,2025-09-03
cf437d2d,95338,43,2025-09-13
f452a9a1,58932,292,2025-09-03
f12bd981,52564,558,2025-09-11
a13b72df,75117,182,2025-09-08
a61efe0e,95940,213,2025-09-07
5c18268b,86353,290,2025-09-07
be4799ed,84299,927,2025-09-25
c19c47de,88454,563,2025-09-28
d6b2aaab,68225,526,2025-09-26
fa1efd37,79329,336,2025-09-11
6ac2afed,49298,372,2025-09-29
f136587e,36979,36,2025-09-24
2c776680,92548,473,2025-09-08
19a064e1,71066,602,2025-09-05
ac8c8dda,41948,42,2025-09-04
b8c4b511,85137,742,2025-09-28
14c8f54e,31145,49,2025-09-16
de4e7c31,21979,865,2025-09-06
34961916,22375,784,2025-09-05
5d959a7c,88787,962,2025-09-19
1a988fad,88596,895,2025-09-11
1fdaa924,47386,914,2025-09-22
42e4d470,26417,521,2025-09-09
619f014c,63340,71,2025-09-24
0199cfd1,44198,882,2025-09-08
e771bdfc,97514,933,2025-09-20
3387f60d,61827,144,2025-09-16
d3f845bd,56342,891,2025-09-20
77e7a9b3,14152,620,2025-09-13
d9b0acea,52148,421,2025-09-05
e6a577c7,44517,917,2025-09-11
33afddd2,67795,513,2025-09-22
24fc1c70,53927,721,2025-09-28
732ad992,83084,304,2025-09-02
fccc0f19,34796,865,2025-09-11
1834887d,81573,502,2025-09-25
6ae6f895,23099,988,2025-09-24
0b330666,90180,967,2025-08-31
507f8e7c,62333,879,2025-09-12
9fbb83bf,67390,465,2025-09-03
e62bac63,93610,578,2025-09-18
a0eb063e,27736,186,2025-09-02
a91db83a,56750,702,2025-09-21
2dd8dc25,12781,84,2025-09-03
ad882e3f,86961,274,2025-09-14
27db6d40,44347,245,2025-09-29
fda5fdeb,33104,805,2025-09-10
c6bea530,83246,228,2025-09-30
06bc17cf,73078,104,2025-09-15
52cdacb0,85069,177,2025-09-16
50a32802,16061,902,2025-09-22
52d4481a,69209,609,2025-09-20
57676090,50711,627,2025-09-30
ad2b0e4d,84137,837,2025-09-03
8f152091,48071,912,2025-09-02
41889388,51577,921,2025-09-05
c02358de,33983,885,2025-09-16
3e0fd46c,61715,930,2025-09-20
9ed24670,89448,812,2025-09-09
77b9caec,69823,978,2025-09-18
35eb5bc0,67680,770,2025-09-08
a632a565,98429,925,2025-09-08
55ccbd59,75861,625,2025-09-08
346a6b61,32926,283,2025-09-10
bb8001cb,35390,489,2025-09-14
fc43f54d,18418,412,2025-09-01
08e1883d,86059,218,2025-09-14
7ab4d3db,28680,186,2025-09-04
91cf787d,49809,547,2025-09-15
cebcabf4,46116,290,2025-08-31
b5ada6a7,12843,725,2025-09-25
eb5da5fb,68224,728,2025-09-03
08b777b4,72667,880,2025-09-15
a321af69,77541,52,2025-09-17
b97fca6f,48644,878,2025-09-30
8a18bc78,23460,571,2025-09-08
2b6fcbd3,46087,879,2025-09-27
4ab95ef3,12662,239,2025-09-02
cf89fb1f,62509,759,2025-09-10
c73cfe78,95181,592,2025-09-01
57e72c8c,32877,115,2025-09-26
2b4fff53,37300,878,2025-09-17
49cb4118,15409,452,2025-09-11
fe99f7b8,59924,505,2025-09-11
8f4f217d,52496,576,2025-09-09
6d15844e,78940,162,2025-09-26
6b353538,12776,800,2025-09-25
544d8e87,88192,547,2025-09-10
dbd8349d,58864,893,2025-08-31
18a37f45,24417,346,2025-09-20
d2f8d2fe,20916,236,2025-09-10
324b1ae7,67295,825,2025-09-17
9e6fc4a3,57650,969,2025-09-04
ce429f4e,73174,596,2025-09-02
6a18cf54,81377,810,2025-09-21
4928236d,70281,700,2025-09-06
17e9af1d,45999,76,2025-09-19
c08cbb5f,93816,981,2025-09-12
56bc5945,73916,175,2025-09-14
318bcb6b,38714,601,2025-09-24
1283f938,31433,201,2025-09-22
b2a2e9b3,10893,810,2025-09-21
b5855303,27464,405,2025-08-31
08098fb4,31241,299,2025-09-29
b84bdc7e,58088,994,2025-09-27
c2efdf00,89315,999,2025-09-18
0754092f,89334,707,2025-09-12
ac5e31d0,83916,462,2025-09-22
216e0ade,46304,467,2025-09-28
4f875502,97618,325,2025-09-26
4fd57cfe,90878,313,2025-09-23
9a140d08,58187,832,2025-09-12
ed0f3cfe,50958,67,2025-09-23
fbba9ea6,93250,20,2025-09-16
953bb50a,69514,631,2025-09-27
db41605d,13730,580,2025-09-18
d4bd1311,79995,961,2025-09-25
d60c844a,82701,302,2025-09-10
9981126b,28708,84,2025-09-06
d34664e5,33603,43,2025-09-12
02f789f9,67390,353,2025-09-21
1fb17cf8,45381,838,2025-09-24
6409c2f8,41136,554,2025-09-09
211a4b6e,72866,431,2025-09-05
ac3e71a2,24868,140,2025-09-11
9a0c22d7,76314,258,2025-09-10
db5bdf56,25448,130,2025-09-11
ccc1963c,64971,810,2025-09-05
a0a8861d,57631,419,2025-09-02
8d754a5e,76586,981,2025-09-30
955812fe,97764,205,2025-09-27
56471f91,58950,736,2025-09-15
81cec71f,93883,514,2025-09-16
82c29d76,50522,416,2025-09-27
938a7a6b,10532,523,2025-09-30
cf67fad4,67701,918,2025-09-28
8c7b31d6,80592,847,2025-09-21
4ebfb1c6,81537,451,2025-09-06
3b6c173e,40396,218,2025-09-08
d5407e13,80354,767,2025-09-04
6a26b073,77636,777,2025-09-18
73965a22,51345,817,2025-09-15
b05100bc,50812,486,2025-09-19
86c4c30c,25832,752,2025-09-30
876d393c,12235,151,2025-09-14
4d241128,21727,908,2025-09-06
cb2878d7,89178,563,2025-09-27
abd76660,74313,427,2025-09-01
59c94171,36298,850,2025-09-21
9bac246a,22582,530,2025-09-17
d081a870,20031,82,2025-09-26
6b5c4f9b,50411,951,2025-09-29
1dd96962,93844,448,2025-09-04
f38b1953,76649,498,2025-09-28
5bafbdc1,25083,413,2025-09-22
46a333e9,71761,11,2025-09-19
cffefe2c,57282,156,2025-09-26
fa49e04f,47499,805,2025-09-13
95598646,38806,702,2025-09-04
6f29acde,91103,28,2025-09-20
249a2287,91553,679,2025-09-27
787e8aef,23005,200,2025-09-06
b381bb96,27861,1,2025-09-22
3cd49e16,87528,325,2025-09-20
84a0ea36,39260,954,2025-09-18
c51ea611,58722,838,2025-09-23
ab1d1765,23161,911,2025-09-21
f5a282e2,44448,808,2025-09-03
2cecc60a,41647,185,2025-08-31
5b5c4235,85150,958,2025-09-30
e018e935,48999,21,2025-08-31
e13a7b44,81096,993,2025-09-14
eb01f072,51437,897,2025-09-20
71892c83,49632,645,2025-09-25
72874379,23516,147,2025-08-31
f9d9ac7a,45101,188,2025-09-27
d742c827,91649,624,2025-09-16
a36a7306,95801,827,2025-09-29
115e2a1b,68746,380,2025-09-04
8b5f2fcf,26615,292,2025-09-27
c17adc38,46593,817,2025-09-18
555bc744,59996,530,2025-09-12
90802cde,35501,667,2025-09-25
504ef2ba,67473,615,2025-09-16
5751a0ca,43803,808,2025-09-17
164038bb,39269,154,2025-09-24
cbc11ba5,91364,77,2025-09-15
4d550f25,73181,689,2025-09-05
bb24ceff,81512,718,2025-09-11
81005771,29521,24,2025-09-17
66cabbdc,65682,662,2025-09-05
7666295f,89317,371,2025-09-16
8d322cc4,81407,777,2025-09-10
2e8a3500,44210,333,2025-09-17
b9ad0a0f,27903,716,2025-09-25
154a410f,55533,603,2025-08-31
b11e5a1c,52467,307,2025-09-13
c8de164b,84225,154,2025-09-08
d4c8e497,27589,16,2025-09-07
e7da370c,50878,155,2025-09-21
9f32b6ba,92583,68,2025-09-16
0846bfc7,34322,164,2025-09-23
24aa4eb6,68835,45,2025-09-24
cfb1d805,41975,363,2025-09-20
e57a4612,94501,769,2025-09-19
f0be5c9a,32928,407,2025-09-13
c7e1071c,37890,668,2025-09-30
fa5fad76,15842,228,2025-09-14
0bfbaf5f,55851,667,2025-09-01
ea24e4e8,51810,434,2025-09-12
6bf68876,19176,159,2025-09-12
588a1349,12291,204,2025-09-30
95f9d10b,33038,527,2025-09-10
4033ef3a,38218,761,2025-09-13
46ecacd1,78206,728,2025-09-12
02dcf425,60507,321,2025-09-24
1b048c34,66678,913,2025-09-20
ee41f19e,73071,569,2025-09-08
6ad38362,16291,664,2025-09-30
4bee56b7,60534,737,2025-09-07
03e9c67f,96359,831,2025-09-08
a5d6cf7e,98489,295,2025-09-04
91947208,80472,649,2025-09-20
682c056b,48643,718,2025-09-12
9ffce25f,59896,886,2025-09-16
eb74a946,90369,306,2025-09-03
c4baf38e,48088,111,2025-09-19
a8caa0f0,49652,18,2025-09-13
f22660be,31494,924,2025-09-15
36ad4a79,41916,829,2025-09-19
d255dfca,16032,294,2025-09-25
2a2889ff,74370,285,2025-09-03
9c381c19,13698,600,2025-09-07
5d2d325f,70244,591,2025-09-30
c8638031,56810,771,2025-09-16
204558b1,79063,266,2025-09-10
f060796f,86233,995,2025-09-07
6e134a23,24598,946,2025-09-08
8513ac43,12819,172,2025-09-20
0e6b087e,14073,33,2025-09-19
1faa420a,51258,146,2025-09-27
1da9d5d8,98713,938,2025-09-15
b085e427,25123,359,2025-09-07
4be3681d,44538,285,2025-09-01
3cac90a7,84832,470,2025-09-26
e18169fc,62561,102,2025-09-07
e98b0822,79235,141,2025-09-05
1c977ac2,82940,870,2025-09-05
472f774b,96621,576,2025-09-07
c4a4d7ee,37855,296,2025-08-31
6d4817d0,86372,717,2025-09-16
d7c491c4,51712,982,2025-09-28
c87b5dd0,76059,115,2025-09-02
0bc8d23b,96145,862,2025-09-21
8678ad72,62135,445,2025-09-16
d8578d31,59288,769,2025-09-06
9eda067f,27797,679,2025-09-16
47c5d26d,23133,527,2025-09-16
3c217852,78994,674,2025-09-23
113d23c1,38759,870,2025-09-16
a6345060,71653,857,2025-09-19
54cb8292,48202,324,2025-09-20
3ec07841,46591,518,2025-09-12
27120fa1,50313,242,2025-09-05
15f7db16,77664,586,2025-09-08
4a2b8894,86842,77,2025-09-17
c95a1eca,97417,496,2025-08-31
005d667f,71375,269,2025-09-19
809294f8,10613,730,2025-09-05
aec654c4,79946,121,2025-09-18
fffdbd57,84008,883,2025-09-06
155b0669,98986,790,2025-09-25
320b2650,77946,127,2025-09-12
d007b429,82237,206,2025-09-22
8d638417,75944,875,2025-09-17
eded1d81,74022,541,2025-09-10
b6445472,61957,988,2025-09-17
910b71e4,85694,378,2025-09-16
707a0c17,33230,301,2025-09-08
ae1802f4,91537,626,2025-09-28
4e693ed5,89527,851,2025-09-05
da1628e0,27681,963,2025-09-09
cffada3e,66689,736,2025-09-19
ba793b16,44511,98,2025-09-03
7d2fb73b,37929,961,2025-09-28
55d3ec6e,30874,708,2025-09-22
a7d71d55,34750,696,2025-09-23
8861f962,12782,234,2025-09-14
e6b73f3a,87583,483,2025-09-24
a77eba68,76724,29,2025-09-19
8e3b4439,79782,677,2025-09-03
150025fa,79333,409,2025-09-16
67916c56,77629,290,2025-09-03
1e64f2bc,56178,254,2025-09-14
99fb0108,88554,959,2025-09-02
b312900b,90055,627,2025-09-25
26f0e21d,42157,9,2025-09-03
f35f48cc,15427,414,2025-09-18
38b21922,99510,727,2025-09-09
a37a732b,73813,522,2025-09-07
41cdf652,51245,967,2025-09-29
090fe328,17218,600,2025-09-15
83587f0b,10721,685,2025-09-06
e383cb26,70169,763,2025-08-31
c0828a7e,77766,976,2025-09-08
de8c7276,84689,289,2025-09-28
c80ee747,79463,854,2025-09-30
4e1c7dd5,58533,362,2025-09-12
d6445954,54677,149,2025-09-11
c2ca0d5b,15760,779,2025-09-30
d37c5414,94893,383,2025-09-28
698cd80f,74901,636,2025-09-21
2b202db8,11653,302,2025-09-18
345d31c9,66521,621,2025-09-22
cd0edbde,64753,93,2025-09-17
8db03672,91250,670,2025-09-13
22f30556,59786,582,2025-09-09
918d73da,86584,223,2025-09-22
8940df45,77057,877,2025-09-23
428c08dd,81155,516,2025-09-28
49065e42,33544,956,2025-09-24
d9b69f1d,78129,634,2025-09-22
0713ce2d,84893,373,2025-09-09
f61d01fd,74620,246,2025-09-11
6f4139da,17722,555,2025-09-19
454f60da,37308,944,2025-09-21
db35a06a,74264,127,2025-09-24
3428b4c3,25018,224,2025-09-07
d81923e6,80162,940,2025-09-30
3fb3b2d8,65230,544,2025-09-04
61437c68,95465,221,2025-09-15
e1a3075c,45651,280,2025-09-04
cdd58faf,16145,58,2025-09-12
6e49a1fb,49070,535,2025-09-26
931b1040,76223,809,2025-09-12
eafeab4a,19257,105,2025-09-26
b7ab3591,28411,920,2025-09-15
bc4fefdd,73814,586,2025-09-30
1e5cb503,70365,523,2025-09-12
4b7e7bc9,67093,8,2025-09-10
f293e2be,56374,396,2025-09-07
c1492d38,26544,869,2025-09-28
e6c6b7d8,52563,190,2025-09-10
b84e8188,46396,228,2025-09-20
20f9428a,99793,181,2025-09-15
ba382aa8,94812,798,2025-09-28
59e59a65,31725,578,2025-09-16
14389854,13755,363,2025-09-05
2733f7bc,32347,612,2025-09-04
7f1b53d5,19820,757,2025-09-18
c2794f3d,59537,509,2025-09-10
4c05a175,14626,130,2025-09-07
7b9b736b,13233,727,2025-09-11
4e03ed31,42957,553,2025-09-25
3bce364b,14718,949,2025-09-01
2a06ae2e,89584,228,2025-09-17
792f0c97,94617,886,2025-09-03
ff85deda,36428,465,2025-09-08
4c82303d,90037,157,2025-09-28
a02a4155,99384,625,2025-09-18
0f1fe8b4,22940,490,2025-09-11
a882a977,76805,910,2025-09-17
25c5c579,68638,799,2025-09-23
2aa5dc65,89738,314,2025-09-05
04351766,80720,776,2025-09-29
6fce3e45,42967,644,2025-09-02
f425813e,54037,322,2025-09-02
d7dd8adc,65188,372,2025-09-20
69e769c3,65429,974,2025-09-20
f9bb9cd9,57498,657,2025-09-30
9799f91b,61639,604,2025-09-22
83902186,85753,401,2025-09-10
0e3e9d66,57124,991,2025-09-07
21ffedd3,45297,243,2025-09-19
549d16c5,63098,640,2025-09-06
3f784783,73637,396,2025-09-07
ec66254d,36874,871,2025-09-12
c5b3617d,36904,97,2025-09-09
c091e3aa,10473,155,2025-09-27
2b8e14f8,72698,638,2025-09-27
942d38d2,64280,558,2025-09-25
ec3d7f40,10808,131,2025-09-24
f6f2b235,15134,393,2025-09-14
8969b45e,85490,108,2025-09-07
0be4b060,59126,784,2025-09-25
0f93fd63,29767,398,2025-08-31
c514a854,14292,732,2025-09-15
6271ad60,58510,783,2025-09-28
4a696517,34100,813,2025-09-13
dc63b87e,79408,324,2025-09-28
29d4d799,12845,20,2025-09-29
73ccec13,15247,213,2025-09-12
9ede2663,41648,255,2025-09-14
9872602e,71670,510,2025-09-01
e8261f72,76821,218,2025-09-22
36f704fe,67958,894,2025-09-17
46c35857,94691,847,2025-09-22
f1efc0b3,51266,362,2025-09-10
d566bd14,95267,673,2025-09-07
cf6f2c78,77929,756,2025-09-12
52d03260,99440,618,2025-09-14
56fd11f9,20567,282,2025-09-08
3fe17844,16574,368,2025-09-23
dd17612e,55460,390,2025-09-22
23ca83de,13518,204,2025-09-02
6980c57f,49152,396,2025-09-15
249ae99b,60359,996,2025-09-22
77eeea05,86975,513,2025-09-13
21232a8f,46482,355,2025-09-07
7d25b7ec,53690,70,2025-09-08
b1c7f9c3,65370,304,2025-09-21
8a1f1e67,33386,435,2025-09-16
c668815a,11049,869,2025-09-09
abc433bd,99277,589,2025-09-13
9aba55c2,28837,236,2025-09-01
f98b52b8,52955,977,2025-09-27
80e011ff,80168,308,2025-09-25
a1c3cdc8,21360,13,2025-09-20
a2092cf7,27834,556,2025-09-24
4f27dc05,11648,984,2025-09-15
07e8016b,39057,755,2025-09-02
d0c8ad63,96695,119,2025-09-22
1ef5190c,63987,577,2025-09-25
0c7848cc,93373,734,2025-09-27
7aa8a337,31318,224,2025-09-24
eae80dd3,91049,651,2025-09-23
e6df6677,74272,728,2025-09-14
a7a5b039,73740,937,2025-09-10
89c972ad,61709,820,2025-09-13
8de72308,68012,164,2025-09-25
6f377c08,49128,874,2025-09-22
e9c07d6e,86113,273,2025-09-19
97a072da,53345,590,2025-09-26
f04f8637,59699,897,2025-09-15
1e5fad9e,81460,784,2025-09-19
d3a7ac34,44871,218,2025-09-22
2e71af4d,10004,566,2025-09-18
0da183c6,13067,506,2025-09-30
29c40817,94891,891,2025-09-05
e8888f2a,71759,894,2025-09-28
91dbc4f0,34920,156,2025-09-16
bf4dc19e,92371,255,2025-09-07
0ed970a2,40832,888,2025-09-20
12acf9b7,94144,26,2025-09-18
12ec76b4,13596,642,2025-09-12
2d0bb47d,54781,394,2025-09-08
189f69fb,71173,228,2025-09-19
fd250191,97463,864,2025-09-14
bc44e3b9,62778,813,2025-09-10
28b79d3f,59750,322,2025-09-28
6d5267dc,81273,947,2025-09-07
449ada61,31178,475,2025-09-19
e8b8a566,54065,724,2025-09-17
9bf2698b,34112,954,2025-09-13
91f688bb,60430,834,2025-09-07
44ed8674,51612,733,2025-09-30
d05797e2,17560,303,2025-09-20
3b686741,73241,320,2025-08-31
cafa245d,17971,630,2025-09-21
887bae8b,67005,911,2025-09-04
5824bbfe,85099,23,2025-09-29
b64e36a6,34316,103,2025-09-04
59edd6fe,56189,165,2025-09-24
2e040b7b,65563,583,2025-09-21
9a35144f,58328,137,2025-09-13
d51cb712,45336,322,2025-09-20
6a446961,83807,997,2025-09-18
cb52586f,41258,612,2025-09-06
0b945c48,96322,715,2025-09-14
02983e4d,93320,280,2025-09-21
e74671e4,14475,137,2025-09-09
67c3b531,47480,742,2025-09-02
ac3b1d98,31345,73,2025-09-25
f8fdb9e8,65879,92,2025-09-15
39a206fb,94904,682,2025-09-22
055360fb,85225,55,2025-09-22
2955479b,85620,822,2025-09-10
b6bdf173,22967,28,2025-09-28
f8a13723,19249,198,2025-09-09
1ee85a65,79248,147,2025-09-05
22944524,14339,821,2025-09-25
cd9fbe21,23643,812,2025-09-15
1435f293,50130,126,2025-09-07
d3ed1179,20289,597,2025-09-02
c27d57f3,76637,9,2025-09-13
dcb329dd,47024,844,2025-09-13
7e0d0d51,83265,555,2025-09-27
e974390c,49587,978,2025-09-18
87f5a86e,35774,619,2025-09-10
7ec45c4f,12997,251,2025-09-25
864fddbf,17161,779,2025-09-08
eb6cbdff,43205,783,2025-09-09
ff7debfe,26383,14,2025-09-17
06c8c948,89865,932,2025-09-17
1158bb87,14562,84,2025-09-08
1be6d80f,66540,26,2025-09-11
b4ad8701,50381,545,2025-09-22
36ceafe3,31857,362,2025-09-07
c8f5c8b4,18105,842,2025-09-20
2ceda074,62198,633,2025-09-27
0a7f3ddd,66159,948,2025-09-22
4b7ed8a2,77458,620,2025-09-02
753cc5f7,47728,940,2025-09-26
f6eef1d3,39536,488,2025-08-31
c899950e,48330,748,2025-09-19
f3843def,67033,708,2025-09-28
94637e94,13209,224,2025-09-05
173497e4,53299,567,2025-09-25
adbe9537,57646,737,2025-09-25
4b84121b,66975,315,2025-09-25
91d1fe5f,18347,622,2025-09-19
2bb279cc,99547,632,2025-09-17
a618f53d,26439,400,2025-09-10
f4d117c6,40291,758,2025-09-18
47ed49e8,69117,771,2025-09-28
76fd7718,46949,255,2025-09-03
9e6f4941,90557,146,2025-09-23
ff1fbcb7,63957,864,2025-09-17
d1ecbc92,79164,833,2025-09-10
1943ee5b,54582,222,2025-09-30
cd2f26f5,66576,378,2025-09-16
cd7c88b7,40173,567,2025-09-01
b3ed0767,27625,471,2025-09-07
9dde6b51,16067,268,2025-09-07
97103db4,44791,44,2025-09-08
79e806fb,82671,910,2025-09-28
950510c9,70492,911,2025-09-11
2c5e079c,49453,718,2025-08-31
d45a4a0b,94057,569,2025-09-13
0983fa37,31288,842,2025-09-17
d6974ada,42948,68,2025-09-27
56db1739,86591,920,2025-09-24
75867ac7,18614,527,2025-09-10
4f7dfda7,84483,251,2025-08-31
03aa4af0,56326,955,2025-09-23
8d967290,46370,128,2025-09-25
a8c3c4b1,79879,153,2025-09-04
9aaec4be,66909,552,2025-09-12
fabd8d50,62456,215,2025-09-06
7189f346,19005,389,2025-09-03
6b2bb85f,90360,387,2025-09-13
053c3468,66125,235,2025-09-19
131a62ef,12886,861,2025-09-24
9d3c83cf,46083,76,2025-09-13
eb510df4,98398,83,2025-09-05
ded323b7,17050,48,2025-09-09
9993a14f,83592,662,2025-09-23
c3e7f61a,31000,726,2025-09-21
649b1557,18828,496,2025-09-25
46aa8cfa,67809,598,2025-09-23
49b3a42a,13715,360,2025-09-06
224ea872,65847,575,2025-09-04
aec8b275,36161,939,2025-09-13
67cdb41d,72713,892,2025-09-03
9ec3b303,53789,169,2025-09-05
a9ade11f,57661,648,2025-09-24
9dd2b06b,32537,96,2025-08-31
bcb98d0d,67151,70,2025-09-13
5f3c614c,36976,351,2025-09-05
0094b2f7,11949,234,2025-09-18
f7345b8b,79378,840,2025-09-06
59ebde56,19205,182,2025-09-09
1edbc8f3,74634,224,2025-09-01
c6dbb29d,86714,305,2025-09-10
f687c5c9,29782,680,2025-09-28
668ced72,26893,301,2025-09-14
b575da51,29347,60,2025-09-24
78863e99,73914,335,2025-09-26
2a2e7a23,51537,977,2025-09-03
265b61f8,98979,406,2025-09-25
4ab9ecb1,17310,928,2025-09-11
2a0a3a67,77930,773,2025-09-16
3500b1b9,73923,959,2025-09-01
d8cfd4fe,30191,703,2025-09-12
a20f4c59,62600,507,2025-09-28
caa11bd4,56306,301,2025-09-12
362eaf1e,22320,956,2025-09-30
600131e6,48463,264,2025-09-13
c37eb451,58419,837,2025-09-08
bfdf7363,43538,170,2025-09-07
d3eb6e5e,14389,737,2025-09-30
fef87442,39333,154,2025-09-28
bce7b820,68790,552,2025-09-04
ae63bb13,97635,60,2025-09-21
2002ebe0,94045,708,2025-09-16
9ab2d0b8,68469,11,2025-09-12
11c91b6f,95579,329,2025-09-22
e1bcea02,36856,643,2025-09-28
fd32e3d3,26794,654,2025-09-14
157e406c,85563,933,2025-09-22
c4511579,74722,440,2025-09-19
2f5719f9,47721,541,2025-09-07
0e424fb0,62079,244,2025-09-25
4d7b2764,53836,453,2025-09-04
60a98dbd,37133,296,2025-09-22
5c0e45e7,41279,81,2025-09-01
63407f8f,56797,487,2025-09-13
e0c9c70c,36562,822,2025-09-28
fe97d01c,54810,198,2025-09-13
081d60ef,65123,39,2025-08-31
37f4e824,24504,665,2025-09-05
061ffd3d,28989,583,2025-09-18
032ffaff,92561,721,2025-09-21
33acd68a,89583,14,2025-09-26
32d2dcba,14462,484,2025-09-26
f5968fe2,71508,415,2025-09-03
bf1b83f7,67868,478,2025-09-10
896d4b38,23567,39,2025-09-06
f9ce2594,32054,198,2025-09-08
206f3825,49388,545,2025-09-16
ec08cebe,20132,84,2025-09-26
4e81013d,89239,557,2025-09-07
a8430f8f,94905,3,2025-09-09
e1dd5d8f,46839,91,2025-09-23
2547e600,41169,751,2025-09-14
94112f71,36571,373,2025-09-27
483ad9c0,57127,849,2025-09-08
b42b6cc9,24626,3,2025-09-27
5e5805e9,65173,381,2025-09-16
25438a96,47347,991,2025-09-13
8b931354,29726,773,2025-09-16
8961f298,31686,911,2025-08-31
7b41eba8,27694,839,2025-09-28
3292277e,37099,288,2025-09-26
c33e2675,59037,780,2025-09-14
b7367cb7,46073,243,2025-09-09
aade3010,27475,214,2025-09-17
5da4cc84,70526,189,2025-09-01
135e1600,74708,136,2025-09-28
54b7c649,48190,189,2025-09-23
a9c37940,60446,656,2025-09-07
cb11d0c5,19277,402,2025-08-31
a25f6bc6,30632,278,2025-09-07
7f8e9b56,17959,828,2025-09-13
e48793eb,67132,1000,2025-09-18
99bf31c7,49393,817,2025-09-20
8ad1d61e,58053,717,2025-09-16
ae4ea012,76717,700,2025-08-31
89ca0d78,17224,586,2025-09-01
d2e55364,84600,439,2025-09-06
52402718,82488,377,2025-09-16
046ab31d,25342,160,2025-09-01
222fa013,98256,360,2025-09-28
52396aef,39082,96,2025-09-18
ca1a48ff,49691,290,2025-09-10
139fca31,31255,419,2025-09-19
c2e297c8,87997,958,2025-09-20
921b804d,34154,227,2025-09-08
37f23b1d,51091,616,2025-09-14
9441c56e,74151,132,2025-09-28
fcc5f91c,67820,741,2025-09-01
ee0542ad,62269,377,2025-09-10
939626f0,67994,353,2025-09-29
060ac9d8,24936,502,2025-09-30
e3c3cba4,13457,870,2025-09-19
b53ee28b,63303,528,2025-09-12
7bae5cb5,62617,312,2025-09-15
e020742b,86959,638,2025-09-13
29930ec2,63174,352,2025-09-10
310b8a49,61770,416,2025-09-11
39696016,81616,724,2025-09-14
337ad30c,26027,398,2025-09-18
a9635eed,16354,296,2025-09-21
cedf29d5,43772,887,2025-09-13
9736cce3,97379,408,2025-09-04
eb44bfdb,76650,229,2025-09-19
607f8e56,80534,36,2025-09-18
23e768d5,53039,522,2025-09-04
6f073bbe,74898,701,2025-09-04
1ab3dff7,92620,742,2025-09-25
2fffa55c,37291,319,2025-09-27
66a7938c,34204,25,2025-09-28
3f62b3aa,35350,337,2025-08-31
0c6baa66,32930,364,2025-09-06
1672d355,68542,537,2025-09-25
0c757532,85709,929,2025-09-18
0b6eb7fb,52663,657,2025-09-07
48f1eddf,57804,931,2025-08-31
3d4c4158,89521,732,2025-09-19
ac33c4e6,66963,561,2025-09-26
53c70934,44472,145,2025-09-28
5da4790c,42928,703,2025-09-22
fb74f650,35495,873,2025-09-04
db598ba7,94845,75,2025-09-22
5e6cd1a3,59043,680,2025-09-16
a8b83c30,42015,153,2025-09-01
595922dd,38250,265,2025-09-04
0c9f09d2,26607,559,2025-09-11
694efd4c,73965,537,2025-09-20
2e98f4f2,91699,140,2025-09-23
7cb863e3,28639,320,2025-09-05
ac1fc947,74884,853,2025-09-15
a9154863,56363,717,2025-09-06
bed2b4cc,92562,736,2025-09-24
7499fc3a,38575,754,2025-09-28
6fb047b2,82996,69,2025-09-19
37e91f86,82009,602,2025-09-27
9de8d5ad,85259,785,2025-09-01
1b21cd5a,86060,816,2025-09-26
2d10c7d9,74507,620,2025-09-15
7e1db96b,25746,454,2025-08-31
ef6351e4,99293,868,2025-09-09
1526b7a1,30372,873,2025-09-12
8451da08,13820,411,2025-09-16
af004c51,80716,305,2025-09-13
39ab0abe,95468,833,2025-09-24
22d5ccc6,18618,826,2025-09-08
17a71ce6,21079,649,2025-09-15
46ba2376,34855,795,2025-09-29
37b90dc6,53408,660,2025-09-07
c82549a6,49855,144,2025-09-27
779f1a2b,82065,820,2025-09-17
be11f761,16145,314,2025-09-22
538964ba,54536,840,2025-09-16
e5593208,13021,303,2025-09-12
b2d69594,83376,10,2025-09-08
10e54f37,11824,197,2025-09-16
763a544b,49986,1,2025-09-29
36eb5c1b,39071,998,2025-09-16
ca3a6638,18928,726,2025-09-24
5d13ef99,94830,545,2025-09-28
fd90a2d9,75467,626,2025-09-28
f511166e,90506,900,2025-09-10
af35993f,99595,83,2025-09-09
6bb7cef4,39127,634,2025-09-26
5b35d928,83517,54,2025-09-25
7d9a76b6,97461,969,2025-09-02
818f7b1d,53627,589,2025-09-17
dc1be124,29233,844,2025-09-08
6147d8ba,61794,36,2025-09-10
ace16fb9,36079,597,2025-09-21
435529d7,38163,642,2025-09-09
1e14eb9e,61553,693,2025-09-14
e99b65be,93799,62,2025-09-05
01e64f3c,91741,632,2025-09-18
64fe8752,25364,523,2025-09-11
6fa8177d,35700,118,2025-09-09
dbc9bbd1,50809,14,2025-09-13
c77e8413,58153,143,2025-09-30
2e3b6b52,60416,855,2025-09-06
2ea0d0c2,55553,886,2025-09-29
a571050f,24465,719,2025-09-30
c41e72bc,64968,565,2025-09-14
cf6167a5,34025,62,2025-09-02
77388bfd,89344,769,2025-09-08
53290ce7,80452,972,2025-09-01
5112af4d,78399,944,2025-09-26
8713840a,78072,285,2025-09-03
80a55270,71047,474,2025-09-13
78114330,64051,205,2025-09-12
e8331707,53122,230,2025-09-25
e8a8ec40,99542,82,2025-09-22
da8900f4,83896,156,2025-09-12
008b004e,54320,355,2025-09-18
5e1bbf8c,65876,582,2025-09-15
71960377,15951,599,2025-09-19
1e93410f,32228,762,2025-09-13
96bd68c9,48887,327,2025-09-06
fe7b2933,58290,15,2025-09-15
2e8ecd68,75229,760,2025-09-21
28dd37e8,52048,946,2025-09-22
3bc7e8fb,40203,60,2025-09-20
4ed3e08b,66369,817,2025-09-21
76cc0b2a,39581,151,2025-09-14
82de2494,39906,737,2025-09-11
c961d0c1,47654,334,2025-09-13
dde5032f,99896,35,2025-09-18
8f72a902,49483,669,2025-09-16
7da8900f,97254,47,2025-09-09
087149f4,75981,548,2025-09-10
bc6d880d,90691,814,2025-09-05
7151783a,29919,825,2025-09-05
64773036,20830,164,2025-09-20
1f09df22,57886,689,2025-09-14
e189d100,89232,944,2025-09-07
a37c776a,93441,829,2025-09-12
6acca4f1,26298,482,2025-09-03
86b7ceac,49309,77,2025-09-12
325224b2,53905,962,2025-09-13
aaba6585,62619,983,2025-09-12
0a9949d0,25256,863,2025-09-30
d833272f,42589,256,2025-09-05
5e1cbb29,19397,602,2025-09-06
0b70cee4,94311,45,2025-09-12
a84615f0,62669,976,2025-09-02
503e818b,80167,183,2025-09-12
58b7fff8,27979,16,2025-09-09
575fd06a,48579,674,2025-09-04
a0a42266,51003,800,2025-09-27
7bb7a249,90925,406,2025-09-13
78dcc847,55894,571,2025-09-06
1568cbfb,21528,528,2025-09-20
6b2b4792,13444,600,2025-09-12
64d59d53,80395,556,2025-09-14
2c80f313,77287,415,2025-09-23
bc35cd8f,91241,800,2025-09-26
d05c809a,93297,705,2025-09-06
45231809,95474,504,2025-09-09
a8384d6a,54474,935,2025-09-18
fcbd8cde,35922,728,2025-09-10
ffd35b31,41534,277,2025-09-30
dd61ab22,50228,590,2025-09-06
b49925d7,48829,271,2025-09-28
d2241fe1,10377,30,2025-09-10
eafb663e,32864,387,2025-09-04
da64826d,75079,456,2025-09-11
decfc1ca,72018,909,2025-09-14
62952cd7,97011,267,2025-09-01
9d1d7b83,22190,294,2025-09-21
b97417c8,32652,881,2025-09-15
a7ac4853,48376,504,2025-09-15
183020f1,95478,15,2025-09-26
bf1679b6,23774,673,2025-09-23
e3893eca,19635,849,2025-09-27
d97ee542,76851,439,2025-09-15
89bf75f2,27527,23,2025-09-17
3599e92f,90959,599,2025-09-25
e04c2d71,23810,664,2025-09-28
571de5ee,13311,64,2025-09-16
30d738b1,93346,361,2025-09-03
d7909430,59052,940,2025-09-18
d176a240,12722,689,2025-09-29
adce4845,96564,527,2025-09-20
35007459,78029,602,2025-09-18
93745fd4,22478,999,2025-09-14
d3a0384f,84015,888,2025-09-04
1d3578eb,90480,937,2025-08-31
4989fad3,98790,573,2025-09-15
4b8cd38e,97766,732,2025-09-18
35cc66da,90433,261,2025-09-23
79cac789,41857,694,2025-09-19
a41b3fd4,84804,48,2025-09-26
79d8178f,54844,355,2025-09-07
c3c45dac,65554,22,2025-09-12
e68bdfc5,62927,855,2025-09-19
35dc52f7,32273,231,2025-09-11
df3b06e7,23820,526,2025-09-02
4f25da38,13324,743,2025-09-16
234c94c8,82738,489,2025-09-17
9704a5bb,60704,192,2025-09-09
fdf0bb83,69944,402,2025-09-19
a1a02341,27233,380,2025-09-20
360aeec1,15309,541,2025-09-14
047dd068,96147,787,2025-09-07
5aee04eb,50697,331,2025-09-04
27387e71,34612,446,2025-09-30
6262d8a7,44395,263,2025-09-21
75ed8c25,20833,352,2025-09-25
801050f6,58580,993,2025-09-09
665cfea9,49913,136,2025-09-14
617bd138,77349,899,2025-09-30
3295d98c,46267,746,2025-09-18
3edd42c0,71706,135,2025-09-08
372ad2c4,36220,672,2025-09-26
360706fc,47579,461,2025-09-10
99bb7a37,92377,69,2025-09-09
9ac53ad6,53324,403,2025-09-30
7869c52c,42360,156,2025-09-01
5cc3ffc1,38544,871,2025-08-31
63c38591,13644,72,2025-09-02
223deb36,19205,966,2025-09-29
94407a0b,45252,795,2025-09-03
0e7ff962,36464,994,2025-09-05
2dd25628,12880,355,2025-09-21
4c7f6871,29488,818,2025-09-16
8ff0c060,73542,733,2025-09-28
febe7379,53649,209,2025-09-04
bb2531eb,40996,919,2025-09-07
5f5ead17,46779,457,2025-09-25
ea6ec31f,72146,903,2025-09-04
fb256af4,69636,377,2025-09-13
8923d69d,16992,171,2025-09-13
deb0aff0,63067,414,2025-09-10
d37e4360,40384,647,2025-09-11
0f57f394,73647,528,2025-09-28
aa5ab4e9,56553,351,2025-09-24
ab423f5e,40729,489,2025-09-03
1539944c,89770,842,2025-09-17
23488026,58326,46,2025-09-30
0357cef1,13328,678,2025-09-07
0a257512,47272,515,2025-09-03
a27afe08,44666,740,2025-09-10
a2f67e44,90523,742,2025-09-24
a8ab7dd4,31027,575,2025-09-14
53e12405,17839,714,2025-09-03
f60e0047,69044,440,2025-09-06
3f841187,86021,424,2025-09-17
72444dee,15822,452,2025-09-19
a19c34bb,51644,588,2025-09-30
cfc0c084,96511,423,2025-09-19
c46aab41,19872,11,2025-09-13
56ecff2d,19962,890,2025-09-17
991be1e6,68598,806,2025-09-14
36510592,47890,655,2025-09-13
3b156d25,25990,531,2025-09-10
0ae33f3a,59314,952,2025-09-19
1f2922d9,75909,329,2025-09-18
8fa04b61,57543,602,2025-09-20
ba26bfc5,98816,549,2025-09-03
aae4c078,43798,95,2025-09-21
8905f1c9,83855,242,2025-09-21
e422f454,67035,38,2025-09-23
3402ff58,81611,846,2025-09-12
a1c87332,62901,635,2025-09-12
f3470482,54898,1000,2025-09-30
5d80919d,63747,86,2025-09-24
ef2e0b6e,36280,250,2025-09-13
86456d26,12878,921,2025-09-18
5b4f5047,22782,677,2025-09-17
ac221e95,74637,629,2025-09-26
8a884b1e,43506,926,2025-09-17
1e27e144,98636,82,2025-09-09
e1e03603,96220,889,2025-09-05
ced1b643,47942,881,2025-08-31
56037205,37800,804,2025-09-27
27ee1cff,48883,753,2025-09-04
084ee842,31969,663,2025-09-10
c68cf89f,47485,510,2025-09-16
d6cdedf6,65302,301,2025-09-07
fe02c31d,61960,905,2025-09-24
57ef75d2,44302,52,2025-09-15
5061c6dc,14536,748,2025-09-07
92fd7e55,20841,545,2025-09-24
b4c06948,66931,443,2025-09-10
8feda0ef,90982,201,2025-09-27
9157eff3,16813,754,2025-09-17
56b50718,36754,725,2025-09-16
ce692dc4,18869,654,2025-09-19
b9b9c42c,15177,791,2025-09-27
1a8cc97d,63955,672,2025-09-16
4bd657bd,82613,331,2025-09-06
831c655f,92834,46,2025-09-15
9548b920,89641,24,2025-09-20
844bf69d,29539,900,2025-09-02
5ccbc560,99845,690,2025-09-20
50ee076a,50287,607,2025-09-24
7cf1981c,18264,915,2025-09-07
16194592,94767,670,2025-09-22
3017e7cd,98728,85,2025-09-07
b8d19a9a,60146,440,2025-09-17
2d34075c,75368,865,2025-09-16
9f33cb7b,54715,325,2025-09-30
5e0eaa57,58424,304,2025-09-30
e283dee6,31425,690,2025-08-31
930583d7,28078,144,2025-09-04
b0b875ba,69849,328,2025-09-08
8f4b2b4c,62705,662,2025-09-19
c2d0e526,92540,871,2025-08-31
6b8c5a84,90858,457,2025-09-29
7459f458,38115,478,2025-09-18
a0e5b275,50733,151,2025-09-01
032a3585,71756,834,2025-09-23
e37a9b60,17003,737,2025-09-06
c6971267,86782,290,2025-09-10
a3d4ac97,87111,397,2025-09-29
fbafc4e2,15139,864,2025-09-21
b5305792,66239,930,2025-09-07
89a4b857,35643,708,2025-09-20
b3e497f7,56750,674,2025-09-05
a6c99029,97969,100,2025-09-09
55f8cee2,78465,764,2025-09-02
26e5932c,80422,355,2025-09-26
b2f16a9f,89277,979,2025-09-27
191ce10d,66868,71,2025-09-25
da003181,65635,740,2025-09-27
d969f7d9,21047,815,2025-09-05
35a18597,37611,915,2025-09-30
2aeb6afc,17532,795,2025-09-10
11e4406e,19380,702,2025-09-14
ddaa1e4f,73408,686,2025-09-10
27e9b788,93959,285,2025-09-08
19979c9d,65812,896,2025-09-24
04f1e341,99905,676,2025-09-15
74072fa5,92271,809,2025-09-26
9dd0d147,83227,148,2025-09-28
6ed55db8,33143,217,2025-09-27
9868e9f1,77012,201,2025-09-15
c86e0442,54443,307,2025-09-12
59c07da6,24022,850,2025-08-31
6c30f192,42157,52,2025-09-06
388667f8,38336,889,2025-09-12
44dbb09b,86894,214,2025-09-20
40848c93,37887,416,2025-09-13
94cb05f4,92683,22,2025-09-27
4152ce7d,16140,519,2025-09-30
7f23afad,24526,676,2025-09-21
5c4fdd41,42788,609,2025-09-15
8002a99c,30489,528,2025-09-08
982d3ccb,38081,87,2025-09-21
5ac88e9c,63351,31,2025-09-12
0f41c929,98021,641,2025-09-23
573b90e6,47032,452,2025-09-27
3294b2a7,17060,735,2025-09-13
79154496,26952,561,2025-09-01
8870f367,94542,34,2025-09-18
47840049,66775,83,2025-09-28
d1616de0,53490,178,2025-09-15
27cad5fc,66492,964,2025-09-12
5424c523,46604,340,2025-09-07
857c1b78,43819,531,2025-09-14
4d6cfaff,52996,29,2025-09-14
597dd0fd,79201,340,2025-09-21
026848cd,31927,792,2025-09-07
7f6d2769,28995,892,2025-09-18
6e408c74,31395,643,2025-09-14
6e485fad,59667,147,2025-09-24
46d6978c,26745,222,2025-09-04
7cd68d27,37968,859,2025-09-15
405dd145,73356,104,2025-09-15
ff572211,92547,663,2025-09-18
fc1bfbe4,68230,625,2025-09-27
d29007ac,99884,302,2025-09-15
3932ca66,58206,637,2025-09-18
1d417e45,59614,311,2025-09-07
15506636,37245,173,2025-09-03
d30ea18a,78925,878,2025-09-08
52b17393,85069,306,2025-09-19
e5c135d4,28975,845,2025-09-14
b49b0e82,65144,651,2025-09-12
5f2459bd,68846,118,2025-09-17
9ca78fa5,25367,292,2025-09-29
1270cd40,48794,240,2025-09-10
e12d6ca4,53299,436,2025-09-29
be66a04a,36320,699,2025-09-15
6286631a,37355,804,2025-09-12
bfd39507,74974,959,2025-09-23
6b33b291,10906,376,2025-09-17
b4dc068a,59021,758,2025-09-23
6b2e85e0,72565,23,2025-09-13
7245ea0f,23415,208,2025-09-12
7b07bc28,31332,697,2025-09-30
0d14aee2,46637,576,2025-09-17
0b2db2e9,10556,554,2025-09-26
2ff02c7e,16171,974,2025-09-29
470c23dc,59593,935,2025-09-23
a8719e2e,11263,289,2025-09-04
b9b1c1a4,36929,167,2025-09-23
048b53c8,90695,887,2025-09-21
d5483b49,90766,635,2025-09-15
afce7e17,94366,947,2025-09-07
e7af8cf7,30602,517,2025-09-20
12e5bf2d,33569,770,2025-09-01
f22c7650,66405,111,2025-09-01
96a6eeab,17301,728,2025-08-31
0c8bc24c,56586,13,2025-09-25
d46a40cf,29480,246,2025-09-09
cd46bc17,85898,135,2025-09-23
1c3e6fc1,91013,302,2025-09-02
18237573,56097,748,2025-09-15
73365f41,43732,745,2025-09-19
c07c2089,61061,751,2025-09-20
97fe265c,14691,337,2025-09-29
c0403be1,83034,329,2025-09-18
0b09843b,91937,432,2025-09-22
8eadeaa2,99759,172,2025-09-12
7ae729d0,67866,928,2025-09-20
48c33a20,49294,287,2025-09-27
94855cd3,53427,781,2025-09-16
283d9329,53315,93,2025-09-24
3c7d6f75,15592,953,2025-09-15
4e0bcdb3,11120,627,2025-09-05
fadf07a1,98303,828,2025-09-19
3e4d4ea0,65637,829,2025-09-29
bbf20c42,14362,699,2025-09-29
9bd91022,33417,862,2025-09-28
75585987,35958,376,2025-09-14
ca91b4f1,74281,536,2025-09-17
9ef3ff17,25065,336,2025-09-24
eac54756,74601,868,2025-09-27
784b1c26,42115,170,2025-09-02
70b47245,39533,416,2025-09-22
25166a56,97915,392,2025-09-18
56b7e2f4,78766,303,2025-09-03
40381991,64773,407,2025-09-03
e75c9c6f,92886,87,2025-09-21
f1e9f968,96432,806,2025-08-31
dface659,24217,589,2025-09-29
546d24ed,57806,518,2025-09-30
891b451f,34663,405,2025-09-01
f055288d,37613,626,2025-09-22
65e4a0a2,56863,250,2025-09-01
67e74bec,12712,486,2025-09-13
62a005b5,33685,519,2025-09-19
d4fd1e01,71543,493,2025-09-29
a3644846,78736,302,2025-09-09
0b7643b4,92342,483,2025-09-27
260b25b5,82448,122,2025-09-09
72e7960f,29291,443,2025-09-28
c5adaa5f,50538,232,2025-09-01
1e28ab4d,63747,388,2025-09-14
ba46c434,57912,779,2025-09-08
fd5e1c64,77682,477,2025-09-08
c33b4830,75981,274,2025-09-11
bc45c7a2,46654,933,2025-09-01
7f53e79c,17587,126,2025-09-05
d24e3a3b,77769,190,2025-09-04
d1a43da6,84928,896,2025-09-24
a3a002d2,19107,305,2025-09-23
f22adabb,78318,241,2025-09-03
07bb2312,23994,587,2025-09-07
bcd66bb4,55908,826,2025-09-09
fb8a2f71,64043,499,2025-09-03
39397026,12182,952,2025-09-11
06a8b1f3,83203,850,2025-09-23
374fb9cf,16561,249,2025-09-27
17a37468,38093,5,2025-09-26
371e65bf,18595,796,2025-09-18
fa976030,74779,808,2025-09-26
515eb701,17587,634,2025-09-10
c177f20b,78131,679,2025-09-23
bed26aa6,66642,375,2025-09-12
35cdbb9f,78060,572,2025-09-09
5734280c,62322,20,2025-08-31
493e81d7,40184,257,2025-09-17
b35fe9d1,18885,248,2025-09-22
31ce6d62,75221,580,2025-09-03
5b07572b,31401,974,2025-09-30
e0f25adf,67899,786,2025-09-05
0ba2ab67,26415,67,2025-09-03
850e97ad,40630,915,2025-08-31
285f097f,35226,639,2025-09-06
fc29ed71,43177,612,2025-09-07
c9dfb0b2,97656,899,2025-09-05
04bba6ed,65440,393,2025-09-01
2b29d2bb,44286,162,2025-09-10
a80740a6,76802,972,2025-09-10
e3912a74,88419,795,2025-09-24
8cb93f74,13552,664,2025-09-19
91d0ee3b,54394,591,2025-09-13
763e3705,94986,998,2025-09-25
29aa0ce1,27496,181,2025-09-09
0902311c,97629,734,2025-09-23
3dc6a501,92146,49,2025-09-23
48c3e913,81700,995,2025-09-01
eecf12dd,67739,449,2025-09-17
14b4f929,84729,322,2025-09-14
51469ec4,88521,163,2025-09-24
c76a8483,67614,605,2025-09-19
ef2ab27f,79569,97,2025-09-18
2dabe633,73377,258,2025-09-02
6455fe1f,74351,873,2025-09-20
28459c15,57109,725,2025-09-22
1bbe5dd6,93467,731,2025-09-30
f3928107,86883,838,2025-09-30
938afc29,32650,611,2025-08-31
3cd1117a,80479,510,2025-09-08
f5ce7ec8,25413,263,2025-09-07
126c2a01,77926,752,2025-09-10
2a69b2e7,31177,406,2025-09-20
1341c1c4,79055,789,2025-09-12
b6f6aa9a,75734,400,2025-08-31
d07ed518,29738,98,2025-09-05
d1f05b24,38968,782,2025-09-29
1ba80529,82375,736,2025-09-26
0875de46,80068,779,2025-09-24
ab6ad64e,24718,577,2025-09-12
d964e84f,42336,657,2025-09-05
f80ac5c3,24352,336,2025-09-14
ce23426e,89224,682,2025-09-30
562fe393,84643,819,2025-09-17
9102cf26,55799,867,2025-09-14
6f225012,44159,798,2025-09-13
f6cf86be,95863,288,2025-09-29
3f8d861e,50946,577,2025-09-21
579452f3,83565,416,2025-09-14
c283cd29,12123,273,2025-09-21
2ce265a0,34640,371,2025-09-10
0834d5bc,22820,120,2025-09-16
698424ff,67543,344,2025-09-22
342c151d,47591,677,2025-09-09
527ad9a6,31043,286,2025-09-04
2d71ccfe,14761,536,2025-09-20
f64b1faf,61457,49,2025-08-31
e930edf2,36589,127,2025-09-01
8d8f65db,76578,703,2025-09-28
350e3e11,64118,751,2025-09-12
6b8fa9b3,82017,210,2025-09-10
68d7924f,80919,70,2025-09-13
1b3fdf2f,52590,116,2025-09-25
db02aa31,87159,885,2025-09-26
eb2f44f0,53651,618,2025-09-20
51ffa836,93719,644,2025-09-18
880b716a,44782,719,2025-09-12
bfa11d58,77611,890,2025-09-10
d203910b,89057,261,2025-09-17
091c508b,86643,12,2025-09-10
5f8539ed,45726,322,2025-09-20
715181b0,41394,983,2025-09-08
37806c49,21020,671,2025-09-23
3049612c,70905,669,2025-09-04
5349a788,87642,324,2025-09-27
310f7593,15532,224,2025-09-13
3b2c5ad8,43052,779,2025-09-20
aad778f7,33561,712,2025-09-27
bf893faa,61406,400,2025-09-25
e2e6e876,66893,664,2025-09-25
849fab0a,62302,359,2025-09-17
5469351c,91862,991,2025-09-06
448bb67b,87539,662,2025-09-10
d8ed8da1,39704,643,2025-09-24
2bb27290,36194,704,2025-09-05
c3fc3994,83833,556,2025-09-29
f96c66e2,75204,295,2025-09-06
c048674d,52758,233,2025-09-13
2d02b792,35647,418,2025-09-28
4d973e6e,85941,259,2025-09-30
203611c7,29176,960,2025-09-12
4641fbb3,18603,689,2025-09-03
49b9523f,74883,742,2025-09-17
ffddbc38,68265,309,2025-08-31
5bda5eda,49904,378,2025-09-20
d300a83e,95535,900,2025-09-23
53cf6426,96053,461,2025-09-12
d043ba7a,18989,200,2025-09-13
8f9799df,47823,584,2025-09-30
8f98d0a6,45519,207,2025-09-29
add8cb49,45540,191,2025-09-30
1aa52a80,47991,705,2025-09-24
8b868657,73419,429,2025-08-31
fb6469d2,43132,406,2025-09-29
86c8eb2a,15927,53,2025-09-11
ecc1eab1,91267,473,2025-09-13
8a4ba8be,86397,524,2025-09-20
f758bcc3,72635,678,2025-09-07
20ab0a16,51416,45,2025-09-16
0fdabe23,23554,218,2025-09-20
eb8943e7,67550,345,2025-09-28
e1a2f1f7,48469,398,2025-09-09
49876207,94533,503,2025-09-11
ffb75854,86640,210,2025-09-13
821cbdc6,41758,334,2025-08-31
66787a4b,94485,796,2025-09-14
29d7e53e,54401,273,2025-09-28
5419c4d4,42658,124,2025-09-04
b3a25517,47524,366,2025-09-26
b570bf9f,84958,554,2025-09-03
bb0a52ce,11852,451,2025-09-07
57f79d27,55817,702,2025-09-15
d6073098,39199,896,2025-09-16
3b70e6c9,51706,566,2025-09-18
bcf785fe,81772,412,2025-09-07
adf6a8e4,55652,879,2025-09-04
46bd5803,46044,175,2025-09-02
023f0483,65887,249,2025-09-13
2e0b4a91,94613,411,2025-09-08
38143972,47226,321,2025-09-27
f81e3036,22748,268,2025-09-20
2f1dedd1,91000,781,2025-09-20
8c6a6600,18649,230,2025-09-20
237ee1cf,90454,819,2025-09-18
3b76bdb5,53172,492,2025-09-23
92246e8b,16803,608,2025-09-03
e457533b,91716,909,2025-09-30
5c2c7b6f,91238,839,2025-09-13
8360f57e,79414,491,2025-09-25
b4dcad6c,75756,871,2025-09-07
5efc90ff,56885,138,2025-09-26
f7b81ac7,86021,236,2025-09-03
ab1e7864,72497,641,2025-09-30
108aacaa,74135,404,2025-09-03
04bf3cfb,17864,223,2025-09-15
1944c3f1,95898,207,2025-09-20
40e47825,89417,434,2025-09-24
e87787bb,79796,254,2025-09-09
66819788,78243,7,2025-09-08
0b8b0b93,53348,542,2025-09-29
f2a2a8c1,85685,987,2025-09-18
51a93181,18000,643,2025-09-06
f39b327c,82124,607,2025-09-15
dd96b9e6,26589,43,2025-09-14
a5134464,74436,463,2025-09-17
67312da3,42068,420,2025-09-11
5a1c5ab0,30720,852,2025-09-29
4e748aaa,96522,376,2025-09-15
7b49a9b2,93728,77,2025-09-20
ad432222,70474,976,2025-09-28
8540513a,41605,311,2025-08-31
b2b45e3d,77560,555,2025-09-08
cf56b41a,14487,709,2025-09-26
cc376856,57219,693,2025-09-17
26333b8d,53047,918,2025-09-25
f6aa441c,61204,409,2025-09-16
03430b50,13986,550,2025-09-11
79b3bfbf,82232,896,2025-09-12
478208fd,36872,847,2025-09-01
c8104580,78747,800,2025-09-23
654bcd02,23088,370,2025-09-21
8a04e176,23023,281,2025-09-03
536b2387,59400,935,2025-09-26
e52702aa,61096,956,2025-09-22
beef4fb1,63903,588,2025-09-20
b3e66a2b,61782,724,2025-09-30
cddd6327,87933,785,2025-09-09
4f89eea0,65885,231,2025-09-13
f4cda8c9,27024,871,2025-09-01
83e63c47,37484,552,2025-09-30
210e8b05,58063,874,2025-09-18
45cff9dd,40107,800,2025-09-02
94b795cd,42928,531,2025-09-08
1ed0c421,56588,122,2025-09-17
b70d8d70,43058,522,2025-09-25
a9f05efa,56461,250,2025-09-07
9ba0233e,84095,328,2025-09-16
48d8007d,43882,557,2025-09-02
b9255b95,78768,812,2025-09-03
a1ba32ae,76113,173,2025-09-10
a6f3b9c5,17790,759,2025-09-11
48d65ee3,44742,405,2025-09-19
2e048557,80186,258,2025-09-16
4cf2e6bf,77234,306,2025-09-11
1620c4f1,63949,717,2025-09-20
ddd9b34d,47844,748,2025-09-24
3b5c26b0,18490,945,2025-09-09
1aa9b766,58944,276,2025-09-14
553dd14d,69790,958,2025-09-09
3be232aa,92166,65,2025-09-08
7d64da81,61785,485,2025-09-27
e35b2189,47080,132,2025-09-14
3ae98558,41032,378,2025-09-25
fb3f0168,47197,308,2025-09-29
50db1f3d,68021,247,2025-09-25
48fc3335,60910,38,2025-09-09
32681167,96773,633,2025-09-12
f3493062,29997,281,2025-09-15
6044b1ab,26920,406,2025-09-19
c531a51c,60653,552,2025-09-09
b38e880f,26684,436,2025-09-27
62b01cf3,88298,874,2025-09-04
8cf5c50a,54693,396,2025-09-10
f6e5cf5a,80153,805,2025-09-21
976ccbe8,66596,235,2025-09-18
d85ce67f,76499,992,2025-09-02
7395e428,65003,805,2025-09-26
05aba092,20091,846,2025-09-07
823821cd,68422,711,2025-09-14
59b1e0f3,92433,751,2025-09-05
3cb8123c,20857,608,2025-09-22
1143f7d4,87216,859,2025-09-17
878d8da8,55647,873,2025-09-15
86915967,51949,601,2025-09-04
b7c59eac,11438,829,2025-09-16
66661228,18930,729,2025-09-08
7895fc02,59869,756,2025-09-02
8b8dca49,87794,963,2025-09-13
ed86e8b4,30244,266,2025-09-22
2ce62b27,20285,48,2025-09-06
f875edeb,30632,287,2025-09-09
597d735e,15089,846,2025-09-28
a5479b56,80411,483,2025-09-16
d80a6c6e,97340,789,2025-09-09
155aa805,54737,295,2025-09-24
f5c5d6d9,90288,732,2025-09-25
b458682e,34473,77,2025-09-12
6a42754b,86186,275,2025-09-20
c72ba148,87347,986,2025-09-23
d322111a,81900,542,2025-09-25
e04ad90b,69442,549,2025-09-08
b7916c5b,19958,527,2025-09-14
c433b32d,69154,611,2025-09-13
1094a708,52344,487,2025-09-19
339e2037,25746,82,2025-09-15
7416e058,89913,194,2025-09-05
d2cf1505,15286,453,2025-09-24
f700f0de,52302,419,2025-09-28
e04b8de7,61567,885,2025-09-03
13766339,76229,275,2025-09-24
b76c7aed,60032,565,2025-09-28
708f61f4,26337,927,2025-09-28
1e17bdee,14934,234,2025-09-28
99695781,39039,855,2025-09-10
62c5183a,77213,97,2025-09-16
6004e0f0,59493,211,2025-09-09
067cc8fb,16360,234,2025-09-04
aa1965ee,12986,654,2025-09-24
22d23c6c,81760,808,2025-09-17
d00dc69e,64939,710,2025-09-02
0c89c1de,81686,586,2025-09-29
d2e0bcb7,66196,146,2025-09-08
16dbf5a9,20202,917,2025-09-12
a76418a5,22931,32,2025-08-31
6ef5734f,25844,170,2025-09-11
702fc566,56133,839,2025-09-18
bf7a4438,66641,494,2025-09-11
e34192eb,79941,651,2025-09-22
be3221c1,25261,603,2025-09-10
25e17785,73437,496,2025-09-25
4715926b,79714,151,2025-09-15
fe5141a0,25446,306,2025-09-17
b53b8ff8,27660,959,2025-09-08
da6375b6,37011,267,2025-09-08
27acb655,25029,470,2025-09-15
73dcbd12,70868,302,2025-09-08
50ec3fba,23864,535,2025-09-19
110953c6,43920,371,2025-09-19
252df58d,38383,42,2025-09-22
a462b4c8,52669,479,2025-09-10
b0c7785c,18905,503,2025-09-26
27287860,95625,327,2025-09-30
7d79e1af,53517,725,2025-09-14
049116e1,59302,758,2025-09-02
be0d8490,31855,245,2025-09-29
6b9a98f8,86177,714,2025-09-14
70c4f460,57237,905,2025-09-09
ab65dfbc,78578,997,2025-09-20
2732be8e,40631,965,2025-09-25
83835628,60045,937,2025-08-31
4bedea6e,84388,641,2025-09-12
e28e30a2,79471,225,2025-09-24
08b265ae,46839,454,2025-09-08
2f48b802,43491,499,2025-09-19
e7a48bae,62275,5,2025-09-23
3495c524,91249,234,2025-09-28
47362e5a,31268,122,2025-09-07
ada7bd34,16548,199,2025-09-14
ffef6330,22605,914,2025-09-28
8a75e10f,82598,640,2025-09-19
ea8991f1,40262,429,2025-09-15
42651400,16819,174,2025-09-23
66bde780,28814,137,2025-09-25
c20d23d7,54626,326,2025-09-11
44cb9f29,11290,890,2025-09-08
4351ec80,35123,204,2025-09-24
47a45f91,49424,683,2025-09-15
3f91e8df,49037,159,2025-09-28
e1ff65f8,36775,563,2025-09-22
27e45046,18280,18,2025-09-21
2665f7e3,74927,401,2025-09-09
4cadf829,83118,110,2025-09-25
5a2eec16,17681,610,2025-09-11
0654d510,98105,892,2025-09-14
a746b848,51096,606,2025-09-17
96695a2d,28333,177,2025-09-05
873859e6,29776,137,2025-09-19
13d843f3,15121,364,2025-09-10
4ae04008,61891,563,2025-09-29
327e83c4,45331,366,2025-09-12
ef2eedf8,89281,928,2025-09-27
431b8f29,21682,673,2025-09-25
dcfe0db6,38957,998,2025-09-09
08007bda,57855,994,2025-09-26
c0560f79,89197,230,2025-09-21
aa4a1fc3,45970,652,2025-09-15
09f86cf8,51256,377,2025-09-22
16393619,77802,84,2025-09-10
55eac90c,37059,857,2025-09-11
519a4b5b,36149,224,2025-09-01
b89cfe5b,86516,540,2025-09-22
adc46843,80165,482,2025-09-15
875768b2,33333,446,2025-09-17
23ca65e3,55128,992,2025-09-14
36292797,84704,204,2025-09-13
8b94e479,51415,654,2025-09-03
7ae52585,24255,251,2025-09-16
0ecb9890,50503,756,2025-09-18
f9660fc1,99159,882,2025-09-29
a1b55051,85149,641,2025-09-27
53d663dc,51647,762,2025-08-31
eb595ca4,29974,903,2025-09-03
d96ca1e8,86501,216,2025-09-17
a922e46c,38983,865,2025-09-03
e50e337f,24105,710,2025-09-17
61df27a1,95120,547,2025-09-08
6beb6c1b,89852,780,2025-09-16
3e7dde8e,85132,625,2025-09-15
42d189d4,46263,536,2025-09-12
a09aeb62,50267,627,2025-09-28
572b5ad1,25228,906,2025-09-19
d4b6a5f2,12189,796,2025-09-11
25c3c15d,16542,555,2025-09-20
17565b03,71498,787,2025-09-11
c5f5974b,14488,360,2025-09-11
ff95ffd2,75735,466,2025-09-21
7aaaaf3d,88295,694,2025-09-06
afed7e7c,61663,772,2025-09-24
f0236648,42404,205,2025-09-20
fddf5d86,40145,293,2025-09-14
1a0b5aa1,38064,234,2025-09-29
5501d4df,43636,425,2025-09-12
e987d20b,94760,184,2025-09-24
f9be2458,37787,482,2025-09-20
c0c3f3a3,30250,88,2025-09-09
27e7bf90,49681,34,2025-09-30
582d1885,82323,728,2025-09-01
ce123e9e,16835,536,2025-09-27
ee010280,87494,313,2025-09-06
206815aa,51683,283,2025-09-26
ec4b35bd,23342,441,2025-09-09
18053613,92525,903,2025-09-13
2233bb76,89338,382,2025-09-10
f237d254,94069,676,2025-09-20
307793b5,13552,535,2025-09-07
84b3048a,50341,37,2025-09-25
af2c40f0,77823,990,2025-09-28
4ad2b00c,84457,760,2025-09-13
b7957d78,63822,851,2025-09-20
e6c1b689,77369,154,2025-09-29
32b18fd2,88698,148,2025-09-04
6e556ba6,23220,369,2025-09-20
e65b7a82,85156,917,2025-09-28
7f97d366,37131,390,2025-09-26
6adc7468,56924,189,2025-09-02
561fe78d,17549,908,2025-09-23
527b8c8c,97254,755,2025-09-02
e1d7bc59,60014,697,2025-09-16
3a183d3c,91504,156,2025-09-22
557f978d,61889,725,2025-09-27
84bf3b37,30817,246,2025-09-27
a400af06,12345,727,2025-09-08
07eb1472,42681,314,2025-09-22
663695fe,86562,614,2025-08-31
6fc5f1ca,44422,983,2025-09-05
a10eb3b1,26032,905,2025-09-02
d5683928,89621,750,2025-09-22
c2343081,51271,852,2025-09-02
80839c25,29449,399,2025-09-24
15b28c7f,64618,582,2025-09-22
e75b4221,74006,346,2025-09-18
26f6802c,80974,951,2025-09-02
9b58e682,35846,528,2025-09-05
da8edd06,66906,434,2025-09-22
450e72e4,79333,598,2025-09-13
69a9a4d9,15801,298,2025-09-16
905df9f3,74651,703,2025-09-20
d2cefd28,55168,395,2025-09-29
f537e68d,99070,942,2025-09-30
470880b3,41368,471,2025-09-09
9ec8ab64,22544,918,2025-09-10
4982d354,75922,533,2025-09-26
7a8ec20d,16361,338,2025-09-26
2c8a28eb,49139,956,2025-09-27
c71ce99b,12747,475,2025-09-06
ba007edc,21964,149,2025-09-16
2403acb1,48313,347,2025-09-12
19005668,83918,512,2025-09-18
df59ba8b,61605,576,2025-09-07
8b46f0c4,50808,782,2025-09-03
897debfe,72340,440,2025-09-10
8d02434a,43476,953,2025-09-29
bcf1d653,15307,995,2025-09-24
8d93de58,20379,502,2025-09-04
16cca3de,61584,160,2025-09-11
a9de7d4b,88011,982,2025-09-22
37c6ddea,65616,656,2025-09-04
736d120c,43464,93,2025-09-09
a5940d7a,65476,523,2025-09-28
e59b6b26,87705,683,2025-09-20
a62130d8,69790,346,2025-09-20
7d6a9574,32271,18,2025-09-25
30446f2c,15552,209,2025-09-06
60afc229,54868,268,2025-09-24
c9bc2770,58911,456,2025-09-15
b4e4270e,35776,644,2025-09-13
f68135b2,52154,249,2025-09-01
2ec8db7a,84933,535,2025-09-22
70f5e7d1,26564,550,2025-09-29
3848329f,82459,928,2025-09-02
4b5cbfac,68364,463,2025-09-11
d9738574,96608,154,2025-09-10
297ed2ab,69249,829,2025-09-28
0b86488e,10843,442,2025-09-09
b3df9cea,25223,563,2025-09-25
e1165120,19987,291,2025-09-19
4902e5c1,29708,136,2025-09-30
ea7a6fb3,38931,281,2025-09-22
07e3f2b2,10811,914,2025-09-13
acd699b7,26658,197,2025-09-12
90f0e139,42868,788,2025-09-16
ad1d0905,87736,226,2025-09-26
cb98949c,43788,742,2025-09-12
a7ceb309,53616,308,2025-09-28
08876341,88774,345,2025-09-08
10bd8d71,64534,428,2025-09-12
d8a35508,28779,868,2025-09-18
398088b0,85412,128,2025-09-27
a40202d0,94975,921,2025-09-10
47831644,42942,637,2025-09-01
8d02c80f,92936,132,2025-09-29
ad8e8dce,67467,952,2025-09-16
4be8a577,98756,403,2025-09-24
e2b6719a,80794,590,2025-09-29
5a5a1249,76652,650,2025-09-06
e9108256,47591,574,2025-09-19
c8fb7759,18983,951,2025-09-01
fbf9c3fb,54392,308,2025-09-17
2e5272cb,11073,381,2025-09-04
50aec073,94598,974,2025-09-06
84b0b62d,27961,984,2025-09-20
6593ce1c,89264,550,2025-09-04
2dd6965a,65361,311,2025-09-30
45802743,26082,55,2025-09-11
ed278f3a,99435,729,2025-09-27
e5c3a365,18237,589,2025-09-30
e0e0e70d,60934,447,2025-09-13
9a3dae0e,11635,609,2025-09-18
a02c99e7,91331,889,2025-09-13
9623e27f,60706,240,2025-09-13
15b891d6,34991,847,2025-09-25
9e5a415a,54902,918,2025-09-07
537bf84c,90182,195,2025-09-29
22cb550b,61479,844,2025-09-16
e4b61440,23583,743,2025-09-28
3c18b32d,86135,421,2025-09-19
2090199e,43613,379,2025-09-27
fd6a125e,33992,372,2025-09-17
d19fc10e,49454,494,2025-09-05
595d1f1d,71752,511,2025-09-19
a9e68797,51441,811,2025-09-09
756f61d5,39077,168,2025-08-31
6aebe58d,25063,715,2025-09-05
f8101bb2,15103,688,2025-09-11
ccf28f0e,78264,611,2025-09-01
aee08007,19304,587,2025-09-16
6cfb63aa,48267,765,2025-09-04
68aac39c,91649,904,2025-09-01
03b139d9,61220,141,2025-09-24
c62f77c4,63819,477,2025-08-31
a708960f,73281,46,2025-09-20
2e3d5c67,67275,466,2025-09-10
4a833281,34502,558,2025-09-01
a66ad90f,94983,682,2025-09-13
e614bdd1,74703,386,2025-09-15
d86c7cda,99628,713,2025-09-02
6d9aab2b,96556,839,2025-09-13
5e76f292,53052,253,2025-09-27
d5d6ec3d,65536,939,2025-09-22
f998a631,50084,67,2025-09-19
127282bb,17466,541,2025-09-28
d65b0b85,97049,201,2025-09-26
3c735bbc,78741,176,2025-09-27
efde2964,84391,673,2025-09-06
b628efde,11921,536,2025-09-07
1e6a8451,80207,60,2025-09-25
19e04897,91326,347,2025-09-01
824bc2be,79597,112,2025-09-27
7f989c3e,67095,524,2025-09-13
cbd2bef6,64315,957,2025-09-14
ae9966cd,32472,967,2025-09-03
e0fc8e8b,37616,501,2025-09-01
32c49cbe,56922,639,2025-09-13
5d83d9d0,41696,127,2025-09-22
d4208cd5,97281,330,2025-09-03
19b0954c,79247,113,2025-09-22
1d740cf3,27651,534,2025-09-11
304968fb,16545,512,2025-09-10
12956fd1,17220,179,2025-09-15
7f76bc02,88914,203,2025-09-14
f21a3a34,44926,512,2025-09-03
db08dcfd,96228,707,2025-09-18
3f25513a,62239,405,2025-09-02
e4cfc096,19437,685,2025-09-27
66d7fa79,48528,351,2025-09-11
0e2d8a6c,89485,562,2025-09-21
f719d349,99364,981,2025-09-07
3d7dabab,46179,757,2025-09-24
4a78eb2f,11224,961,2025-09-29
d976cb3a,85175,263,2025-09-30
6129b94d,44021,548,2025-09-23
cae09318,35417,961,2025-09-13
232ecd64,50062,109,2025-09-26
875c7c99,17312,842,2025-09-04
b428d47b,76132,344,2025-09-20
81c69d47,42473,908,2025-09-08
3f056f86,37673,328,2025-09-04
2608a141,52136,408,2025-08-31
e8a026f6,39272,615,2025-09-23
004b29c1,67247,130,2025-09-15
8e50d04d,92156,936,2025-09-19
4faed237,58263,197,2025-09-28
9e39b6d1,89221,346,2025-09-29
def168f0,70356,661,2025-09-05
32b751cb,83042,433,2025-09-10
7ba63d54,42667,628,2025-09-20
d9d910f4,58796,157,2025-09-09
e03ce864,13028,317,2025-09-09
14f51edb,45174,959,2025-09-13
b60faeeb,27378,21,2025-09-05
9229cb0c,47124,365,2025-09-07
5b141a01,41322,998,2025-09-16
9ebb6a0c,20524,153,2025-09-11
54cf38cf,66294,189,2025-09-14
3f51f750,67807,518,2025-09-27
e27e74ee,89451,133,2025-09-14
27e37f65,48360,513,2025-09-19
ef6c4a04,30105,11,2025-09-10
c648d50b,32059,411,2025-09-05
e83504c8,23452,760,2025-09-28
3289aa4d,33358,836,2025-09-25
11eaa661,24277,829,2025-09-07
38b4f13f,34900,157,2025-09-13
d2c66e24,25213,365,2025-09-28
91aa765a,98378,128,2025-09-18
880a677e,60933,802,2025-09-11
a3d73f65,70822,933,2025-09-22
286b9220,83952,877,2025-09-06
2aac988e,49768,246,2025-09-23
ff367043,23396,412,2025-09-08
4503e738,32206,733,2025-09-12
806c2e7f,20832,839,2025-09-08
5d15edac,10693,978,2025-09-09
9d2e6bfa,83789,693,2025-09-18
0f230f48,41652,191,2025-09-29
380453e7,49980,223,2025-09-11
49cd3d5b,95214,790,2025-09-21
6e0a4454,10574,570,2025-09-15
fe5fefcd,96113,996,2025-08-31
bce37d06,66035,37,2025-09-08
0d23af75,27590,741,2025-09-28
b4b12430,83496,208,2025-09-16
0ffc01e6,32309,309,2025-09-26
f8a3ba7c,24092,434,2025-09-24
23d32bdd,69991,11,2025-09-17
982d814c,47514,961,2025-09-22
22cea6fe,31646,192,2025-09-06
b79feb5e,43442,974,2025-09-09
77081c37,40634,663,2025-09-27
4ff30769,89828,448,2025-09-22
c11a0e64,45752,202,2025-09-20
8ed52c0e,49432,459,2025-09-26
5b85eb0f,68828,844,2025-09-10
59022a52,45239,166,2025-09-18
75d458f6,48745,239,2025-09-25
8b391400,47537,378,2025-09-11
5c54d13d,79198,320,2025-09-06
5822f318,96372,609,2025-09-03
7bc00684,32751,690,2025-09-10
bb6b3c81,35618,693,2025-09-16
4b9c54ef,54051,540,2025-09-18
3f5c41ad,17468,21,2025-09-13
72fc646f,60387,544,2025-09-10
9ea49e6f,77512,944,2025-09-13
42fe14d2,39998,301,2025-09-25
11c54192,50254,35,2025-09-11
f149cdbc,20031,573,2025-09-04
c1d980d7,71886,791,2025-09-13
fd510cc2,20365,274,2025-09-06
a32f07fc,67177,18,2025-09-28
3524f8f6,54412,420,2025-09-01
21c0e15c,16748,897,2025-09-20
906fdca7,33984,24,2025-09-27
cfb4f101,39264,789,2025-09-17
d61c863f,16616,360,2025-09-02
c8d7c0b2,76865,89,2025-09-26
c9be907f,70365,460,2025-09-17
0464df57,95491,457,2025-09-22
3263ec27,38986,806,2025-09-03
b1f018c9,50195,938,2025-09-01
fff4e7a1,29228,985,2025-09-23
809609eb,31946,241,2025-09-30
ea7bb18e,74000,254,2025-09-29
495a57f1,86182,369,2025-09-14
3a8eb79c,63053,207,2025-09-17
529c8f87,13861,601,2025-09-23
70352ff8,27045,741,2025-09-16
bead432a,92046,271,2025-09-28
314f2a50,63640,70,2025-09-20
f07adc6a,43666,769,2025-09-17
4a3a97d5,26000,148,2025-09-26
f18880a3,53877,546,2025-09-17
e5701912,32901,800,2025-09-01
1e85bbaf,78252,410,2025-09-09
b479e7bd,83899,47,2025-09-24
784ff492,32966,125,2025-09-30
29009d55,54720,982,2025-09-14
665a647b,82786,757,2025-09-28
2504e78e,96145,989,2025-09-28
11fa73f9,95646,925,2025-09-16
94f6dde1,15488,679,2025-09-20
30ecdb76,54339,766,2025-09-10
1d0c4217,64285,915,2025-09-23
c5d33042,68265,230,2025-09-13
1708ad52,68140,336,2025-09-20
c9fac7b6,41893,756,2025-09-02
e82c4310,41681,659,2025-09-10
5dcdc01b,62994,155,2025-09-03
b2737a31,79064,668,2025-09-15
5ce5c5d9,25046,63,2025-09-05
673a151b,48085,36,2025-09-29
97267aef,72382,530,2025-09-04
03a6c7bd,11417,152,2025-09-13
057cfdd8,13114,850,2025-09-20
666d931d,64616,235,2025-09-27
07dca3b9,45079,135,2025-09-06
10b110db,39624,592,2025-09-14
ee13ff74,19886,126,2025-09-30
2da2e698,58687,331,2025-09-09
d85e4398,68989,51,2025-08-31
f20256dc,40148,80,2025-09-20
3536c0db,80620,77,2025-09-23
8c2c963b,58832,173,2025-09-19
fae7d98c,83024,778,2025-09-10
ccf1fe66,60974,305,2025-09-04
ffb3d55d,17280,110,2025-09-19
f4786349,83262,506,2025-09-17
e3514773,63899,19,2025-09-12
f6013f11,10535,918,2025-09-27
2585af4b,39365,180,2025-09-18
cf3986de,87772,421,2025-09-28
f2a2f945,48067,126,2025-09-06
c5cde8b7,99298,367,2025-09-14
fb4297d4,43556,71,2025-09-21
c7cc398f,76172,648,2025-09-05
2e6c0f2b,84144,920,2025-09-07
89d1c394,29537,269,2025-09-24
fb9bbeb3,27796,15,2025-09-08
93cd72f0,30710,126,2025-09-07
4e2b936c,72107,277,2025-09-16
4e3a6013,64564,967,2025-09-13
7c1ee6eb,24493,166,2025-09-22
2b5dadbb,97234,284,2025-09-28
c0b9b1bc,36501,434,2025-09-10
2c827b73,61328,144,2025-09-20
7ea1dcdd,34952,852,2025-09-20
31ad985d,86967,65,2025-09-02
60074e59,48984,480,2025-09-01
5362a718,29114,183,2025-09-04
a56b78f0,42822,57,2025-09-13
85b8786e,23125,997,2025-09-06
c23628ee,31176,138,2025-09-27
287ed706,36525,679,2025-09-21
9d5ba83e,61839,391,2025-09-10
9feb5261,90025,999,2025-09-18
da22dfe5,79721,128,2025-09-28
3c63c1e2,53010,630,2025-09-28
4c396254,42582,320,2025-09-13
6f44ce5b,15998,972,2025-09-24
ecff7619,68498,570,2025-09-20
3c496f48,17970,709,2025-09-23
946f3d8e,61876,356,2025-09-19
60e1e5d1,84775,792,2025-09-04
9a415bfc,54813,899,2025-09-01
99cf939c,27433,616,2025-09-02
6733858a,95649,876,2025-09-21
1857330a,49087,303,2025-09-12
ffbd3eae,83784,588,2025-09-22
15595315,13843,349,2025-09-21
7b8a05d3,90048,600,2025-09-14
26120252,93920,739,2025-09-02
27e08dc8,15308,1000,2025-09-27
b251a7ab,32900,664,2025-09-05
1a30b4fd,98897,988,2025-09-03
8fc6873c,82416,231,2025-09-17
71e1b73a,95397,967,2025-09-06
c0ca36b6,66381,836,2025-09-25
fe6af08d,16067,521,2025-09-25
1d23b2ea,57911,475,2025-09-29
5ea2047a,75328,774,2025-09-18
55a7fb13,80904,881,2025-09-29
bfdd05e3,42470,369,2025-09-11
8e526ec5,71203,837,2025-09-01
b0c7b8f5,66809,941,2025-09-26
3bf43e74,19999,3,2025-09-12
6cd0dd8a,10753,349,2025-09-19
0bde23e8,33740,216,2025-09-14
ce3d854a,61466,579,2025-09-01
e2885aee,88007,81,2025-09-11
83753d77,93827,65,2025-09-27
3e901cfb,72160,731,2025-09-11
06c40176,35397,653,2025-09-25
bb0e0dc5,12594,839,2025-09-16
25818f7d,23331,64,2025-09-14
7c00b8ce,39668,757,2025-09-13
1001dc5c,98425,495,2025-09-15
ac66983b,13439,733,2025-09-25
a3eb1e28,67243,439,2025-09-16
7b3c5650,29515,306,2025-09-28
a027532d,76260,234,2025-09-17
69d55e8d,38313,179,2025-09-15
a51c5e8a,71681,130,2025-09-30
7e6264c9,15527,58,2025-09-21
d83c312f,84782,616,2025-09-03
3a32fc89,47306,312,2025-09-20
f51411b9,17718,709,2025-09-16
317299dc,10569,871,2025-09-23
4c8dda1f,55466,838,2025-09-10
f235c5f7,87693,300,2025-09-13
8491f3d0,38184,80,2025-09-28
263c3f2e,69606,612,2025-09-04
1d926359,72578,611,2025-09-05
e438cfc8,71138,101,2025-09-20
dcb09e59,24791,361,2025-09-24
29028cd8,10400,768,2025-09-24
07d3501f,38142,853,2025-09-27
a21a6e0d,78996,685,2025-09-10
1e00834b,26039,305,2025-09-25
0b641bf7,83649,938,2025-09-25
1f4905b5,28902,865,2025-09-07
241939d4,71038,877,2025-09-15
1065e3a2,73238,789,2025-09-06
63f63871,70443,948,2025-09-08
df604a2b,30314,168,2025-09-08
72de55f0,87731,29,2025-09-19
48faf2af,91690,272,2025-09-05
461c0625,32436,551,2025-09-07
11e59afb,70300,664,2025-09-20
829e728b,34918,414,2025-09-25
48516fdd,38576,356,2025-09-21
f0e910fe,92137,759,2025-09-18
8ed893c6,15081,505,2025-09-20
28b87128,53761,950,2025-09-30
5305db81,46529,138,2025-09-11
514e3fb9,29204,715,2025-09-30
ef41be7f,56185,761,2025-09-25
35884189,33650,930,2025-09-17
de7a341c,11336,164,2025-09-25
fa41fc44,93787,348,2025-09-19
89030f4c,87227,445,2025-09-19
05f2aa0f,35064,6,2025-09-15
01eb7cca,12742,90,2025-09-17
3a21fb97,25040,915,2025-09-25
fcfc49a0,93478,996,2025-09-21
c17781eb,72424,126,2025-09-05
fb21a6e9,98552,67,2025-09-30
45143db3,46431,590,2025-09-12
c0144867,22776,429,2025-09-01
3e947b77,71618,21,2025-09-29
d48cbeec,25235,244,2025-09-13
33802009,96873,917,2025-09-07
f882326f,20289,195,2025-09-03
ec0c7c47,37223,283,2025-09-08
d35e2a30,52785,258,2025-09-04
f37bb318,25631,788,2025-09-15
db0d57db,55913,99,2025-09-10
f5433a51,75873,658,2025-09-04
82c8f960,81020,422,2025-09-19
e3561f86,26129,110,2025-09-29
ba7dfead,62136,987,2025-09-30
2e5d3ab4,66596,331,2025-09-23
5928f3df,67251,314,2025-09-18
fc0726c3,71864,871,2025-09-30
1d88b14f,91100,212,2025-09-08
47eb2c64,70855,494,2025-09-22
b94b916a,96095,269,2025-09-21
d6215ca9,40604,686,2025-09-04
02157cad,14020,863,2025-09-29
dd647028,54518,49,2025-09-13
640cf8a0,61363,410,2025-09-22
c786d155,99886,403,2025-09-20
76117ed3,70792,399,2025-09-03
49ff8c1c,61165,228,2025-09-14
9d40c7fb,38907,243,2025-09-14
7dde4c52,36779,509,2025-09-25
3acefa0a,88215,522,2025-09-07
e0289ad5,46781,272,2025-09-13
4c856428,38892,523,2025-09-26
be920a30,11357,562,2025-09-23
0d759629,82906,898,2025-09-24
ac550a76,39352,864,2025-09-27
c794668f,77306,671,2025-09-10
eef43c94,12286,467,2025-08-31
7ec4d24d,19370,116,2025-09-12
bb0e7239,45491,880,2025-09-18
859b91a9,62386,487,2025-09-20
cde97287,37013,343,2025-09-12
3088d35e,55410,564,2025-09-11
82c01ad5,98793,803,2025-09-20
b50610d2,63987,392,2025-09-17
6c7abb79,90900,572,2025-09-08
0bdeaad2,13483,353,2025-09-13
9df8ef5b,96494,498,2025-09-03
947f94a2,85895,78,2025-09-25
a876942a,19806,855,2025-09-11
0874064e,59851,236,2025-09-16
d7da5a12,38642,612,2025-08-31
6eb9f1b2,40267,628,2025-09-01
46bb4b7a,21582,183,2025-09-25
75839255,48982,44,2025-09-30
eceb00a2,96369,346,2025-09-30
b5b7445f,85927,725,2025-09-25
fa6a3749,60353,622,2025-09-17
9a29123a,43990,305,2025-09-01
da9d02b4,27243,357,2025-09-30
872816db,72893,271,2025-09-28
1b90cd1a,43453,167,2025-09-11
3ed37ac2,78445,663,2025-09-12
056a4270,26049,105,2025-08-31
39c81920,30415,863,2025-09-17
39f0a3b9,10974,338,2025-09-01
9b4790d1,96232,585,2025-09-08
732d761b,62933,338,2025-09-16
7bbe97ab,74536,317,2025-09-24
e7a30dc0,22906,840,2025-09-16
06d77f66,27391,454,2025-09-17
cd40e68a,13846,9,2025-09-28
856520ca,76982,500,2025-09-28
4354c562,15215,362,2025-08-31
8f6728d1,77680,907,2025-09-09
75237cb8,26939,142,2025-09-17
08a2997e,35583,5,2025-09-25
a226115c,69410,43,2025-09-27
2cca0bb8,12792,269,2025-09-22
381791f7,76231,429,2025-09-27
b90e9cb7,60545,299,2025-09-22
8c1a25a6,13031,905,2025-09-18
9077d0eb,23035,205,2025-09-20
5f088b7d,44826,91,2025-08-31
3441ec52,81341,160,2025-09-21
3bf2c4f8,94586,117,2025-09-27
2c53edb6,40111,947,2025-09-09
a2379a0b,33335,346,2025-09-14
d38c6f33,56749,525,2025-09-27
a19b62d8,48503,337,2025-09-01
b83e4121,99141,595,2025-09-22
86bb6a08,78695,87,2025-09-21
bd36ee02,52914,858,2025-09-02
e0001bc5,42161,295,2025-09-29
9f303e6e,94791,66,2025-09-10
34f38d53,61815,211,2025-09-09
8ee963f5,77736,714,2025-09-29
b8c36a3a,91163,222,2025-09-21
44434111,83879,768,2025-09-09
99518352,23256,83,2025-09-16
dd8fe4c6,53946,646,2025-09-17
a189393a,31910,657,2025-09-20
49d45fe6,35722,517,2025-09-01
2cfbbe59,77551,352,2025-09-10
2c8ae411,49677,631,2025-09-24
b652b006,64530,487,2025-09-21
f897bf21,82884,21,2025-09-20
57d60e3a,28878,517,2025-09-12
b6c14663,11397,377,2025-09-11
5699a004,61196,524,2025-09-05
4e0e2cda,18432,852,2025-09-02
82262329,52995,544,2025-09-20
3756a932,16890,997,2025-09-21
bbb75b9b,34627,941,2025-09-02
ac7f2eb9,92555,1000,2025-09-08
9dc8b36e,82196,276,2025-09-29
dd5804c4,57449,756,2025-09-22
836b58be,32970,65,2025-09-14
0128b762,27056,758,2025-09-08
08bd6a3b,75066,160,2025-09-04
4e293e61,61259,482,2025-09-19
94decd99,52035,289,2025-09-29
79ff6121,90268,925,2025-09-05
b406a133,97115,631,2025-09-23
a01e4aae,64753,928,2025-09-20
e288fb5a,86734,544,2025-09-06
d1df4cd6,41441,14,2025-09-17
d8640373,99465,280,2025-09-21
179ef048,29363,838,2025-09-15
f1fc7186,51952,738,2025-09-15
f8138f1e,15712,565,2025-09-23
8253fb89,11675,693,2025-09-09
362aaa25,76918,470,2025-09-22
ad6ce83c,88495,368,2025-09-24
4b7cba89,77063,214,2025-09-01
f7f8bc7e,61468,198,2025-09-23
e6488305,40031,664,2025-09-29
4765096c,20365,499,2025-09-02
d0a2de54,11207,944,2025-09-02
c27875dd,68185,551,2025-09-24
93642532,93683,734,2025-08-31
5715f9f4,67129,270,2025-09-29
bbbfe123,30308,253,2025-09-06
4d3e84dc,53548,653,2025-09-07
74798e4d,53499,835,2025-09-22
c4ec25fe,44408,146,2025-09-23
336b3af5,89181,448,2025-09-04
d2d4f866,17571,627,2025-09-01
67861294,67786,650,2025-09-17
182f1ef5,19323,620,2025-09-07
8e2287e1,78459,311,2025-09-12
75f82170,95323,355,2025-09-22
4ba8de5c,99074,837,2025-09-05
891224f7,26840,859,2025-09-30
1d8bf955,21114,249,2025-09-15
33c07b4a,58525,165,2025-09-24
196ded1a,39549,514,2025-09-27
ab358ecd,77578,109,2025-09-19
699a1112,40083,299,2025-09-11
6b4de557,32743,122,2025-09-27
e140a888,61881,761,2025-09-27
5ef2c3a5,46895,135,2025-09-18
0cc3fdd4,35350,402,2025-09-07
be7595e4,54769,790,2025-09-28
0def120a,12841,991,2025-09-18
d9d14bad,54157,557,2025-09-27
eef990d6,87076,260,2025-09-17
14510b65,24683,621,2025-09-19
b9d5fe99,21819,226,2025-09-11
dad363d3,36178,112,2025-09-27
baa4e994,96810,533,2025-09-07
e21046f7,83261,173,2025-09-02
dcecb224,33085,458,2025-09-16
daebefe9,13827,918,2025-09-25
e699a63c,63579,771,2025-09-07
530acab9,41244,378,2025-09-13
188c1a4d,59180,347,2025-09-15
3c04e122,18375,474,2025-09-08
18ebe76a,18158,361,2025-09-07
aa144f6e,27415,507,2025-08-31
136a1250,46624,50,2025-08-31
6851fcb6,47544,902,2025-09-17
89f57478,56386,821,2025-09-15
f8964cce,90934,788,2025-09-09
7714f56f,77818,403,2025-09-27
563f4074,32657,375,2025-09-05
f89b32f0,62253,858,2025-08-31
5d8d84ec,30756,118,2025-09-18
eea89b82,72725,806,2025-09-07
8ae88c66,33371,285,2025-09-03
81293cd9,47833,688,2025-09-02
3a1637f1,14908,621,2025-09-04
2647e404,18885,635,2025-08-31
e18eacc1,35941,780,2025-09-01
889286d9,74982,367,2025-09-02
ad8ea261,22852,257,2025-09-16
2f13bcf1,40420,462,2025-09-26
a570cc5b,40515,68,2025-09-27
12bc9fa4,17464,18,2025-09-20
65bd4e95,22485,324,2025-09-11
5d7f5228,88995,600,2025-09-04
f15cf56f,50699,508,2025-09-19
397ec7ef,92830,367,2025-08-31
b41cd45b,87420,584,2025-09-14
a9204902,84912,528,2025-09-09
525285fa,12808,807,2025-09-01
8c0a3716,68306,342,2025-09-03
9fb87c61,83214,855,2025-09-07
e909dc43,12095,898,2025-09-15
669a5ee9,37800,988,2025-09-03
dde9ed29,66075,744,2025-09-26
32874d77,80326,674,2025-09-15
20066744,87735,207,2025-09-25
d9950b11,53777,29,2025-09-14
cda384dd,80029,423,2025-09-06
4460c76b,86416,891,2025-09-05
670074bd,39269,951,2025-09-11
6bb534a8,96154,550,2025-09-14
86f48bfe,16250,720,2025-09-29
556a5d1c,15156,68,2025-09-06
a104432a,59525,210,2025-09-24
62d75104,98027,488,2025-09-18
c1af3cee,74138,584,2025-09-11
eefbb0b3,17537,89,2025-09-01
b413b646,66098,741,2025-09-26
78ce91cc,67701,202,2025-09-15
f7e6203f,91702,359,2025-09-26
905f0bb2,99904,391,2025-09-02
2d9fd91e,86879,146,2025-09-20
6e5d7411,89665,339,2025-09-20
5c3e0460,58674,436,2025-08-31
22fcdb1e,84055,88,2025-09-23
fe9f8af7,14909,468,2025-09-13
4dc97d4b,22463,663,2025-09-15
1b9b336b,97315,238,2025-09-03
71a9dcf6,72321,578,2025-09-07
fb884026,39637,529,2025-09-30
ad5f1977,48205,820,2025-09-19
842a8054,52287,268,2025-08-31
47f21674,34433,806,2025-09-13
68ad084c,10752,765,2025-09-06
b1896cc3,98002,622,2025-09-12
853b2567,63141,21,2025-09-20
a78795fd,26626,777,2025-09-14
54fca171,52702,376,2025-09-16
19fe696b,13882,789,2025-09-30
f3b7dd09,74255,672,2025-09-17
5d8c7f96,73705,473,2025-08-31
42991267,42479,687,2025-09-07
02415feb,45480,296,2025-09-18
13199cc2,93602,702,2025-09-20
eb7761d0,74385,359,2025-09-25
137f77dd,84254,827,2025-09-04
a6f70a70,21013,302,2025-09-25
8a5e65c5,68567,873,2025-09-19
f409ead3,49358,974,2025-09-13
ff897f88,49418,731,2025-09-11
d1aecbf9,13550,51,2025-09-09
5d1c00e8,81618,479,2025-09-23
7341e87a,91593,629,2025-09-02
9725a98d,56910,611,2025-08-31
62630179,94772,74,2025-09-05
6af7ff99,98991,194,2025-09-30
0de769b3,66696,581,2025-08-31
b95b9a81,27131,851,2025-09-22
1408b0c2,76487,82,2025-09-14
1c45a118,82495,657,2025-09-09
c5e5076e,84909,433,2025-09-27
3e7b66a1,96245,565,2025-09-22
1371c10c,65239,986,2025-09-02
126a4a32,80493,112,2025-09-30
bd855c4c,32226,103,2025-09-04
9f0d1ca2,35086,337,2025-09-17
606f3087,12006,857,2025-09-15
cf7ff728,40937,347,2025-09-02
bf496e58,23524,982,2025-09-20
e4e048f8,54304,189,2025-09-13
bd0598e1,63877,184,2025-09-26
b2a27f11,30176,679,2025-09-01
b9b1ef15,82364,663,2025-09-21
9f430f59,14864,425,2025-09-01
fb0fa804,79360,920,2025-09-23
0d4eab34,90791,378,2025-09-06
bd22f293,16347,160,2025-09-06
4d586ae8,52734,377,2025-09-16
b07c8ffc,30457,414,2025-09-26
6c861e58,55175,288,2025-09-21
0509bcc5,67537,892,2025-09-13
d723d8f9,85490,964,2025-09-03
1bf23193,87594,999,2025-09-10
998a1f22,38870,543,2025-08-31
166c3748,56618,770,2025-09-20
14db6327,69132,898,2025-09-15
87f02776,17726,953,2025-09-28
c77ccced,63945,451,2025-09-19
1489195e,89647,431,2025-09-28
68c908ae,11443,674,2025-09-13
aacbf790,93050,892,2025-09-17
744c8db2,57031,758,2025-09-11
8aba8b81,40865,436,2025-09-26
13760937,13872,871,2025-09-27
f6f455e6,66655,29,2025-09-04
606ab820,35730,972,2025-09-04
be158fe7,27548,411,2025-09-30
e8e018db,37807,704,2025-09-16
165916da,16428,237,2025-09-17
ebebfb17,38345,392,2025-09-20
0cfc755e,69177,308,2025-09-01
45d76e03,37394,544,2025-09-26
82274203,12138,225,2025-09-16
abaf3b28,61829,599,2025-09-27
4bde7621,40181,340,2025-09-15
4da8ad72,25042,396,2025-09-12
278e0426,93559,136,2025-09-20
5960403f,62995,729,2025-09-23
638207dc,58578,773,2025-09-29
1d0efcca,66735,987,2025-09-23
deb62e87,17423,285,2025-09-21
714fd482,30116,504,2025-09-10
4d36a45d,92075,322,2025-09-28
0a073436,35340,19,2025-09-22
ddc46b7d,51978,709,2025-09-11
b36bf48b,98818,885,2025-09-09
19bb5ff9,76519,675,2025-09-09
2e97bf14,81141,891,2025-09-20
415a43c5,27789,640,2025-09-05
ec494491,77792,478,2025-09-25
b16b4345,38070,557,2025-08-31
9181734f,78469,834,2025-09-27
f69a600b,50824,719,2025-09-30
d9e758d1,81865,234,2025-09-17
082973e7,65823,835,2025-09-06
abb4a189,65843,35,2025-09-05
61bdcd7a,48546,4,2025-09-10
a265e7d4,16337,792,2025-09-14
8c6a635d,87399,76,2025-09-04
af582339,81750,590,2025-09-09
c0976fc7,56355,343,2025-09-30
98f7ebc5,13867,613,2025-09-18
0d4d9bcf,87205,832,2025-09-08
9b607630,46738,598,2025-09-10
0ffec040,84128,297,2025-09-03
bcea256f,75341,561,2025-09-21
a54a1488,37310,211,2025-09-03
2a1c40dc,85943,765,2025-09-24
0ca6417a,35404,840,2025-09-03
7b873dde,14475,704,2025-09-27
3fb7ee23,93110,279,2025-09-27
d4b57be1,88232,381,2025-09-06
f9648443,49797,145,2025-09-10
4b268dd8,10413,24,2025-09-26
b8c136aa,16150,511,2025-09-01
437c3276,89432,753,2025-09-15
0577c144,94837,777,2025-09-14
3f8f17c8,43483,788,2025-09-27
8837e174,46191,38,2025-09-03
e23fb42e,77254,802,2025-09-11
f369a2eb,90140,454,2025-08-31
b77528d7,35255,665,2025-09-28
4a416273,38322,965,2025-09-18
5bbbaaf3,71781,719,2025-09-07
7a18bd7a,93299,934,2025-09-07
d0f3511a,52230,627,2025-09-28
aeabd112,72257,6,2025-09-20
4fc8be57,32719,494,2025-08-31
da477656,39531,722,2025-09-29
970bffd6,35424,874,2025-09-27
115665f7,21038,90,2025-09-22
60894fc8,53405,83,2025-09-28
e3a06bec,59295,121,2025-09-28
a812c2c8,42871,699,2025-09-14
9636eeb2,92698,267,2025-09-29
fa6f4301,31233,347,2025-09-23
9140437f,77966,860,2025-09-11
76b9c8fb,84179,858,2025-09-20
67cc455f,16171,134,2025-09-02
4b326c65,60353,813,2025-09-02
ab0cbd18,10658,213,2025-09-14
8e9ea02c,45785,103,2025-09-17
4d0ad249,49463,730,2025-08-31
00487b8a,47010,73,2025-09-23
0eeb80de,31104,306,2025-09-19
f108c65c,48618,506,2025-09-18
7cab3874,13719,394,2025-09-17
6c52a4dc,99908,597,2025-09-22
dbc44f22,35934,269,2025-09-27
efafecfa,72484,801,2025-09-23
d105ce17,48972,781,2025-09-20
21dc681f,96394,783,2025-08-31
299c011a,66656,277,2025-09-06
5fa409be,20423,573,2025-09-03
86dcacdb,62635,72,2025-09-23
991d9bb6,57335,121,2025-09-08
c4056277,24824,841,2025-09-04
c04af5cc,26017,703,2025-09-30
5fe926c7,27404,815,2025-09-26
b2b8911e,11161,357,2025-09-06
35c342d2,94794,846,2025-09-01
b65ac0c5,69759,434,2025-09-27
a96a7d0d,49656,607,2025-09-24
9f5fac1a,34884,187,2025-09-15
293fd6e2,65283,235,2025-09-26
09fe9886,16012,120,2025-09-16
ba2f8510,36551,618,2025-09-14
0a8ec2da,82702,93,2025-09-21
11e09994,39988,760,2025-09-18
b796d597,47196,193,2025-09-30
4abe483e,37903,264,2025-09-05
cc99059b,55678,316,2025-09-25
0341ea3f,27346,502,2025-09-17
73f858cf,87764,813,2025-09-08
41e761b6,32081,95,2025-09-03
7628d6e1,87406,16,2025-09-12
ac25621a,84418,762,2025-09-07
3b45a9a3,72511,55,2025-09-08
0a2f903b,43856,886,2025-09-18
da90839e,97503,278,2025-09-21
c637b7c0,30313,871,2025-09-10
493a1001,90784,757,2025-09-03
e0550655,43550,436,2025-09-05
40e7774d,69959,98,2025-09-04
a50d037f,70199,158,2025-09-05
627911a0,14127,494,2025-09-30
f644c8ab,31734,996,2025-09-09
dba0dec2,91101,770,2025-09-09
96efcfe4,70054,93,2025-09-04
d161f22b,96052,712,2025-09-25
2bcc9d1c,22861,567,2025-09-18
77f1fda8,48530,299,2025-09-30
69eb059a,45322,332,2025-09-11
4a1f0fea,90244,925,2025-09-11
72a92828,69025,62,2025-09-11
bd0c6a68,78158,424,2025-09-17
7b1b547d,91147,228,2025-09-26
85d924d0,52448,992,2025-09-05
5721b4af,20963,321,2025-09-21
a70edbfc,24185,690,2025-09-17
8a368dfd,66192,360,2025-09-08
773d35cf,79213,967,2025-09-06
f9021283,17169,949,2025-09-18
1f776733,14533,621,2025-09-19
337fac3c,39847,356,2025-09-07
3013978f,38049,22,2025-09-21
76f1f502,22051,21,2025-09-04
1139e034,30283,867,2025-09-08
c2031ad4,81816,441,2025-09-20
3a66fc9a,42959,557,2025-09-18
ba115290,29972,247,2025-09-22
b499fc39,65508,852,2025-09-27
15233510,98095,278,2025-09-21
36fb6aae,59321,348,2025-09-21
00b818bb,10054,157,2025-09-11
9d0948ee,95211,228,2025-09-28
966c30be,70438,488,2025-09-07
2f1a88dc,56606,366,2025-09-23
7196f849,57593,173,2025-09-29
774f4e00,55973,203,2025-09-04
b262b94c,46744,717,2025-09-12
6ba46b7e,37390,802,2025-09-18
1e93c41f,59910,39,2025-09-28
6e17e70b,54785,458,2025-09-14
6c2f7c7f,57944,898,2025-09-19
ce2ca696,32863,131,2025-09-03
35df5234,41029,445,2025-08-31
5149a45b,63582,804,2025-09-05
9ded3221,93270,382,2025-09-01
1fdc7e12,41087,343,2025-08-31
b3ae1468,91067,425,2025-09-26
4869746a,97806,731,2025-09-16
30b2b33e,21239,924,2025-09-25
b55e75c8,55090,389,2025-09-20
3095a164,90711,421,2025-09-03
045e9b91,10302,812,2025-09-30
0fec5be6,60497,81,2025-09-06
e1bb0c33,11664,386,2025-09-12
8147362d,67002,889,2025-09-28
6cc7e8e7,28417,278,2025-09-24
96d91ff2,51150,170,2025-09-01
b603d3d5,11092,965,2025-09-07
742d5b8b,31499,886,2025-09-26
b2e859d8,12753,188,2025-09-30
516ac1fc,89140,684,2025-09-19
50804559,85705,110,2025-09-01
66d9bf58,50778,289,2025-09-12
004b5ff8,80226,990,2025-09-09
d12f5c97,21369,167,2025-09-09
4b1607a4,71293,672,2025-09-10
ef30e7dc,56471,568,2025-09-19
5a5e545f,25427,796,2025-08-31
448616b3,12767,871,2025-09-18
8214b7ec,65552,24,2025-09-28
275f5dde,39050,798,2025-09-19
64dd8f29,81957,291,2025-09-02
2773ee53,58995,899,2025-09-30
1e589f35,79258,345,2025-09-24
4a04a420,13579,492,2025-09-01
83e07e96,31659,13,2025-09-09
d758d0ee,95439,550,2025-09-12
105b051c,46671,959,2025-09-19
605d8126,51872,888,2025-09-06
89969104,55114,403,2025-09-25
0ab2311b,35565,510,2025-09-07
7a1940b7,15887,684,2025-09-02
14a1a5ec,48335,805,2025-09-05
ea03539b,79647,868,2025-09-14
38d4d2be,57188,918,2025-09-08
6aba9fa2,47461,627,2025-09-05
35e8ecd0,39729,844,2025-08-31
48c4b368,11064,459,2025-09-27
fd37d1b0,27441,990,2025-09-12
21ed74d5,97892,54,2025-09-17
adea50ce,67049,643,2025-09-03
45dfd874,22647,141,2025-09-15
ac207543,96137,114,2025-09-28
8491fc29,90023,783,2025-09-15
f77c15e8,68352,97,2025-09-10
cd3a197a,95224,913,2025-09-25
409a0029,45058,426,2025-09-07
39ad03ed,16276,899,2025-09-22
ebdecd66,32688,309,2025-09-29
81c24363,64908,68,2025-09-27
667ac779,72148,25,2025-09-15
de2a8a4b,89249,793,2025-08-31
6b6a1834,30993,728,2025-09-01
1f45342d,82053,777,2025-09-26
c057cc25,65608,388,2025-09-21
9a7104b1,47855,196,2025-09-14
7958c978,38380,67,2025-09-27
4ed55156,75755,929,2025-09-20
4dff7b7f,28515,722,2025-09-25
9290d658,28434,161,2025-09-08
edd02e30,83819,136,2025-09-28
0e5eba36,96844,16,2025-09-05
1fea7a53,27541,960,2025-09-28
c7795307,64206,646,2025-09-22
7e50395e,17626,531,2025-09-29
2c3b053b,55296,844,2025-09-15
d62f9c35,82930,4,2025-09-26
5af6f233,21703,468,2025-09-04
15d123c8,56583,164,2025-09-14
df0a2670,19056,316,2025-09-13
8768ada3,83840,6,2025-09-27
d085435a,31119,433,2025-09-13
8e847bc0,84623,790,2025-09-15
e67498da,15738,733,2025-09-13
5eb02aff,89475,914,2025-09-24
7483ed75,53606,555,2025-09-22
8646462a,78472,289,2025-09-01
2af3c2bc,27539,4,2025-09-18
0c69e809,56228,521,2025-09-09
99116a89,34240,154,2025-09-29
6b6e9e8c,24525,213,2025-09-09
4f5eeac5,25922,42,2025-09-16
75b6ae9b,57639,18,2025-09-11
df4e70fa,98532,473,2025-09-10
750111b6,67569,182,2025-08-31
3b69f178,37226,487,2025-09-02
a997d3b3,31137,386,2025-09-06
c53fe9e2,42286,474,2025-09-30
9037c3fa,28492,57,2025-09-19
15421c38,10563,539,2025-09-14
98f123b1,99416,614,2025-09-22
366ca70c,37259,886,2025-09-22
13f75bba,96941,944,2025-09-05
a9efe6bf,43003,767,2025-09-24
1564b8c0,43882,249,2025-09-22
10b4eb5c,29297,401,2025-09-06
cb0ac96a,54493,828,2025-09-22
1c599a1f,29277,536,2025-09-18
95e59b64,59245,653,2025-09-06
fd5cd92b,28812,585,2025-09-14
858cfcce,10953,858,2025-09-27
a4470880,44746,134,2025-09-20
eb6f051d,56138,19,2025-09-08
8acee5ca,27770,290,2025-09-13
7087256f,39472,597,2025-09-11
300f3709,26590,937,2025-09-25
9f4e9a42,59181,627,2025-09-14
88d331d7,27745,450,2025-09-16
b6b7c684,80556,28,2025-09-10
aacc02e3,62080,445,2025-09-29
040ecfff,75591,499,2025-09-04
42c39e53,20891,802,2025-09-26
eb2c7ae7,88334,779,2025-09-05
606db4d5,90159,947,2025-09-23
fc2a1946,57842,370,2025-09-18
bd97d350,68059,763,2025-09-03
820e8528,16462,426,2025-09-14
01ec0d96,79361,90,2025-09-13
4d97b75e,74724,610,2025-09-03
7d4a739f,37834,478,2025-09-28
1be233cd,59687,860,2025-09-10
f2804882,45055,986,2025-09-07
0f0a451f,56551,731,2025-09-27
33eae5f0,77770,806,2025-09-19
9287da0f,17877,447,2025-09-25
0e1bddfb,18486,48,2025-09-18
bef4c203,48772,688,2025-09-14
c6807e74,81570,110,2025-09-09
31621107,79929,988,2025-09-02
b9e9cd62,50502,125,2025-09-01
bec0220a,58669,810,2025-09-06
91c6e578,34516,864,2025-09-26
4d5dfb12,89139,819,2025-08-31
832c0a4b,12637,1,2025-09-12
fe67ed5b,77243,482,2025-09-29
159e863c,73290,946,2025-09-01
dd6efd6a,52063,53,2025-09-08
e542d216,52156,720,2025-09-17
c02022a3,59212,661,2025-09-17
85c667ef,13689,699,2025-09-17
c555e415,12410,752,2025-09-29
25c7613c,42565,736,2025-09-09
81e95b40,95630,730,2025-09-13
35deef6f,72784,716,2025-09-17
34e66570,13899,432,2025-09-30
fba5c7be,10647,105,2025-09-28
24c1b359,62476,463,2025-09-11
72c77116,69835,178,2025-09-07
f2e858dc,79983,111,2025-09-14
c6f5a685,23551,176,2025-09-06
9aae8fc4,25171,938,2025-09-16
e439022c,84557,301,2025-09-27
7e8b9662,54888,725,2025-09-02
cfe24f40,73535,579,2025-08-31
3b71188f,14883,79,2025-09-10
978f3463,26243,806,2025-09-20
bd751fec,75308,130,2025-09-27
8a0d55af,97251,31,2025-09-25
299e5596,20823,734,2025-09-19
51fadbdb,79175,515,2025-09-12
dfa03705,25753,709,2025-09-24
a5f7b86d,16197,859,2025-09-20
93640a2e,94042,336,2025-09-13
ad24b2b9,26263,373,2025-09-13
8a608138,67404,396,2025-09-01
1607bfce,64011,333,2025-09-26
b476fa20,46391,553,2025-09-10
93b3a7dd,50044,465,2025-08-31
83af21fc,35364,144,2025-09-23
b5fb2742,34812,379,2025-09-25
46202d86,93411,942,2025-09-09
875409ab,17773,842,2025-09-20
d6acdbd4,65263,449,2025-09-06
3a924676,39594,498,2025-09-19
4bbc01f0,33102,802,2025-09-25
87ca9473,85961,729,2025-09-11
ac0c86ec,77365,854,2025-09-18
af4ba555,86737,758,2025-09-01
0d56777a,96284,821,2025-09-02
7ec62c8d,18438,657,2025-09-24
11bd1410,31265,999,2025-09-15
25906f72,85427,229,2025-09-26
6419f8e8,30845,127,2025-09-06
e0a3bb66,95611,538,2025-09-14
755465e6,88336,256,2025-09-03
c595c5d7,19961,888,2025-09-23
57c9f548,96201,218,2025-09-28
35b27dcf,90482,207,2025-09-07
a7127ebb,48097,619,2025-09-25
a9fc5b73,97828,607,2025-09-22
70404b52,82369,949,2025-09-23
52d6813c,67840,531,2025-09-19
8025932a,60340,466,2025-09-10
8923a884,67094,46,2025-09-19
8fde6224,96555,560,2025-09-28
af68778b,17108,356,2025-09-14
7381429c,53828,579,2025-09-19
bfddd18b,94950,786,2025-09-22
08400ca1,50115,268,2025-09-01
b47aafcb,76708,345,2025-09-01
cd1f72a5,42105,210,2025-09-20
3b342e0d,85889,611,2025-09-21
65cbf40c,95544,622,2025-09-18
cffbb4cc,61527,344,2025-09-18
b28a1c65,27898,200,2025-09-12
a3bbad3f,34172,689,2025-09-04
d7a75649,13417,215,2025-09-10
915dac2e,79307,162,2025-09-14
300333aa,93349,339,2025-09-03
d7b406d3,85311,186,2025-09-20
5c423a99,98151,831,2025-09-18
11577502,86876,408,2025-09-05
89bf0b7a,95668,79,2025-09-12
a029b652,97212,121,2025-09-25
b04d0ce1,96722,229,2025-09-03
8cc086c5,29842,732,2025-09-14
512ff276,92134,154,2025-09-18
d0d100e0,87280,199,2025-09-12
83ff37cd,24386,428,2025-09-14
e3a19ff0,76857,540,2025-09-29
26f10ce1,55263,363,2025-09-15
156dbfab,89194,601,2025-09-19
6225bcce,25798,977,2025-09-18
8fd64c05,88827,31,2025-09-11
c65fa065,85394,240,2025-09-17
f3e3efcd,27387,180,2025-09-19
0adfca66,88439,216,2025-09-21
c5bca589,83062,77,2025-09-21
a33a49f4,97752,520,2025-09-12
39c89199,44131,684,2025-08-31
f723359f,62953,98,2025-09-12
c2c921a9,73907,179,2025-09-27
c7cbf291,23989,458,2025-09-18
eb246fbd,33102,571,2025-09-18
6c443a06,86085,544,2025-09-11
6acb4a26,19810,484,2025-09-29
ba2f3b7c,79908,358,2025-09-04
fe2dac10,73465,535,2025-09-02
1f9f483a,92155,22,2025-09-04
96eac305,86439,162,2025-09-29
8ce21de3,88194,552,2025-09-03
a53d2e96,77896,674,2025-09-09
aae3022b,10185,800,2025-09-16
36952856,84327,681,2025-08-31
86635247,44171,146,2025-09-26
45032948,50842,565,2025-09-11
be4c19f5,33623,560,2025-09-21
f255ffba,44904,685,2025-09-20
4c7249d4,88501,724,2025-09-26
cf086e9a,96475,12,2025-09-21
3ed01f3c,64515,623,2025-09-14
c8dfd499,35604,831,2025-09-22
050c0bb7,24056,446,2025-09-24
eb67e011,47355,941,2025-09-03
c336d572,78557,544,2025-09-28
b4ca57fc,49835,441,2025-09-20
7052421c,99940,809,2025-09-11
515cbf99,41410,10,2025-09-15
70ebb222,68553,273,2025-09-11
596cfb19,28948,942,2025-09-10
0212c33e,74570,910,2025-09-25
f68bac87,46622,5,2025-09-30
a403a88c,86680,774,2025-09-04
5612357f,47847,960,2025-09-24
6f1ee197,21746,362,2025-09-06
261f21f1,40392,862,2025-08-31
79403c2a,44712,83,2025-09-05
ebf49224,44813,604,2025-09-03
8f3f265e,40020,868,2025-09-05
9a2809e7,58889,909,2025-09-17
3fb79af2,14356,236,2025-09-03
392be52b,36834,283,2025-09-04
a24ab99a,90581,416,2025-09-09
ad49670e,85520,804,2025-09-13
8115021b,69263,371,2025-09-12
01a2b21f,49900,955,2025-09-15
2653441d,88172,74,2025-09-21
fb21f608,80281,681,2025-09-21
33ec74ff,92836,675,2025-09-02
4a27c1c3,69300,826,2025-09-05
d382b837,10799,56,2025-09-27
f6e64c4e,38978,661,2025-09-09
1d444506,68419,941,2025-09-11
7965f1fd,77130,354,2025-09-22
6244273d,21105,268,2025-09-09
e3fd790e,88333,29,2025-09-22
fa0ca156,26477,783,2025-09-08
abf73c2e,32098,61,2025-09-02
296d015f,93046,201,2025-09-22
338e4669,83935,202,2025-09-16
5ed0416a,33338,260,2025-09-05
fe3e09c9,17899,249,2025-09-20
db869fb7,51094,441,2025-09-19
49ddd434,43892,174,2025-09-13
f7531449,20062,664,2025-09-16
e0d40e7f,36297,790,2025-09-26
788a9a16,82999,360,2025-09-08
e760018e,11709,834,2025-09-26
73f6f326,73969,682,2025-09-23
c60c09fa,51883,75,2025-09-19
198e53f9,98269,923,2025-09-24
93832ecd,40470,612,2025-09-24
9816fb6d,40308,595,2025-09-01
9ee8e93a,21059,684,2025-09-20
71ce2dfe,11466,967,2025-09-19
d383d3fd,38132,287,2025-09-13
9b1aea28,27674,894,2025-09-24
e89e2f71,58368,40,2025-09-26
d17e5a66,82602,47,2025-09-04
a87bfb9a,86803,494,2025-09-28
7fcc2d79,64933,875,2025-09-03
6d0d7e85,76641,39,2025-09-10
df0c63dd,95352,160,2025-09-07
ce974b6a,39350,60,2025-09-20
2b5f781d,23937,429,2025-09-17
10cc4e0a,30784,242,2025-09-17
9329a5b2,45026,487,2025-09-16
9211f5cc,89460,648,2025-09-18
31a8e152,20116,681,2025-09-01
2423f97c,80577,400,2025-09-05
9117bc07,98648,334,2025-09-17
8389ab69,41641,361,2025-09-02
61c969a4,27906,108,2025-09-02
5c2368d5,58532,751,2025-09-05
62509850,37371,536,2025-09-26
1c2359b2,81594,760,2025-09-25
b03a2c10,74505,35,2025-09-13
f6a056fb,29904,370,2025-09-23
d724a610,32772,635,2025-09-24
09b25aeb,13479,209,2025-09-16
b8893a23,39626,771,2025-09-14
2841de7c,74199,99,2025-09-06
5a98d7cf,64447,731,2025-09-08
3e49fa19,17746,173,2025-09-09
a19246a4,93834,850,2025-09-05
a8cc8382,72697,129,2025-08-31
b11ecafe,70998,905,2025-09-09
dc9de5cc,45141,600,2025-09-26
ae8ebf7c,55222,661,2025-09-10
640a2c5b,45894,718,2025-09-11
7d9435fb,47366,942,2025-09-19
f44fc8a1,73845,589,2025-08-31
1a95462f,51835,761,2025-09-23
5640516a,15586,187,2025-09-06
f0b535c3,12947,734,2025-09-03
6c4a5a21,24244,12,2025-09-10
48c87161,32794,386,2025-09-23
75824ed9,64638,754,2025-09-22
5ab7a461,37656,746,2025-08-31
9f94367d,57125,308,2025-09-11
3e9ccd8e,79842,249,2025-09-15
ec323e2f,46630,584,2025-09-26
25c5e604,40770,463,2025-09-19
0955eed4,88947,900,2025-09-17
3d29ef81,44644,832,2025-09-19
2e1666d5,59000,396,2025-09-27
e0fcc07f,40322,64,2025-09-12
5b8c29c4,95546,458,2025-09-29
6b353ea5,92705,349,2025-09-12
03e0e5af,86419,928,2025-09-21
8928dbd7,74663,136,2025-09-29
3d4c2833,85138,345,2025-09-30
b07a4a64,98816,711,2025-09-11
4869cdf4,33815,493,2025-09-05
0e088729,48182,100,2025-09-01
0052d169,55582,555,2025-09-08
fdb24cfb,50468,110,2025-09-18
ffaa59c2,14903,327,2025-09-02
250a8a4f,93288,69,2025-09-11
19bacfb6,48315,319,2025-09-10
f1e423e7,73553,864,2025-09-09
e2f94620,64483,239,2025-09-19
0e788ac6,52915,618,2025-09-11
c71f444a,49314,149,2025-09-14
7a476f48,61643,169,2025-09-29
f0ef621f,96524,54,2025-09-28
1649b220,39054,701,2025-09-04
7806a8cb,96082,807,2025-09-17
90186f79,38099,718,2025-09-05
a37bfdbe,89945,881,2025-09-11
494ca663,94449,626,2025-09-30
15f698b2,57091,844,2025-08-31
d003fa38,12221,773,2025-09-02
f80bdff0,64801,84,2025-09-18
0e15cd50,45458,328,2025-09-21
2256a4f2,24073,638,2025-08-31
79dcb6a0,57955,465,2025-09-01
61465ca4,20194,495,2025-09-28
3534732f,64729,749,2025-09-10
7e3d4970,25023,42,2025-09-01
cb419769,63649,642,2025-09-02
5f712576,83455,169,2025-09-26
e3650797,10212,440,2025-09-01
48118aae,82120,914,2025-09-14
7765b078,25470,342,2025-09-26
ffe0fb03,95121,657,2025-09-03
7ba96999,91246,551,2025-09-13
7720522b,67331,701,2025-09-07
b97dd8d4,14324,366,2025-09-30
2a6314ac,41459,628,2025-09-11
38557b55,81540,263,2025-09-05
b593ecab,20351,157,2025-09-24
3a33a422,88744,119,2025-09-28
0d576a46,18439,379,2025-09-02
3796fd37,94128,130,2025-09-19
1b88184f,88761,307,2025-09-01
5e181d04,67103,648,2025-09-25
288f2b17,51257,61,2025-09-02
85db735e,25815,430,2025-09-17
442ff794,97558,241,2025-09-07
65071bd3,21059,80,2025-09-24
65aa0e30,19445,92,2025-09-15
525ea783,65923,828,2025-09-22
dd862f73,19161,39,2025-09-29
5537222c,70687,18,2025-09-13
2d2fc789,89983,48,2025-09-26
94f41c02,42934,679,2025-09-27
4e3dc038,33499,523,2025-09-28
6ca3f042,48040,226,2025-09-12
c6330ea9,57160,656,2025-09-26
4e7f46ec,58370,902,2025-09-04
a1b1fdea,78198,215,2025-09-16
cc5e6e27,75394,233,2025-09-11
6b0e06a7,77514,382,2025-09-05
b61d13e2,21414,819,2025-09-04
08f80b36,47492,306,2025-09-01
0855f4ce,55386,86,2025-09-20
a52e8c8b,34171,887,2025-09-22
03dc083e,89381,674,2025-09-20
df22b95c,76395,838,2025-09-03
0150f944,52862,722,2025-09-29
b7d056f5,22519,264,2025-09-16
0ef1dc10,33364,149,2025-09-28
65f9b6b8,32185,458,2025-09-17
68a2abdc,28412,68,2025-09-18
6f41facc,68863,836,2025-09-28
a5237e3d,20771,593,2025-09-28
1b5ae776,63810,265,2025-09-23
f41fcc82,41452,204,2025-08-31
06b23ac4,69934,814,2025-09-24
18c96e15,80528,460,2025-09-09
fb806910,19027,607,2025-09-29
065adbdc,15010,527,2025-09-16
9b8002d3,40521,483,2025-09-29
4a79a86b,26224,563,2025-09-05
40356e4f,50212,214,2025-09-02
0deb2bc7,40796,472,2025-09-18
153ce576,31768,940,2025-09-24
9f24c24d,72622,570,2025-09-08
b09fa685,57615,559,2025-09-12
8fdd772a,97903,981,2025-09-13
96e67573,97761,731,2025-09-22
2766dbb6,47197,374,2025-09-07
685d3174,43277,776,2025-09-14
63ad0bb1,62675,468,2025-09-29
77022c04,85020,152,2025-09-17
c070a451,71327,541,2025-09-15
8506cc0c,29570,798,2025-09-16
c53188f9,96736,2,2025-09-05
1cf6a3fa,86058,698,2025-09-16
33143aa2,63275,538,2025-09-18
779cbf57,60756,971,2025-09-15
4222425e,42377,217,2025-09-05
fffad7f3,19929,696,2025-09-04
bddd0af8,84066,954,2025-08-31
88dd5973,59350,75,2025-09-24
854e7a41,40846,235,2025-09-04
1264a006,43650,180,2025-09-29
d3cff539,44700,654,2025-09-15
24e71a52,23362,723,2025-09-23
87158f24,71158,389,2025-09-05
67611bf1,49169,891,2025-09-25
97c2f117,52280,296,2025-09-20
466d8cb7,93698,322,2025-09-20
c6b4ae75,41317,52,2025-09-21
d2c0d362,77380,114,2025-09-11
ed107c91,51237,459,2025-09-13
90cf4ec9,46168,582,2025-09-23
50ce7031,60101,800,2025-09-19
37e07ab9,74334,797,2025-09-11
e10921f3,25511,721,2025-09-26
0c658f0e,64886,293,2025-09-13
c67a6217,89015,243,2025-09-21
81b05898,45520,660,2025-09-13
70710cc5,27411,9,2025-09-25
1444f51e,94315,909,2025-09-03
021c3847,55564,148,2025-09-04
c39ce038,45164,750,2025-09-12
de546c35,52275,114,2025-09-05
3f1aa9fc,37937,496,2025-09-01
5f4d3d9a,18354,801,2025-09-25
5d00df04,42516,318,2025-09-08
51a7f240,46433,489,2025-09-26
751fefce,24401,111,2025-09-12
1421d91d,51774,366,2025-09-27
84d8fc07,23528,820,2025-09-14
c3b29782,58419,970,2025-09-05
0e323ff5,25117,436,2025-09-19
cf5938d6,54834,775,2025-09-22
cca60ea3,39311,355,2025-09-06
b63d3beb,32854,915,2025-09-27
4957e33d,49724,124,2025-09-24
f6809003,90149,119,2025-09-12
80d2e2f9,71341,618,2025-09-20
375ea26d,11872,695,2025-09-23
456f7187,48240,745,2025-09-20
abe1463a,83420,695,2025-08-31
d7907614,22453,580,2025-09-08
497be2c1,89625,856,2025-09-16
30443051,73601,505,2025-09-05
a4eaf07f,72893,440,2025-09-08
3b73428a,80265,353,2025-09-24
059c467d,19930,762,2025-09-21
338f84f7,92680,200,2025-09-30
85a585ff,32651,510,2025-09-28
a37ae479,85672,786,2025-09-21
7455aafa,99034,593,2025-09-05
c8a9ed03,21358,940,2025-09-22
38aa51ea,53090,809,2025-08-31
30af9b6e,77365,425,2025-09-05
12820956,73707,321,2025-09-20
8604a2b8,29691,851,2025-08-31
ebcf415b,25790,829,2025-09-21
964537eb,28233,327,2025-09-11
0279bec0,35384,287,2025-09-17
05d239e2,30604,919,2025-09-22
4967e4d6,92027,836,2025-09-08
96e0aa5a,65280,902,2025-09-26
f2a6b1bb,68784,544,2025-09-16
924498b2,64457,187,2025-09-16
cb108bca,51342,948,2025-09-22
6ad866a3,28200,752,2025-09-21
4579794f,78480,204,2025-09-18
57d116e0,89053,698,2025-08-31
d431a851,82979,680,2025-09-13
a53953a4,41994,734,2025-09-10
8d41f138,33702,786,2025-09-15
ceda2e36,60728,682,2025-09-19
e7373f9b,16150,572,2025-09-13
052c5896,35868,195,2025-08-31
e4569ad4,96136,512,2025-09-08
c2d3e8e6,25353,498,2025-09-15
8c1a4a48,34376,515,2025-09-28
b7a8d9d3,86858,990,2025-09-15
ff588c5f,56500,736,2025-09-07
50ee4653,52913,659,2025-09-11
3546438b,10717,436,2025-08-31
3b635589,13253,477,2025-09-25
1465bab7,47634,745,2025-09-14
03da8fd7,60749,298,2025-09-08
734c91bd,76114,214,2025-09-01
7da44302,60917,393,2025-09-28
890d8b3e,43057,684,2025-09-20
40e3bfbb,69372,259,2025-09-29
9c315862,56387,753,2025-09-17
6b9dd3db,99018,549,2025-09-25
71b34bd0,90265,97,2025-09-25
22eeca8a,87642,482,2025-09-19
4acabc70,11730,868,2025-09-20
1959a8f1,66822,802,2025-09-29
0d8e5626,90914,527,2025-09-19
33411539,33554,200,2025-09-21
8fabccb3,38750,114,2025-09-22
3dbd1719,13525,600,2025-09-07
812e7376,60150,928,2025-09-15
ab0418ae,21498,825,2025-09-11
284a3392,71387,766,2025-09-05
fe4e9893,84070,933,2025-09-22
dc649c87,91573,631,2025-09-03
d3e7e182,51975,672,2025-09-22
2a932c1c,44401,32,2025-09-01
0c8c8353,44983,224,2025-09-15
83e02dd9,85701,972,2025-09-20
0d6b6a46,98075,983,2025-09-20
eb12a80a,82619,716,2025-09-02
bc14d32b,49065,498,2025-09-12
0d577915,90790,867,2025-09-21
029b11f5,74014,741,2025-09-05
2af96255,40994,376,2025-09-05
f90306c1,97850,607,2025-09-14
42946fbb,26169,395,2025-09-15
cbf921a6,97518,854,2025-09-10
98093b4f,57928,262,2025-09-14
a76e347c,33548,296,2025-09-19
4f39c222,62455,452,2025-09-10
9f666f2c,43075,43,2025-09-27
59814b45,77218,988,2025-09-21
651ab505,58608,789,2025-09-09
6bb9c47a,63199,99,2025-09-18
61f53ffe,87440,331,2025-09-26
3081fed7,97320,508,2025-09-21
3399e21b,21982,229,2025-09-09
fdef71f3,97928,461,2025-09-27
8dedb67f,32101,64,2025-09-29
db83e879,42707,834,2025-09-04
07967e05,94661,543,2025-09-01
70e52575,35011,9,2025-09-27
f7ccdf08,82978,677,2025-09-01
84ce7d34,38528,690,2025-09-21
443b12c1,25920,74,2025-09-18
fbc7d433,94843,149,2025-09-30
037f8fba,73709,554,2025-09-03
4b1ea475,64950,849,2025-08-31
67b173e7,84441,959,2025-09-20
0c35b1b6,59315,639,2025-09-13
e3e8e989,63328,407,2025-09-20
e6bc5b68,37327,632,2025-09-08
b24853df,27886,225,2025-09-25
069ec19b,39069,179,2025-09-06
90278e5a,49606,110,2025-09-15
e3df68e0,15901,206,2025-09-03
186bc1fa,51567,346,2025-09-19
d7ceb727,11702,775,2025-09-01
353c0079,32616,861,2025-09-03
ad86041c,39224,826,2025-09-29
af78247f,74788,46,2025-09-21
0f15992c,81433,680,2025-09-10
5c00e4a7,23779,534,2025-09-20
905902f2,20429,618,2025-09-23
142993fe,83178,450,2025-09-28
6e990042,34217,793,2025-09-12
08240ae6,46259,883,2025-09-26
3582cc4b,10906,296,2025-09-25
19306d51,41903,371,2025-09-16
5e1f89f5,95059,227,2025-09-03
7eaad82c,45920,505,2025-09-17
87526423,62166,390,2025-09-10
5e1b8884,25310,850,2025-09-16
6d867a3b,80111,98,2025-09-14
fbcaf3da,45486,862,2025-09-24
f429c9a7,18811,761,2025-09-10
1ba83c65,78245,765,2025-09-25
fa7c3ea7,15864,561,2025-09-22
d37d64aa,89206,622,2025-09-13
0061a840,81864,541,2025-09-09
913e9e07,35744,922,2025-08-31
51dc94e4,18712,888,2025-09-09
ad6e71f5,42779,279,2025-09-17
081d3c3a,99681,931,2025-09-07
b26e9ee6,24895,330,2025-09-30
b411f9dc,70880,444,2025-09-16
36a89fbc,78716,566,2025-09-07
b6e4fb0b,85233,914,2025-09-25
451df94b,73220,469,2025-09-20
f13ce84d,46337,133,2025-09-03
ee0d91f8,20821,28,2025-09-17
7d08aae9,61477,679,2025-09-20
70ca8094,68958,201,2025-09-05
62574430,79401,52,2025-09-19
0714cd74,19030,847,2025-09-02
f8d7ed05,95171,968,2025-09-05
cdbfb7fc,97355,239,2025-09-17
ea16ced5,50847,325,2025-09-19
14b3cdb5,74719,239,2025-09-06
84be4247,15306,935,2025-09-19
1667c394,99906,665,2025-09-25
ca95d4e5,89122,181,2025-09-26
46534810,99362,197,2025-09-26
ebb43712,28363,333,2025-09-27
a0d7dda5,18172,68,2025-09-15
a5c55f93,14899,681,2025-08-31
70107fa6,35504,10,2025-09-01
bb1a3b41,54285,856,2025-09-08
89e80adc,82969,861,2025-09-14
6b4ed152,65643,101,2025-09-25
1d248299,84664,463,2025-09-28
b194721e,67480,208,2025-09-17
e7975dd6,89321,344,2025-09-13
d341b27a,39356,733,2025-09-15
398c9015,68516,130,2025-09-17
dcd9d96c,71658,608,2025-09-06
dfd68347,29959,754,2025-09-12
c94af521,53794,774,2025-09-15
7b47553d,92479,31,2025-09-15
aeecd082,68208,715,2025-09-08
67929f75,10946,907,2025-09-04
ab13a1e4,50401,856,2025-09-08
e8a154fe,98628,135,2025-09-27
98078620,47362,338,2025-09-11
449dba05,82259,522,2025-08-31
676aa71e,12934,330,2025-09-12
313a2631,37845,299,2025-09-14
59718184,18523,153,2025-09-15
b775532e,59324,506,2025-09-22
85c1c97b,89810,796,2025-09-16
cbc1b7f1,61584,300,2025-09-09
6c995a43,89958,82,2025-09-25
4a012361,62466,703,2025-09-18
b29f9160,24089,134,2025-09-05
ae96f376,67106,857,2025-09-13
16619fc0,28752,615,2025-09-04
a4316bcb,59010,707,2025-09-17
0fae8fbc,10568,955,2025-09-14
581f29b4,99813,149,2025-09-06
013bced3,76884,635,2025-09-28
c3fd42da,62367,285,2025-09-20
c32537da,56095,989,2025-09-10
436667e1,71807,353,2025-09-10
20a6df7b,70480,190,2025-09-13
552e9be2,54766,467,2025-09-19
ce3c977f,70895,328,2025-09-26
d8102493,92928,87,2025-09-08
43834703,89843,627,2025-09-02
c8a045ff,99961,492,2025-09-17
5561a9bd,45608,588,2025-09-20
76d6d053,24820,111,2025-09-26
ae611b9d,69446,360,2025-09-23
44f75f29,65195,502,2025-09-10
a19db196,73402,417,2025-09-01
92d96912,11956,144,2025-09-19
aa01f62d,10445,810,2025-09-19
89178291,77902,382,2025-09-07
46361892,75299,903,2025-09-18
44b0d9fe,81706,391,2025-09-16
a5f0539a,47030,187,2025-09-14
ccacd1f6,87277,329,2025-09-27
797c6cf1,81871,346,2025-09-02
7cde1d36,86324,491,2025-09-22
fa2f6d6b,42941,329,2025-09-02
d22f8906,87669,458,2025-09-22
eb9ea354,94653,496,2025-09-17
e14ce626,23390,51,2025-09-02
5876ee4f,67147,800,2025-09-06
5fcd8dd8,62099,838,2025-09-18
2d40b842,70443,767,2025-09-11
37ede7f1,28405,855,2025-09-07
7f60d9a6,47708,374,2025-09-26
327bdfb0,77706,378,2025-09-21
87882d6e,96886,255,2025-09-07
3058a6bc,17964,297,2025-09-12
8217e305,65487,593,2025-09-29
2cd43b66,50310,438,2025-09-21
ba288b35,77631,860,2025-09-05
6582ccdb,32746,821,2025-08-31
d8b7614f,82004,796,2025-09-13
a543042d,58684,183,2025-09-10
21580bc0,15907,684,2025-09-29
57dfadec,35467,283,2025-09-11
52fce7da,89692,268,2025-09-18
d53e1d43,97633,464,2025-09-26
680a37ac,41089,205,2025-09-19
926687dc,71545,52,2025-09-26
425bb698,53303,913,2025-09-19
e96b8d2c,82905,691,2025-09-11
8ec730df,58850,265,2025-09-20
2d3d9a86,99181,23,2025-09-09
891b4e3d,72193,454,2025-09-25
f9646bd1,20466,397,2025-09-08
47483a23,16006,156,2025-09-01
18967e0c,52186,308,2025-09-30
b315b62a,88465,83,2025-09-05
c21edab7,45995,897,2025-09-05
a2542ab3,93936,376,2025-08-31
51d37e3f,82371,995,2025-09-01
bed01446,17322,294,2025-09-25
7bcc4082,65024,306,2025-09-01
36107619,11073,891,2025-09-19
5c17fe34,46328,765,2025-09-13
6b9fd0cc,46131,959,2025-09-20
6b74d804,68826,350,2025-09-26
42c2d81a,49577,440,2025-09-20
b20cca8f,88317,653,2025-09-02
236047b8,42961,859,2025-08-31
58f1f484,83036,687,2025-09-27
6e49afd1,33384,403,2025-09-15
c31f5de7,16450,528,2025-09-21
a86e0959,93218,510,2025-09-18
7a01ca18,74760,166,2025-09-30
c9568eb6,68710,570,2025-09-26
a514a6ee,29495,332,2025-09-08
8ebfeec8,58652,395,2025-09-28
25ea7d78,32822,646,2025-09-11
0bb92ff7,13198,14,2025-09-23
90b12ab9,69830,832,2025-09-12
d02141d2,93445,778,2025-09-14
c1327e36,60803,458,2025-09-17
4c2e1a42,20110,544,2025-09-19
69e9cd38,69619,976,2025-09-27
0cac58d3,66549,949,2025-09-08
255dc951,75868,23,2025-09-20
db7fb642,94896,895,2025-09-04
17d92bea,88922,73,2025-09-05
9ce62402,52339,122,2025-09-27
2bceaa15,62156,280,2025-09-22
90a4f691,93683,672,2025-09-07
6688a2ee,30353,759,2025-08-31
d897adf4,92959,854,2025-09-08
68a120f1,46605,326,2025-09-01
7b7d193c,78348,163,2025-09-18
07a4ac51,86922,255,2025-09-07
5ec42ec3,61116,193,2025-09-06
8ea7b173,28830,173,2025-09-29
f37b60e2,77934,452,2025-09-07
4d56bf5c,83918,636,2025-09-05
75756ebf,30660,637,2025-09-19
02c18bfa,57934,704,2025-09-24
d8b59f5d,41608,466,2025-09-16
2a6576f8,14824,492,2025-09-25
c9544fa7,69160,516,2025-09-27
70a54d13,27199,434,2025-09-08
0f222f60,87704,361,2025-09-11
6731b699,54144,436,2025-09-19
faacff75,29469,636,2025-09-28
5edad549,20520,539,2025-09-18
46dca136,97329,613,2025-08-31
76448899,49993,717,2025-09-18
c9f0eb9b,19062,799,2025-09-06
8502ab17,29019,650,2025-09-18
05b5bb3d,84771,587,2025-09-28
5774b5e4,69424,817,2025-09-06
105bbf5e,21148,173,2025-09-08
a39981ab,22386,445,2025-09-20
b88ca54a,64114,562,2025-09-10
cc04fe31,11286,213,2025-09-01
fb6480ef,74258,854,2025-09-07
5c47e1b2,64667,91,2025-09-13
3dd7c034,86651,946,2025-08-31
8a4cf27c,93745,300,2025-09-15
5a3ee1bc,78119,784,2025-09-16
da6fb840,68961,122,2025-09-27
2bc9546f,33549,903,2025-09-15
11f7c2d8,83170,900,2025-09-06
5b4e8162,89947,550,2025-09-13
d17f1427,48094,440,2025-09-29
54c61251,89370,368,2025-09-22
673b8057,65484,199,2025-09-23
b082950d,75740,651,2025-09-08
be5212a5,76443,976,2025-09-28
a14a3d23,86511,960,2025-09-24
e4ce3800,86323,767,2025-09-27
ea75d7be,51638,307,2025-09-08
494b059a,60642,900,2025-09-05
a4a3c17e,25831,184,2025-09-16
d47b5acd,49897,174,2025-09-22
42ebbdac,37054,33,2025-09-05
2da8e377,31894,237,2025-09-22
d38f1943,56767,969,2025-09-22
f7cbea03,19750,323,2025-09-23
5782c7fa,66569,912,2025-09-17
21696d06,98836,32,2025-09-07
7a07a5a6,19729,943,2025-09-30
3ec2b9cc,84848,432,2025-09-07
c02cf7ff,24558,691,2025-09-05
1fb827bb,99886,55,2025-09-24
e166fbe4,48188,27,2025-08-31
686398a4,53030,91,2025-09-15
616d64c4,58945,343,2025-08-31
68ac072c,43651,823,2025-09-16
b8ff55a6,48120,329,2025-09-07
c940d2a6,92899,921,2025-09-27
f71052c0,30068,940,2025-09-24
820d2933,43603,278,2025-09-02
f956289a,86088,966,2025-09-25
4519f716,24005,929,2025-09-09
48893adb,29326,569,2025-09-24
808d8515,24159,872,2025-09-18
56fe95ef,48984,546,2025-09-01
defbca5d,67333,584,2025-09-13
d30dd230,37863,241,2025-09-08
1936dbd0,63538,964,2025-09-08
33688a48,84509,643,2025-09-18
72171186,92387,54,2025-09-12
033a6e79,61096,833,2025-09-04
1feaff25,94668,538,2025-09-22
041e6626,28632,884,2025-09-10
13d316ba,44031,124,2025-09-29
f3fc582d,33464,236,2025-09-23
5068541f,80947,219,2025-09-26
d7f3e67c,98016,160,2025-09-01
6c656cbd,36452,704,2025-09-15
5b212a29,29812,142,2025-09-04
44c75c26,36375,235,2025-09-24
1b64e956,96933,911,2025-09-15
2a57f9cb,95283,681,2025-08-31
5b057373,74945,47,2025-09-21
7207b8c8,39980,84,2025-09-07
737db7b7,13827,451,2025-09-06
6c93038f,52078,679,2025-09-30
fd0e7ac4,15464,66,2025-09-06
57dc8c8a,96946,878,2025-09-24
dc38dd80,74616,501,2025-09-04
89be35a9,17528,986,2025-09-15
5687ad51,75147,350,2025-09-27
3a117f52,12549,663,2025-09-12
9f7a4491,87401,32,2025-09-21
cd680880,74790,439,2025-09-08
4a4c5199,61805,266,2025-09-22
4c6169b0,16212,582,2025-09-25
002b3a6a,97669,120,2025-09-26
8227c5bd,70400,940,2025-09-07
2fcd47ce,25379,844,2025-09-29
6d5f3175,62486,535,2025-09-22
f7003402,99876,955,2025-09-03
6bfe5bf5,29881,682,2025-09-14
5f4a92dd,67478,692,2025-09-04
09b74607,65385,294,2025-09-16
56ef9ab1,25148,538,2025-09-28
1c643f93,29964,315,2025-09-24
513bcffb,63897,403,2025-09-01
d23de8de,43890,497,2025-09-12
e0cbd7a7,42556,319,2025-09-01
63a55c94,24266,20,2025-09-01
1a94a955,11782,711,2025-09-18
e2024144,42601,117,2025-09-17
8a04f085,53226,389,2025-09-19
26a9741e,96478,691,2025-09-30
a567a957,39412,390,2025-09-29
5b744f27,74744,14,2025-08-31
a01a3c36,41277,491,2025-09-17
ff7c1943,86278,938,2025-09-25
0f695b6f,70206,458,2025-09-09
f1c47741,18317,942,2025-09-05
6d8f2b5c,70465,67,2025-09-15
7ec54cd8,44105,332,2025-09-27
b07a7b81,81153,203,2025-09-13
e7971a1d,49978,171,2025-09-05
298bf690,23541,248,2025-09-18
02dbc672,90963,80,2025-09-04
f75c8fcb,66065,461,2025-09-01
8e758d65,48698,479,2025-09-14
e2c18ca1,56853,908,2025-09-13
669bfe4a,57175,876,2025-09-19
d10e2216,76869,618,2025-09-02
8951a0c8,20316,648,2025-09-28
9dc7ccc5,34650,155,2025-09-13
24591dae,21906,721,2025-08-31
ecad2945,13384,445,2025-09-15
16f7a921,75111,896,2025-09-15
2848fabb,90629,930,2025-09-23
2deb602e,78217,697,2025-09-08
11dcaeb0,62331,975,2025-09-20
c9cabbaa,65022,412,2025-09-21
a2311164,48960,49,2025-09-16
fb906194,99846,797,2025-09-03
0c5a5b23,52712,626,2025-09-06
35d9fe9b,76771,751,2025-09-12
1e4b1548,54933,564,2025-09-08
f0183ebc,86367,856,2025-09-29
258aa32d,21052,434,2025-09-22
2ae3dd75,70405,989,2025-09-23
c7c7d330,16740,691,2025-09-25
6d673aea,13429,359,2025-09-26
93392190,47056,476,2025-09-07
ce749c05,85722,756,2025-09-08
2abb5f69,46057,194,2025-09-07
bb61dcec,52208,347,2025-09-25
578b5caa,10975,884,2025-09-16
966535d6,75548,432,2025-09-29
ec35f902,28361,196,2025-09-07
57313ed5,11008,249,2025-09-22
34238f88,19300,302,2025-09-13
cae7d5df,92698,176,2025-09-20
ee872861,97114,552,2025-09-05
0ba50e97,68589,946,2025-09-28
347b1577,12334,126,2025-09-06
816b5f9f,89897,513,2025-09-27
b1df0fd2,29597,637,2025-09-07
72a28dbc,70160,497,2025-09-20
7bdb9384,25854,837,2025-09-11
900cbac7,98700,961,2025-09-04
efd2cd8f,90327,527,2025-09-30
efb861c0,15309,559,2025-09-02
7dfe9e1e,28671,476,2025-09-26
0e2bd78c,82322,39,2025-09-28
c0eae668,23251,242,2025-09-26
27bec370,91312,258,2025-09-26
2b89c6ce,35374,122,2025-09-27
3ef365a0,72379,613,2025-09-01
f0abfb97,95075,648,2025-09-15
f59ddb25,61515,818,2025-09-01
26f606ad,33598,8,2025-09-01
a8b89243,31121,202,2025-09-09
716691a9,95856,474,2025-09-27
95c11637,86151,847,2025-09-17
db944946,90947,918,2025-09-02
8edbfef9,40836,291,2025-09-02
168ef80f,30245,922,2025-09-21
4ae33982,69613,830,2025-09-14
6074d536,73193,106,2025-09-13
4183d74b,77440,883,2025-09-28
9f8a8210,10410,174,2025-09-13
bc8b0f3a,82916,223,2025-09-13
1e026b73,51692,611,2025-09-04
15fe64bf,68026,519,2025-09-03
00f512a7,73534,325,2025-09-19
d51c8b5b,29557,265,2025-09-29
d9f9ceb9,68626,279,2025-09-29
a3d1e4d0,78352,213,2025-09-27
e9939a7f,80206,281,2025-08-31
5441403f,36285,963,2025-09-13
754f265c,90539,439,2025-09-25
88277dfc,14136,485,2025-09-10
4e77720a,77151,594,2025-09-15
74a71a87,47817,821,2025-09-06
5645ac4b,18668,454,2025-09-18
2cf8eadc,44723,252,2025-09-12
23315d3f,19880,299,2025-09-06
c13cab34,10871,957,2025-09-28
40e3f498,29564,655,2025-09-04
68aa00c3,80114,7,2025-09-06
887eca16,84457,574,2025-09-19
4a4ce2f0,27210,50,2025-09-15
ec0dd5f6,41010,46,2025-09-16
577efd1c,78529,222,2025-09-09
018c8be3,33241,299,2025-09-24
ddaae8a6,52604,942,2025-09-20
b9caa407,96824,745,2025-09-12
de0648e0,37379,821,2025-09-30
60a73ae8,90304,36,2025-09-21
69beb14a,43377,671,2025-09-10
854cc596,27661,607,2025-09-05
3e25cb94,83253,189,2025-09-14
76b58d0e,54744,907,2025-09-01
e167aa68,12627,217,2025-09-13
5873018d,31495,161,2025-09-19
bf3e4e29,68416,924,2025-08-31
33b27608,70360,940,2025-09-10
d2e5a71b,25243,354,2025-09-22
1c676dc0,94581,950,2025-09-07
9b7c7f4b,70088,997,2025-09-04
3404a1d2,65036,63,2025-09-16
7aecd07e,84537,902,2025-09-16
e00aa019,32944,321,2025-08-31
c0268046,12429,189,2025-09-05
f254d325,78475,521,2025-09-26
523f18ec,63602,978,2025-09-30
7a122d25,78923,663,2025-09-15
5cbb461d,85389,497,2025-09-05
0ef9604f,84855,12,2025-09-22
4b47e95a,21723,761,2025-09-26
bee8cfe4,64148,831,2025-09-03
438b8e95,45318,57,2025-09-16
35a1bd98,81660,430,2025-09-22
0362430b,61187,862,2025-09-30
4b4a4c43,99855,908,2025-09-11
779c08e6,79801,293,2025-09-13
1eceffed,25369,170,2025-09-21
a30ca1f9,26829,188,2025-09-11
4e15eeb3,57886,847,2025-09-19
8ea47eac,46012,5,2025-09-24
bcabb873,75284,52,2025-09-10
801a57e0,55019,666,2025-09-26
8736ec9f,56084,786,2025-09-21
810c7e92,11568,766,2025-09-27
0c0e8e6d,74972,191,2025-09-14
3ef4747f,14954,107,2025-09-22
804b8e7e,41370,811,2025-09-23
baaaad16,95045,680,2025-09-07
49bbfa30,13955,392,2025-09-20
541d60a8,30441,325,2025-09-22
9d6aa117,39750,576,2025-09-01
8f8b7500,98415,208,2025-09-02
9fc862cf,75873,374,2025-09-03
03d64909,41664,683,2025-09-20
8278fd09,33357,347,2025-09-18
6419562f,75082,739,2025-09-18
7a670af0,32008,734,2025-09-20
79215479,26594,205,2025-09-05
a4805c82,80180,178,2025-09-25
aef65bfd,37142,512,2025-09-22
10910fa0,46061,844,2025-09-14
de83c5d0,40336,834,2025-09-07
f81781a7,96882,810,2025-09-27
da499935,53362,194,2025-09-17
912a2a50,24062,411,2025-09-09
80a7cb88,44117,337,2025-09-09
7050de0f,48399,849,2025-09-11
d5e88ef4,87552,479,2025-09-25
0d7392df,47182,802,2025-08-31
f21ef045,33747,382,2025-09-09
eef9322f,87485,446,2025-09-27
abf50b3f,65692,660,2025-09-07
08c6e839,31022,308,2025-09-14
d6b74f3e,25041,648,2025-09-25
14aa7840,49232,994,2025-09-17
0330b6be,28638,1,2025-08-31
79bf946f,20742,394,2025-09-07
1c45ae00,78697,576,2025-09-01
a003b0db,41776,932,2025-09-24
98b5ea73,60829,98,2025-08-31
0c8374bb,19380,682,2025-09-03
53014ff8,56108,232,2025-09-16
7009fcfd,10534,129,2025-09-21
a09fbff3,76994,949,2025-09-06
84a24928,41089,41,2025-08-31
77651037,46922,151,2025-09-19
f99b9672,96873,110,2025-09-30
e2b4dec2,33183,865,2025-09-15
f51ae278,16861,23,2025-09-20
7965143d,39549,473,2025-09-13
8c1a4a50,59292,63,2025-09-23
04181d33,81841,630,2025-09-05
c8c74552,47722,103,2025-09-04
a04cf257,41769,735,2025-09-18
5e93e2fe,52998,536,2025-09-02
4c97cab3,20761,294,2025-09-19
e53c6795,36252,431,2025-09-08
27eaaf9e,20601,730,2025-09-08
403f026e,36418,959,2025-09-24
a536fb96,49801,13,2025-09-12
fddd502a,72461,477,2025-09-13
e0d5dcc4,25108,360,2025-09-18
5be6491c,74445,411,2025-09-06
602d8f84,48549,939,2025-09-27
c0ce3e04,54169,322,2025-09-02
cc37f980,63200,979,2025-09-05
e0fd15c8,82320,131,2025-09-19
79fa1f32,92656,692,2025-09-18
ba7a2ec0,28312,893,2025-09-02
b79668f7,14882,389,2025-09-21
4e5ce558,87003,137,2025-09-26
0a8f9aa3,69919,638,2025-09-30
75442f06,56755,689,2025-09-03
63bc016e,47597,666,2025-09-17
6fe84fac,51821,983,2025-09-13
9e29f270,86958,844,2025-09-02
aa7aa993,92650,510,2025-09-27
8a0cb692,81856,402,2025-09-06
ab735f15,44668,395,2025-09-30
9eb5f493,42356,389,2025-09-01
bbeb9be0,41267,45,2025-09-06
fc8060b4,98927,663,2025-09-05
39aff8e6,32380,304,2025-09-03
da11d4c2,15381,20,2025-09-11
d1af2343,26305,575,2025-09-01
41d88eb9,17983,85,2025-09-18
e471025a,54235,148,2025-09-06
bdebdc6f,47807,540,2025-09-21
e5088887,83353,922,2025-09-20
8149d632,22037,985,2025-09-11
07727cf4,19221,590,2025-09-14
aaadb841,75553,996,2025-09-19
ec08f10a,24503,957,2025-09-29
edc83a33,24053,37,2025-09-22
5da67bf6,60153,524,2025-09-11
d376cbd8,70900,173,2025-09-12
01f164dd,92936,729,2025-09-22
1b71920e,71116,289,2025-09-21
4fd196b7,29249,963,2025-09-11
1d33877d,45786,79,2025-09-13
468282b2,78129,983,2025-09-18
218a4683,68271,935,2025-09-10
ee7d0be5,14858,217,2025-09-07
8cdb79fc,83173,99,2025-09-26
3b34beaa,64289,190,2025-09-07
2f427bc9,45459,232,2025-09-07
992eec4b,12695,603,2025-09-08
7de4feed,52459,276,2025-09-30
b7d46c2a,90616,282,2025-09-30
61a4000d,19451,167,2025-09-27
203009aa,12491,685,2025-09-28
5d23ec53,81538,627,2025-09-02
a51f548b,39355,1000,2025-09-09
512e8566,18447,552,2025-09-13
ba4b959c,36473,504,2025-09-18
9e13a8df,48340,226,2025-09-02
8667c44f,35206,683,2025-09-20
0fb66887,10144,360,2025-09-05
a50bae73,92747,179,2025-09-20
aa174da3,58008,212,2025-09-12
ba626e9f,72225,71,2025-09-23
f2bf185e,63701,23,2025-09-01
c1c8acb1,25896,568,2025-09-10
088f5023,43021,68,2025-09-01
e7f1fea7,80708,910,2025-09-24
71572aa4,79348,356,2025-09-13
bcf93594,46353,696,2025-09-23
7a07b7dc,87072,887,2025-09-15
3aa35965,37401,57,2025-09-07
ab118b89,31763,255,2025-09-20
8b148ae8,13805,355,2025-09-22
2dfb1e57,29932,650,2025-09-03
3af3d879,83630,956,2025-09-05
63096b86,87724,735,2025-08-31
bd9682e3,21688,769,2025-09-05
e2594d87,53751,279,2025-09-18
91f00628,35749,74,2025-08-31
604bbbc3,69560,430,2025-09-02
815a5be5,10871,687,2025-09-03
9e0e3ee1,87105,39,2025-09-07
bdaadf5d,39511,36,2025-09-27
e3aca3ee,40895,199,2025-09-24
f79d4072,41874,481,2025-09-17
07430d14,80358,849,2025-09-12
cf52ea83,24416,975,2025-09-11
ea6c60d9,56617,209,2025-09-12
db7a86fc,16431,419,2025-09-03
5603be0e,68492,602,2025-09-10
0d135d91,47104,733,2025-09-05
046b24be,21253,924,2025-09-12
f0381809,84611,819,2025-09-19
f3b10c78,63360,68,2025-09-30
f2960899,73978,887,2025-09-04
bf79118c,83331,724,2025-09-15
02af0fd5,89401,256,2025-09-16
b690117c,37287,180,2025-09-21
12f98280,63322,806,2025-09-07
36d301d0,34366,754,2025-09-07
0ae2c4e1,92492,621,2025-09-02
8c143d09,54540,121,2025-09-18
14ca4478,63348,118,2025-09-14
621dae11,99353,855,2025-09-20
d7f550d8,88427,607,2025-09-19
e5ffb1cd,33029,543,2025-09-05
e09c126a,95752,816,2025-09-27
ce63b0e2,17988,464,2025-09-01
5cf1d564,41735,57,2025-09-27
d9e0c0fb,37295,185,2025-09-05
271456b2,66228,228,2025-09-27
16c63b0f,99210,964,2025-09-04
4399a136,19776,296,2025-09-05
8b9fabf8,13074,20,2025-09-21
8f22945a,56925,661,2025-09-30
4b084698,10784,486,2025-09-17
4705a0e7,62877,94,2025-09-03
ff04fed2,98036,346,2025-09-23
bb147564,61739,807,2025-09-10
031a0d3c,30829,317,2025-09-26
c115d44d,33732,252,2025-09-22
1814ce89,40230,277,2025-09-29
d3e7f268,11918,838,2025-09-14
e0a506a4,38284,81,2025-09-20
c6eb269c,71271,119,2025-09-01
8ecac091,88504,562,2025-09-01
277be7cb,51650,522,2025-09-17
c5f4e483,50204,749,2025-09-17
e28e7cd0,71143,395,2025-09-30
676ed019,81969,273,2025-09-06
816b4a2d,89006,742,2025-09-20
0bf5b01d,10899,923,2025-09-26
9cfe4095,78394,511,2025-09-26
bd530132,37031,354,2025-08-31
1b47dd78,93894,680,2025-09-01
8a36ca7a,73180,547,2025-09-24
5a6efb92,78760,824,2025-09-27
2bc276d9,25098,447,2025-09-08
02354d04,56331,439,2025-09-14
d6c5e283,43091,220,2025-09-20
d0b3fa8f,45109,542,2025-09-01
a12362a0,40822,63,2025-09-17
084b6c72,61778,159,2025-08-31
22c02043,61147,784,2025-09-14
02fb6339,71137,588,2025-09-17
2750a48d,35303,855,2025-09-28
19589684,54698,850,2025-09-05
b0b23ac8,62571,550,2025-09-24
cb0a57a9,44701,788,2025-09-30
d4867db3,40344,82,2025-09-01
6a1357f0,62982,844,2025-09-11
fda9ff48,16292,336,2025-09-19
401f808c,17877,594,2025-09-03
1577c695,77633,937,2025-09-26
bab2f7ee,97860,867,2025-09-07
22f71128,57375,577,2025-09-05
c8ad29d1,12530,172,2025-09-19
3fd0b768,39528,651,2025-09-02
76c8642d,61437,208,2025-08-31
15676891,98915,342,2025-09-06
901ce4af,55568,417,2025-09-14
6c2a6c0d,81946,705,2025-09-27
063635b2,37350,699,2025-09-14
265417fe,35228,475,2025-09-23
bde05697,86686,193,2025-09-21
7dd1644e,12251,842,2025-09-17
4ff7e6c0,66726,990,2025-09-14
da994a11,66454,828,2025-09-06
a1e04b4b,87961,525,2025-09-04
1b37d6ac,73439,718,2025-09-15
94f1917d,71729,904,2025-09-06
fe59fd43,13827,49,2025-09-02
c538e254,99513,460,2025-09-26
b153bdc2,16863,56,2025-09-23
706b1555,61860,823,2025-09-19
6ff9549d,43903,151,2025-08-31
51211155,97002,367,2025-09-08
398f2a78,41701,867,2025-09-14
fc4beca9,38079,791,2025-09-18
7479237a,13121,215,2025-09-08
1cb8d4db,85793,153,2025-09-30
41888cd4,19435,597,2025-09-01
a0d02d1f,44908,311,2025-09-13
eb7f2454,85060,984,2025-09-13
946a230d,24418,950,2025-09-23
382ed252,66940,610,2025-09-13
6e8c8c5a,61437,334,2025-09-14
ddd17a5b,50127,707,2025-09-08
e8854183,82049,466,2025-09-05
64727f94,21075,174,2025-09-28
8e86fce4,13517,873,2025-09-03
317a004b,36851,380,2025-09-18
45bd0c83,46463,933,2025-09-14
16030e19,81357,301,2025-09-13
5b55697c,63719,704,2025-09-05
0acbfc5c,31858,710,2025-09-03
91de821a,71026,328,2025-09-26
97686696,12265,963,2025-09-29
9092e954,42426,442,2025-09-15
e02565d8,38263,828,2025-09-23
2283e1aa,47635,347,2025-09-08
06d45c9a,61055,243,2025-09-02
26a376d7,81523,196,2025-09-05
067cc324,13075,380,2025-09-10
4df45e81,51683,802,2025-09-17
de31dc83,44785,780,2025-09-04
c52f0aad,36364,352,2025-09-14
2d789062,85182,227,2025-09-14
d96b4218,22164,351,2025-09-10
08e267f8,96508,152,2025-09-28
1f0541db,46621,610,2025-09-09
a7f3a8f6,91658,675,2025-09-28
56a0a5f2,65327,177,2025-09-13
29b92ceb,67150,176,2025-09-11
603812a8,34522,143,2025-09-30
c90a98e5,37154,783,2025-09-30
853b00f8,53888,861,2025-09-01
506631ca,97871,170,2025-09-15
b4782997,42699,44,2025-09-13
18aea367,82977,358,2025-09-11
77af355b,96911,799,2025-09-30
8dd8378e,71996,282,2025-09-07
a7874d47,45718,326,2025-09-27
a5281118,23900,565,2025-09-20
0fc2da39,59746,955,2025-09-21
30982425,60226,957,2025-09-20
7218a3f2,46862,312,2025-09-19
09c28817,22268,75,2025-09-03
a1ba1ba5,97839,856,2025-09-01
5c646c74,38505,145,2025-09-21
42a769a7,12751,509,2025-09-09
e62e268f,11195,641,2025-09-02
96b2b168,44624,940,2025-09-08
ada9fa96,88259,319,2025-09-24
c37a0919,53959,458,2025-09-25
adffa770,65554,692,2025-09-08
26ceaea7,16153,831,2025-09-25
2056846d,88240,643,2025-09-11
0bc04381,45943,147,2025-09-22
f084b0d6,97221,920,2025-09-29
0cd52b33,62004,242,2025-09-01
8f0c96f8,66555,820,2025-09-17
ad15e500,79658,505,2025-09-13
77913694,98965,870,2025-09-18
ed628dcc,20522,871,2025-09-20
bee83de3,91852,2,2025-09-23
f1395af8,97495,344,2025-08-31
54fca772,31880,894,2025-09-19
2f80b89a,15892,845,2025-09-04
7f317fa3,75120,550,2025-09-24
476e14ee,20654,596,2025-09-07
bdd9e2ee,92394,454,2025-08-31
318be0c6,76920,753,2025-09-27
bf0ddfe9,18682,643,2025-09-07
c2254f97,61673,209,2025-09-04
1d24eea8,10935,188,2025-09-03
998ddd5c,10627,594,2025-09-10
204c7743,59651,792,2025-09-10
cc1979c3,51881,723,2025-09-26
385e3866,96795,708,2025-09-26
da269d61,46426,791,2025-09-16
87484379,12686,859,2025-09-08
cc260453,81748,939,2025-09-25
135622df,11933,960,2025-09-10
dda1e77f,96769,251,2025-09-17
a3d86c24,71930,897,2025-09-01
fa6f3031,99144,17,2025-09-08
6d12f521,11516,916,2025-09-18
09da1c18,84164,253,2025-09-23
ca6571ac,94431,650,2025-09-15
ba59721a,46410,350,2025-09-04
53370209,89376,370,2025-09-10
9c433f3f,24914,285,2025-09-24
3ef720cd,17701,628,2025-09-11
2be327ce,18794,450,2025-09-02
6b305814,48533,206,2025-09-09
71bd93c1,62027,1,2025-09-18
93a9a998,47934,294,2025-09-22
0517079d,82370,526,2025-09-02
86c4e004,98007,726,2025-09-08
125ee7e5,83140,32,2025-09-19
7ae04931,38956,311,2025-09-03
19082da9,88994,928,2025-09-10
805d181b,64704,478,2025-09-11
b7eb1e23,75716,621,2025-09-05
cf91ba60,81928,373,2025-09-13
8030c4f3,69175,674,2025-09-06
ced6c3de,15139,592,2025-09-30
d940aef7,67350,694,2025-09-15
c6b7c216,25676,665,2025-09-03
57d423ad,98485,49,2025-09-15
f5c79c3e,82157,380,2025-09-08
d56ecc90,89664,462,2025-09-14
af8d73da,89438,418,2025-09-09
9075cec5,14987,673,2025-09-22
61605e55,45345,579,2025-09-21
3e696add,92393,194,2025-09-06
c6445d98,17571,20,2025-09-19
954d0a0a,34131,967,2025-09-27
ef8bab3f,20803,233,2025-09-03
2a286245,18140,156,2025-09-20
5b6bbafd,41402,308,2025-09-03
0cf5f4c9,29724,281,2025-09-17
a4a711b2,26640,975,2025-09-01
d7320ecb,34243,266,2025-09-29
af7d6087,86497,805,2025-09-15
7c8366a7,61851,413,2025-09-16
48843848,37199,111,2025-09-08
4c5346d6,90148,236,2025-09-18
e62018ac,49906,631,2025-09-16
3789c50c,53687,994,2025-09-15
e167e81a,26987,796,2025-09-06
4ca5901f,42792,611,2025-09-27
dec4937a,66827,488,2025-09-04
13cb70b7,22133,105,2025-09-30
bcb0af1d,75045,261,2025-09-02
e6de9865,79835,117,2025-09-12
963c2e52,52950,97,2025-09-02
34af7ff2,19879,223,2025-09-15
0eda820d,35214,568,2025-09-03
abf0d2cf,30377,329,2025-09-27
91281fe1,16152,279,2025-09-13
06c4d58d,47034,743,2025-09-18
ef2c990e,50567,883,2025-09-22
205928c2,93251,191,2025-09-09
b4c4d5ab,49857,559,2025-09-02
d727fcd1,42728,904,2025-09-23
963f7f67,40352,214,2025-09-09
507b4da4,79778,855,2025-09-06
91293fc1,13851,197,2025-09-06
5e986f2f,27089,218,2025-09-11
e1870f0e,41190,482,2025-09-24
d14db643,74364,911,2025-09-19
8ed0f249,45732,657,2025-09-30
c2dc6966,10637,2,2025-09-23
78e3a745,15294,705,2025-09-04
1eed1118,21881,450,2025-09-04
9ba97f77,71494,652,2025-09-14
0c7f4391,71541,359,2025-09-30
2a7f2d70,12762,848,2025-09-22
87dfafd5,95853,467,2025-09-11
f71e9789,59788,894,2025-09-28
f7db9008,13735,169,2025-09-22
9292502b,90261,330,2025-09-03
9a79cac4,75587,108,2025-09-01
dad244ed,91513,415,2025-09-15
eeb9a940,14511,893,2025-09-24
38daf28d,17519,100,2025-09-27
154a7fa3,51556,413,2025-09-04
e0d3fa68,81995,915,2025-09-04
b9e6b3af,13667,439,2025-09-19
efd95ab8,90516,92,2025-09-19
1fba0458,56571,886,2025-09-16
357b9cf6,70246,390,2025-09-13
8a2617e0,39889,845,2025-09-26
727fe913,23578,686,2025-09-26
40061dcc,30797,456,2025-09-17
62d484a7,65461,448,2025-09-20
31279b2c,38598,771,2025-09-05
c1fa0779,93087,304,2025-08-31
de068890,62164,521,2025-09-14
1f42205a,67074,460,2025-09-06
af29c43b,81910,794,2025-09-25
284cb42e,99678,584,2025-09-26
033ed668,47108,12,2025-09-29
95a8b83b,59630,36,2025-09-06
4da3414b,73486,366,2025-09-30
37cb1e57,34144,576,2025-09-18
a42a4544,78018,943,2025-09-11
38c16837,96040,71,2025-09-11
64338ff3,76664,899,2025-09-24
76af9cca,19330,483,2025-09-20
4e4f1661,91037,215,2025-09-27
ee0b8fab,56008,591,2025-08-31
1ec12e45,38457,755,2025-09-11
c582ce88,49448,399,2025-09-30
18be12fa,92428,187,2025-09-15
1cbd8796,68476,457,2025-09-20
0982037a,79893,579,2025-09-09
98c05605,69441,93,2025-09-30
e9dcf791,65909,409,2025-09-06
137533ac,60340,964,2025-09-26
0b7da2bb,92170,869,2025-09-02
5e7f68f7,55844,801,2025-09-20
bfc7c8d2,38709,847,2025-09-04
6e4d8c68,29927,291,2025-09-12
712147e8,54868,726,2025-09-28
0b69c9f5,14167,338,2025-09-15
6373ac3b,13283,800,2025-09-05
8c8323ee,90322,885,2025-09-23
d877b170,22367,500,2025-09-14
aac677e5,41120,947,2025-09-10
88c2430d,39067,697,2025-09-24
34c8fed7,62886,547,2025-09-08
485f4232,39969,574,2025-09-09
c6fa2390,45477,775,2025-09-28
1e4d9e63,68022,673,2025-09-11
304edfe2,83692,995,2025-09-20
ec9d654a,41451,666,2025-09-21
449b9e5f,81689,525,2025-09-30
efc4b44e,87242,753,2025-09-15
2f5c4e2d,70091,732,2025-09-05
721e5b54,11190,954,2025-09-13
499ae701,50348,909,2025-09-16
d4796d05,74190,596,2025-09-30
a82ae68b,31023,855,2025-09-23
fc5c525d,91914,117,2025-09-20
9b835245,84693,760,2025-09-24
ba9e0dcb,95979,517,2025-09-30
165bcebb,21660,356,2025-09-04
6c5a597f,70120,753,2025-08-31
93df929b,43380,251,2025-09-23
1316f606,40862,650,2025-09-23
afea79e7,34381,99,2025-09-06
287f335e,29288,634,2025-09-26
bf5b318c,97398,433,2025-09-23
a2b627ab,71900,468,2025-09-24
4336d535,56457,561,2025-09-18
58f6f487,51858,969,2025-09-28
a9647b2b,21964,952,2025-09-29
8272743f,10402,888,2025-09-11
763a2cde,86945,36,2025-09-12
b288f981,72917,550,2025-09-24
386b8ea6,13588,192,2025-09-09
3b5d3939,12177,570,2025-09-05
2abf8315,37579,443,2025-09-22
bb66497c,94524,468,2025-09-26
14199b6c,97079,434,2025-09-26
a8c41743,63700,589,2025-09-28
fd3b9b83,12083,428,2025-09-08
d59b7913,76782,240,2025-09-28
6e2ebd21,65308,457,2025-09-15
253880b0,16592,452,2025-09-09
8a52bd62,95685,38,2025-09-15
9721e4a9,67977,212,2025-09-12
0782d09c,88728,974,2025-09-07
f3c30d2c,67464,788,2025-09-27
0d864c44,53969,177,2025-09-14
8725ec4b,87389,963,2025-09-19
d2811aea,14642,258,2025-09-29
70804ee8,44329,507,2025-09-03
c290c114,47629,144,2025-09-15
04b5c91a,97138,516,2025-09-30
648edb15,13704,490,2025-09-30
aa917304,12428,38,2025-09-29
54ac02fe,60160,460,2025-09-09
6d8ab8af,28434,86,2025-09-01
f10dec91,64283,658,2025-09-26
44dfd8ec,26532,630,2025-09-07
c25bcbc3,43858,128,2025-09-08
c986f6ac,67996,62,2025-09-25
9aa4d9fa,60903,130,2025-09-11
873f7b16,24430,170,2025-09-11
456f4ec8,38144,68,2025-09-21
e915ccc3,18463,146,2025-09-17
567da946,41533,264,2025-09-25
5293a499,72445,828,2025-09-13
11de306d,37626,994,2025-09-30
ea7ac105,13701,951,2025-09-21
a29cea01,24499,739,2025-09-19
b0f610a0,66368,823,2025-08-31
19d06243,44637,746,2025-09-28
b4ac58cd,13668,173,2025-09-02
233039b8,12561,323,2025-09-29
c939d289,19768,869,2025-09-16
0fee5d2a,98081,583,2025-08-31
a51e2d0d,74008,229,2025-09-25
a713007f,53163,46,2025-09-18
1a264384,68788,40,2025-09-23
c19d7215,90238,273,2025-09-18
0fc1169c,83894,994,2025-09-13
94847bfd,41128,819,2025-09-22
d3cf9451,98558,605,2025-09-19
49ea20af,81763,67,2025-09-09
1c937e53,83812,585,2025-09-02
c8c74b41,86188,844,2025-09-07
d4f3d103,21774,666,2025-09-15
06aee867,95125,724,2025-09-08
c8495771,95734,911,2025-09-15
3c9a0e65,86374,189,2025-09-30
6c4b237d,42172,629,2025-09-30
1397bf90,98813,829,2025-09-15
e25caa3a,91952,837,2025-09-30
6afe2a5c,44403,397,2025-09-26
8ddd5ec3,53762,394,2025-09-27
8793a360,28387,483,2025-09-27
64dc8047,44595,998,2025-09-24
ea8fb577,99304,374,2025-09-21
c62d75bc,77251,361,2025-08-31
7972f39e,99366,934,2025-09-01
720e3a36,48529,825,2025-09-03
3916125b,79342,429,2025-09-20
d9e795b2,95377,808,2025-09-17
c0d0c9c2,75874,463,2025-09-13
0d153f26,93851,294,2025-09-09
92f8ad06,14726,561,2025-09-08
32fec614,90079,47,2025-09-14
9dc156f0,96247,796,2025-09-29
d1deb680,66903,833,2025-09-11
09f26508,56854,482,2025-09-01
c353c97d,48209,276,2025-09-07
3b9d1850,34563,522,2025-09-05
318c791c,61196,408,2025-09-19
f449414d,19193,832,2025-09-22
081cd58a,64860,658,2025-09-26
601056ed,72696,675,2025-08-31
d27791be,24997,205,2025-09-21
fde13c40,51661,624,2025-09-07
38422d41,64276,942,2025-09-20
afd1569a,90297,454,2025-09-01
e1f4982c,51643,811,2025-09-01
5677ccb1,32055,378,2025-09-20
81d622d8,38966,571,2025-09-09
596070e8,78313,648,2025-09-08
68e22a22,73823,774,2025-09-10
6e84706d,94468,311,2025-08-31
35abd47d,37224,36,2025-09-08
d59d5671,36122,271,2025-09-20
0181a148,94751,678,2025-09-29
f842fdfb,63190,757,2025-09-14
868ec185,66446,632,2025-09-27
88d90686,33233,465,2025-09-16
4857e786,98931,515,2025-09-06
5b3bd551,54991,230,2025-08-31
479c7fec,95211,304,2025-09-06
9ebba2b5,72922,479,2025-09-15
d03b2e44,56432,945,2025-09-22
91a4b6dc,80294,606,2025-09-28
b3948f57,94201,349,2025-09-26
2a6d5c46,83869,150,2025-09-15
95a8352e,48845,350,2025-09-04
f28945a4,81767,332,2025-09-06
cb37ee77,82762,298,2025-09-20
c7ef843b,37284,980,2025-09-23
a48716fe,44473,269,2025-09-23
4a86be24,21281,159,2025-09-17
ee98eaf1,48429,713,2025-08-31
cc08bc4f,94979,54,2025-09-08
a77bbc91,27592,852,2025-08-31
edd5c289,21605,407,2025-09-15
b6c3932d,70803,975,2025-09-10
c9d2a66e,39265,478,2025-09-27
798a65cd,53444,884,2025-08-31
bf93276a,63779,374,2025-09-12
06cd2c95,90132,661,2025-09-29
0cdf7689,48238,314,2025-09-08
324b53d8,60151,907,2025-09-24
fc408078,88945,602,2025-09-15
9065ac5d,35356,612,2025-09-26
c87bf0af,11021,770,2025-09-26
04ce98bd,45238,955,2025-09-18
b77bed80,76868,766,2025-09-19
f2af3e03,38485,797,2025-09-01
b6684c9b,23453,384,2025-09-03
7e1baa2e,49679,413,2025-09-28
4dab84f5,25329,960,2025-09-08
7ea31843,63264,446,2025-09-03
bb91d684,85943,833,2025-09-17
16e0a226,59437,790,2025-09-15
a0ae430f,37262,589,2025-09-01
edd10e09,97004,144,2025-09-10
9b9eba43,62227,959,2025-09-26
46ecffb4,19794,835,2025-09-20
863b6235,67517,817,2025-09-03
d73cc036,83120,820,2025-09-07
c876ff3e,69962,663,2025-09-06
f34378bd,68534,249,2025-09-03
8e156e26,78987,903,2025-09-27
9c611e84,17491,313,2025-09-19
8618d7cf,99149,850,2025-09-01
86a60faf,54620,564,2025-09-17
cbf99cc6,33639,605,2025-09-23
7d9d6af6,48258,336,2025-09-12
97e80ccb,87766,575,2025-09-21
2784a30f,20382,335,2025-09-30
4e63cb08,27033,537,2025-09-29
072d0543,34511,350,2025-09-25
881b89ee,80083,678,2025-09-22
8a0f34e3,80181,752,2025-09-07
85f6017a,84522,844,2025-09-25
6c20a075,73966,836,2025-09-17
02bcb3ca,69592,578,2025-09-06
75d9dbed,63685,308,2025-09-23
1a2a63b1,36144,188,2025-09-06
0af153a2,77215,624,2025-09-28
ab66194a,80447,745,2025-09-10
832af782,24985,22,2025-09-21
d99c60f6,25168,590,2025-09-04
e47a83f7,20039,868,2025-09-08
76aa6c5c,96190,531,2025-09-13
64705db6,51608,336,2025-09-12
a262cc0e,66160,340,2025-09-03
3f6445ee,97312,160,2025-09-19
aee3d8db,18427,403,2025-09-15
06ad80e2,29371,972,2025-09-13
cc7ae74c,44357,777,2025-09-28
6758c5c2,15765,943,2025-09-10
9003fad1,59437,440,2025-09-08
3f0bb880,67186,778,2025-09-15
45e74346,19705,322,2025-09-06
7d401572,84605,316,2025-09-24
bd18d2cf,69956,648,2025-09-09
a2515f1d,28813,337,2025-09-24
9c3c9ae1,27914,600,2025-09-23
74b681f6,47041,64,2025-09-20
cc2b85e9,16548,903,2025-09-20
748f7371,12516,941,2025-09-09
9e6d18bd,38898,939,2025-09-03
e71bbab0,18939,653,2025-09-19
b4739a57,49472,400,2025-08-31
5a0a1015,87068,119,2025-09-22
9642f9ca,95035,706,2025-09-10
7109ccef,21853,123,2025-09-01
3414eff4,50385,895,2025-08-31
157902bf,30474,373,2025-09-25
9829f995,86110,360,2025-09-28
a75115f6,87664,15,2025-09-05
79e5ebaa,33099,196,2025-09-18
0163d6af,77711,254,2025-09-05
e0c7bf38,54133,524,2025-09-26
d366c44d,61330,800,2025-09-16
82c0a089,74243,324,2025-09-01
5fa2d65f,55940,244,2025-09-08
c03d2c8a,71910,968,2025-09-08
9a468414,84587,358,2025-09-27
6b985b27,52781,155,2025-09-01
bac8131a,40216,69,2025-09-02
be6c8933,96490,415,2025-09-28
c47c93d1,72567,173,2025-09-30
756ae9a0,57174,128,2025-09-12
d5d573d5,64275,72,2025-09-04
7c2cde06,34022,443,2025-09-02
a35d2558,88008,846,2025-09-25
0fb9c211,55967,755,2025-09-19
3afe032b,92683,681,2025-09-26
58f88fd7,58196,290,2025-09-18
fa9e5b49,81783,383,2025-08-31
fe58740b,62485,821,2025-09-03
ae1c7d14,64497,238,2025-09-03
33255cd6,43390,768,2025-09-16
b69d3fb8,43303,248,2025-09-15
525d30ca,11053,70,2025-09-19
348b772f,45759,442,2025-09-16
087eaa84,42695,895,2025-09-02
0a16cabe,74496,720,2025-09-11
28be3997,19107,342,2025-09-02
6ea29eb1,84772,56,2025-09-08
f1365808,32166,967,2025-09-13
cfba8822,79177,532,2025-09-08
cda69349,40185,217,2025-09-17
1b41dea2,43016,807,2025-09-11
413361d9,88576,527,2025-09-11
201605f0,17894,909,2025-09-13
863110e7,94649,756,2025-09-21
65a8c657,64961,769,2025-09-28
2401bf45,30435,895,2025-09-06
f6c258c1,44100,173,2025-09-29
0ab939c7,67627,456,2025-09-21
b6a5b181,30577,550,2025-09-10
0f387465,66185,503,2025-09-01
dbd6d14d,42665,510,2025-09-28
260bb3c3,21627,412,2025-09-19
c4c34cd8,88614,830,2025-09-11
d8f7e8c6,81249,396,2025-09-30
a6e02a57,17043,482,2025-09-08
004687b0,88458,740,2025-09-15
5a3a690d,72714,271,2025-09-27
0d127771,73340,690,2025-09-13
d503a310,54195,771,2025-09-22
fbea72b6,95614,915,2025-09-08
9cf44643,88476,679,2025-09-25
3cb3f5ba,57636,54,2025-09-14
41351c0f,18703,391,2025-09-22
f8f01644,83977,131,2025-09-29
743b03c8,23116,210,2025-09-13
0c63a607,81490,177,2025-09-07
770008a3,65107,433,2025-09-12
a3e69a29,21409,740,2025-09-13
1ceed62a,40962,817,2025-09-12
a121bed7,93531,512,2025-09-04
1a2d2a89,94220,798,2025-09-02
721def81,12442,939,2025-09-22
57e43b12,73504,819,2025-09-26
bb182e55,65863,718,2025-09-05
51edd931,49766,367,2025-09-01
76a83985,35124,356,2025-09-18
56ea3cf5,83750,223,2025-09-05
1ffad517,25663,100,2025-09-18
12a8e609,28830,823,2025-09-26
531caa16,31528,434,2025-09-25
d6439537,31916,803,2025-09-11
4cd20a7a,92414,774,2025-09-20
fd14aabd,26673,627,2025-09-19
5da1475d,88597,480,2025-09-27
60426ee0,38899,774,2025-09-14
7717ddc4,38145,331,2025-09-16
eb904b85,87562,842,2025-09-27
fa5b5b49,60506,297,2025-09-04
9efee4f8,18069,698,2025-09-17
a560002e,16163,313,2025-09-24
a192f247,93222,705,2025-09-30
6acd375a,59738,823,2025-09-03
d0421ccd,27556,511,2025-09-10
6542e8e7,98694,861,2025-09-25
e0a8ae26,21873,886,2025-09-22
99582fd4,96996,227,2025-09-11
8a9343b4,89975,613,2025-09-20
c47a2321,47602,390,2025-09-21
f384173f,79873,516,2025-09-10
88d9feb3,15256,379,2025-09-20
990376dc,95127,943,2025-09-29
8a4e5893,60626,849,2025-09-23
d0bb9da5,27981,3,2025-09-08
ff7f96f8,81002,837,2025-09-22
398bb1bc,46472,274,2025-09-07
ad4bc9bf,21141,869,2025-09-07
1a151579,25464,162,2025-09-19
bdbb3d1f,93747,295,2025-09-01
89547dfa,61617,503,2025-09-28
73211761,36341,541,2025-09-18
e42c350f,80551,522,2025-09-28
19e935b2,80898,428,2025-09-08
bb32a8d0,99868,840,2025-09-23
6735bbe3,16966,953,2025-08-31
787671b6,53041,936,2025-09-13
e985d747,37091,464,2025-09-23
cae8be64,42715,817,2025-09-23
26472552,53319,432,2025-09-20
34724860,59297,426,2025-09-11
bd4281a1,46166,313,2025-09-07
d7b56875,55794,140,2025-09-11
416f931b,52836,609,2025-09-25
48a21fcf,31332,631,2025-09-20
d3016ce6,57976,528,2025-09-13
8d838a6d,74399,665,2025-09-19
d157d78c,98854,217,2025-09-23
1023dc71,80771,449,2025-09-24
2edfbf03,41065,67,2025-09-05
564071f5,91462,427,2025-09-18
29a1ac80,59120,833,2025-09-06
4bc4612f,42988,431,2025-09-11
f44b7784,12320,934,2025-09-08
36ae2a29,38361,38,2025-09-06
877105e4,24239,829,2025-09-13
94d8ca6f,40330,849,2025-09-02
6f1c96ae,89057,139,2025-09-03
eca8129d,39907,251,2025-09-18
7a4ceb07,19383,142,2025-09-26
a7255631,22429,780,2025-09-19
0a6589a2,84842,788,2025-09-10
76d07787,89964,953,2025-09-26
e4d9466c,32775,905,2025-09-23
3c0abcaa,23015,395,2025-09-19
2d2a5195,91960,143,2025-09-17
dc0c903c,92270,87,2025-09-07
2fd96286,84516,34,2025-09-09
0ee0d2f8,79318,359,2025-09-14
e4ceb1f8,99479,490,2025-09-18
09721960,44483,469,2025-09-05
a5347531,53092,155,2025-09-18
6084f35e,29974,240,2025-09-15
3c3738cb,13860,690,2025-09-04
79e7bd0c,12078,434,2025-09-16
764510dd,17127,25,2025-09-03
b22961fb,48169,712,2025-09-13
8fb54db0,98299,956,2025-09-01
b5f4dfa1,45010,853,2025-09-26
ea4b484f,69465,329,2025-09-02
53c4fc5e,59170,112,2025-09-24
f4269bcc,11124,910,2025-09-02
65dcb71c,43680,589,2025-09-27
da1f5b95,93073,686,2025-09-19
8dc64a91,60645,264,2025-09-13
e80d281b,40222,693,2025-09-20
aa752af8,61080,927,2025-09-06
ed7f0ab8,44296,734,2025-09-08
573767a0,68985,587,2025-09-19
71d40773,24827,202,2025-09-06
88314354,77161,469,2025-09-14
6920a79a,77811,148,2025-09-27
0a8b2fae,15454,719,2025-09-08
06bf63f9,75220,910,2025-09-11
42eb15e0,47655,930,2025-09-02
55dbeb9e,12440,444,2025-09-19
4ed7c020,55644,787,2025-09-23
acc48304,74664,447,2025-09-27
638e4bfe,82212,615,2025-09-28
b1bda664,19629,169,2025-09-02
5aafe5b6,85752,599,2025-09-12
73288bdc,61833,100,2025-08-31
7df9d371,87204,212,2025-09-26
a7ba138a,16045,850,2025-09-30
88c394ea,57005,985,2025-09-21
b9c48dcb,84599,996,2025-09-11
3555b6ba,49896,802,2025-08-31
b37e3f17,96311,130,2025-09-19
693891ce,63554,237,2025-09-24
6eb8be3c,38060,382,2025-09-27
066e8bdc,76709,302,2025-09-06
d4062111,33124,396,2025-09-06
c54280eb,64896,869,2025-09-25
4924d342,67361,937,2025-08-31
7b83a613,43091,864,2025-09-06
d576b44c,26311,896,2025-09-03
77c65d0f,78540,158,2025-09-16
ee4cf2b0,19311,3,2025-08-31
5351e6c8,34319,318,2025-09-23
d42e2186,69944,807,2025-09-28
be6064e9,41812,406,2025-09-15
179fae6a,24777,522,2025-09-02
a8ea14e9,86648,947,2025-09-19
ea46992a,97064,34,2025-09-20
be824ff5,82903,480,2025-09-25
fd9647bd,80823,775,2025-09-25
411a0a1f,16678,875,2025-09-21
e09fb1f1,46001,839,2025-09-18
62995bb0,49584,834,2025-09-19
b66b26e0,46599,402,2025-09-21
8537c773,87476,674,2025-09-11
1fb4e023,30883,803,2025-09-20
c3c169f8,29469,840,2025-09-17
c4c9ffd9,18884,369,2025-09-25
527be97f,40784,553,2025-09-05
9923cfd6,68238,192,2025-09-16
be4cdcab,24466,944,2025-09-21
fab80eef,78502,967,2025-09-28
0f5ce6ad,92148,821,2025-09-27
68a7430f,59889,745,2025-09-16
4857526c,80308,113,2025-09-28
bf16e797,67418,146,2025-08-31
265c89a5,49278,2,2025-09-02
4cae7e2b,88151,508,2025-09-03
daa6e75b,94951,359,2025-09-05
994b716e,57422,315,2025-09-05
efa68f8c,79320,367,2025-09-27
8d571696,63612,945,2025-09-01
ce7624b5,77841,995,2025-09-17
2b37d18b,50322,265,2025-09-06
0e023fe1,17362,781,2025-09-25
31d606df,10948,35,2025-09-14
d02b6f87,81087,493,2025-09-04
86d96272,50607,235,2025-09-23
ab0d9107,39948,751,2025-09-14
6e03a3b4,21145,622,2025-09-01
9c5c81ff,37131,412,2025-09-18
9d3f346d,78869,732,2025-09-29
24dd6a89,48196,389,2025-09-26
074b3918,18692,797,2025-09-21
5ad9c6b4,91396,960,2025-09-24
29ffa503,20469,546,2025-09-03
29db50d4,16592,421,2025-09-23
654b0e48,13328,223,2025-09-11
1e1ad72b,83926,129,2025-09-15
cb5b6dc3,85983,498,2025-09-07
ac45d26d,50247,57,2025-09-25
6f6b194e,42116,718,2025-09-06
a2b03a72,43458,35,2025-09-03
8ced150a,35572,908,2025-09-15
60177f6d,25774,174,2025-09-28
1ca67c5a,82414,53,2025-09-13
19fe25f8,84514,788,2025-09-04
21a94064,50843,772,2025-09-25
ba5f10ac,85121,25,2025-09-06
b4575bb5,92475,422,2025-09-09
ba18b11c,67983,610,2025-09-18
32f2fa62,48614,14,2025-09-01
fcb43e7c,21497,44,2025-09-17
9e52d3d6,96095,508,2025-09-27
d7d1947b,14302,664,2025-09-06
be3b3b1f,51773,894,2025-09-21
69e6e1a3,83486,155,2025-09-07
73899f56,38904,548,2025-09-24
da3ff6b0,76399,311,2025-09-04
95b79e0e,48826,521,2025-09-01
2ff9ab41,93517,629,2025-09-04
a07cd1e1,80571,447,2025-09-14
3ad7eeb9,24731,41,2025-09-04
8be2850f,93610,861,2025-09-08
659ae77b,84359,204,2025-08-31
7af3c562,96905,724,2025-09-05
fc7beb92,84921,572,2025-09-09
5d01c0f7,47811,156,2025-09-10
c7b3e685,57672,257,2025-09-15
020549e8,49281,565,2025-09-28
6a848712,56911,441,2025-09-04
6b316462,77635,906,2025-09-30
5e76f448,39518,204,2025-09-27
8417a207,93330,850,2025-09-08
99744687,67786,183,2025-09-04
55f22e37,37307,201,2025-09-10
1d576caa,86136,948,2025-09-29
31abbf15,96972,142,2025-09-12
5e94c1b5,34883,183,2025-09-13
305c8617,94465,32,2025-09-12
ec10cb88,14502,233,2025-09-18
2536af64,97365,200,2025-09-16
7683f461,20489,644,2025-09-17
f21ed68e,26129,456,2025-09-26
6da9e1ec,73665,276,2025-09-15
097d3ff8,89977,362,2025-09-04
c5c9717c,50557,313,2025-09-14
0c19eb98,71855,935,2025-09-20
b036abf1,83078,649,2025-09-29
ff82c15f,31945,774,2025-09-04
e3ba6a3c,14071,731,2025-09-11
f3f804f7,88392,711,2025-09-08
36cf10db,16854,979,2025-09-21
ebd9df83,48044,902,2025-08-31
46a86489,81618,410,2025-09-29
d943b3f0,53067,480,2025-09-13
7fa43823,68180,512,2025-09-16
fd149f1b,96548,388,2025-09-16
b2ccd5bc,65377,904,2025-09-23
e8445a96,77110,280,2025-09-04
afc4bdcb,24926,542,2025-09-21
4affe12f,33658,988,2025-09-07
045a9b54,49132,40,2025-08-31
960ce979,27254,206,2025-09-08
173ec4a0,99148,41,2025-09-30
a95ee414,56350,546,2025-09-26
43abaa07,61518,610,2025-09-04
24385b31,34594,169,2025-09-07
86ba0969,89709,406,2025-09-22
1dc66c9a,58299,592,2025-08-31
5fe6a44f,17256,941,2025-09-24
dcab153d,57134,921,2025-09-19
248e2134,25363,290,2025-09-05
68bed5c2,70368,966,2025-09-25
98ea569e,40409,772,2025-09-28
df1bb700,85012,703,2025-09-30
580dc77b,96036,329,2025-09-19
2767e608,76458,949,2025-09-20
48f31a01,79689,261,2025-09-03
4c2bbf0a,32424,817,2025-09-30
96a77cfa,58865,332,2025-09-15
e9d2a814,35796,884,2025-09-30
a770e715,86682,696,2025-09-19
ac150b10,19051,948,2025-09-07
8773acd3,38176,382,2025-09-04
79d1d471,37511,120,2025-09-07
02de6b93,62755,582,2025-09-07
c1dccb6c,76543,15,2025-09-22
393e388c,15570,111,2025-09-09
a789a60a,76460,167,2025-09-14
c53907d8,28902,684,2025-09-23
4bee41dd,89377,828,2025-09-12
7d59d194,75161,520,2025-09-06
fa68c9c5,31230,801,2025-09-14
a4e02eec,34988,646,2025-09-12
f56e77a7,11778,464,2025-09-12
efa9bd34,86591,956,2025-09-01
4b3a8209,92795,469,2025-09-01
3c5850cd,70817,626,2025-09-21
894ced52,63896,137,2025-09-19
7606454c,58506,828,2025-09-21
ffb21176,97042,271,2025-09-06
5737c4ed,58053,889,2025-09-24
6c9fe307,75220,204,2025-09-22
8bfbf4b2,35438,880,2025-09-21
fd4b610a,53610,921,2025-09-24
6e10e331,98065,479,2025-09-13
32aa6e61,37200,95,2025-09-28
92a0ee42,62516,420,2025-09-24
31f03e3e,84299,674,2025-09-24
d8ae2cfb,98002,291,2025-09-28
cdd3146b,57688,164,2025-09-21
45943d2b,91097,715,2025-09-03
72bb778b,76064,260,2025-09-28
9b8a6a99,96766,83,2025-09-19
53da6e30,69917,584,2025-09-03
9971e915,29988,851,2025-09-11
7f7ad96e,81123,778,2025-09-16
b36fb0c5,76548,584,2025-09-19
a99c729b,59264,621,2025-09-15
3465bb84,74292,638,2025-09-24
7ab428fe,94766,905,2025-09-01
0539c4e7,37675,134,2025-09-19
1426a51a,74543,79,2025-09-28
b0544eb4,75301,184,2025-09-04
410a11da,48811,744,2025-09-15
5cd10c7d,10779,445,2025-09-23
92a2d7ca,41855,29,2025-09-28
057f8bc3,94621,97,2025-09-18
03560d7e,28417,639,2025-09-12
35d49073,96928,379,2025-09-22
90415a12,46463,590,2025-09-21
bd676ff3,10232,466,2025-09-21
75a5306d,62128,708,2025-09-19
65d7112e,17992,676,2025-09-15
18c1044f,11715,647,2025-09-25
fdb9c93b,79570,126,2025-09-10
f64df7e2,63192,952,2025-09-20
0adbd712,19104,667,2025-09-25
8396afe5,29051,645,2025-09-28
70a4a9b7,23299,738,2025-09-15
605260f2,52556,582,2025-09-21
fe2a0b9e,67075,420,2025-09-26
8c82eadf,55038,399,2025-09-17
bdc05a40,35512,12,2025-09-09
fded6686,19428,441,2025-09-04
394b96a5,49166,689,2025-09-14
c0b225a4,62076,204,2025-09-30
f89d3192,53636,876,2025-09-20
7b613de5,46890,255,2025-09-07
027b04f8,38798,382,2025-09-29
89630657,89515,613,2025-09-04
7cbebbef,17763,454,2025-09-09
4a5261be,54511,140,2025-09-18
330711f4,82206,771,2025-09-23
0a3a1d2d,94442,157,2025-09-11
fbf9d262,70460,486,2025-09-02
702b183e,89607,822,2025-08-31
0758e6cc,27804,989,2025-09-03
b01c5cef,10945,244,2025-09-08
4860ea03,29932,11,2025-09-12
513cda06,27139,677,2025-09-08
4f15aaf2,20839,15,2025-09-10
976b86a2,47812,392,2025-09-27
d459e51a,82035,867,2025-09-04
fc8f40a0,16581,705,2025-09-15
319afd77,94994,309,2025-09-10
053812bd,30238,197,2025-09-05
2e33486e,42709,373,2025-09-30
a4850e34,75785,434,2025-09-09
8256c08d,84316,544,2025-09-13
0bd3785f,28276,247,2025-09-02
6588f598,34093,634,2025-09-10
5843c64a,95087,377,2025-09-21
729ebf9b,70991,635,2025-09-25
247a74dc,34789,577,2025-09-25
b9eec0e0,73831,963,2025-09-10
9ce731e8,18971,80,2025-09-09
b17a5583,72258,823,2025-09-17
607211c4,48049,584,2025-09-30
4d50dd8d,18272,893,2025-09-21
5518d29c,23739,96,2025-09-21
7d240124,19501,683,2025-09-01
9d07d3ee,40726,46,2025-08-31
04b2cfba,53476,512,2025-09-09
01f1c9e8,99159,580,2025-09-30
74f6bf1d,27308,4,2025-09-26
4012124b,16512,82,2025-09-17
1ca61313,20551,371,2025-09-09
a7613155,56595,62,2025-09-29
28d5c4cb,37215,363,2025-09-24
bb6c9440,30412,663,2025-09-25
ccd6bffc,51536,768,2025-09-26
55e06ec8,88702,542,2025-09-01
49096180,83393,695,2025-09-21
4e1b8e33,53799,144,2025-09-07
a109537c,64017,383,2025-09-10
7635ac7d,58914,173,2025-09-15
032906df,97886,828,2025-09-15
4f8905b0,16413,61,2025-09-02
819717bb,72689,237,2025-09-13
53571fdb,76361,679,2025-09-05
184ea08c,78802,244,2025-09-08
8237e70e,59937,246,2025-09-02
5e9a6eb6,44255,865,2025-09-14
adaac34c,43632,760,2025-09-04
7e4e5953,68664,645,2025-09-03
31d18ec7,37517,937,2025-09-27
f832f715,70009,341,2025-09-15
bfd0bd16,35891,493,2025-09-15
bdb29623,44189,569,2025-09-14
51506227,53965,894,2025-09-14
4defadb2,39539,797,2025-09-26
75ab6e73,12549,790,2025-09-05
61b5d172,16485,203,2025-09-08
244a1155,24308,904,2025-09-10
d7f07dbc,16222,370,2025-09-16
b893ccf1,74816,252,2025-09-22
28829da7,85473,332,2025-09-28
93195772,46379,173,2025-09-08
cf229f20,69380,849,2025-09-18
34419bd4,89601,658,2025-09-03
e09d3eaf,45092,419,2025-09-19
4cb6c4a0,46230,435,2025-09-21
4f01f1e9,24612,113,2025-09-12
9d39758e,55926,206,2025-09-07
52cc9536,37977,333,2025-09-28
fa77e230,90077,995,2025-09-02
4a1a9fa9,48733,587,2025-09-11
153ca204,27387,182,2025-09-25
f649fc7b,59428,117,2025-09-01
55b62dda,57638,376,2025-09-26
a67afabc,49815,784,2025-09-04
b1bd9c34,74703,905,2025-09-10
d76ebd3e,22601,161,2025-09-03
08260456,11323,8,2025-09-24
b73482c1,98941,908,2025-09-10
5bf616fd,51808,536,2025-09-19
29120985,85239,707,2025-09-23
14525dea,54185,100,2025-09-27
fdd5cc92,11359,749,2025-09-16
1d89bfe8,62575,595,2025-09-09
e41f3c45,92068,762,2025-09-22
e048eb89,50274,7,2025-09-10
121be911,57208,374,2025-09-10
279b9dcb,89032,161,2025-09-17
3b7efe7b,98043,971,2025-09-21
c5e62712,70801,502,2025-09-04
969bba11,89247,85,2025-09-01
b4ff62da,49915,892,2025-09-10
50dee772,59296,781,2025-09-04
6e208c99,73278,163,2025-09-09
99d129f9,70353,180,2025-09-22
e78a2270,77603,596,2025-09-06
fd9adf99,95798,167,2025-09-08
23b61df9,64526,100,2025-09-05
ac1cfa4f,61424,859,2025-09-13
a8b570b9,52828,420,2025-09-06
8a063745,71102,169,2025-09-17
54d91da1,24372,735,2025-09-17
2424dfa0,46630,787,2025-09-14
c8f57c17,23527,831,2025-09-26
8947dede,94756,504,2025-09-15
a9cffff4,52007,297,2025-09-10
c1636670,76635,682,2025-09-17
5bd26497,36140,373,2025-09-21
ac13ac5b,60052,813,2025-09-02
4ab99a54,44088,133,2025-09-27
a5c01458,75015,743,2025-09-21
0933da0c,57229,272,2025-09-23
79abeba2,56668,720,2025-09-16
e3922f1d,13675,631,2025-09-07
8a167f66,40439,654,2025-09-10
908e2cb1,52889,343,2025-09-10
ddb3c9a3,91345,652,2025-09-12
38ecc15c,86163,433,2025-09-15
1ce63415,56917,135,2025-09-03
f95c6591,50529,438,2025-09-22
a252740e,23196,438,2025-09-08
b547b48e,56067,927,2025-09-29
d2afb869,40666,972,2025-09-30
8bfbc2fb,72838,74,2025-09-05
5bdd78fc,55336,127,2025-09-06
18325da0,79572,116,2025-09-13
250b6265,49250,579,2025-09-30
347394ff,43956,885,2025-09-23
1abf1b21,26053,782,2025-09-19
766c4551,94559,389,2025-09-15
bc527432,36456,20,2025-09-18
137e792b,40517,629,2025-09-23
21e13de1,94559,555,2025-09-01
3f789be5,99025,120,2025-09-26
ab75dcf9,24910,589,2025-09-23
e58768e9,76836,31,2025-09-09
0a2db7f3,21529,139,2025-09-10
3f5b658b,11834,987,2025-09-01
c0da767a,59110,658,2025-09-17
b3c14e64,82780,426,2025-09-13
add0f8fe,22259,612,2025-09-12
235a8a64,89110,58,2025-09-10
9c1a464a,47224,609,2025-09-13
5453f2de,78255,837,2025-09-04
b7912c7d,48862,894,2025-09-26
84240b62,28825,474,2025-08-31
98c27471,70561,690,2025-09-15
0ad0a79a,37261,513,2025-09-20
d5ef7993,64799,247,2025-09-24
d1625ed3,92909,619,2025-08-31
402142da,87452,637,2025-09-11
98618fd4,11718,615,2025-09-09
d173245e,69707,712,2025-09-14
4e0cf114,29774,777,2025-09-06
a783b75c,69050,158,2025-09-22
b3816fed,65643,674,2025-09-19
8ad5d5ce,68205,221,2025-09-13
cc4567b2,48426,754,2025-09-30
9c62982c,99137,489,2025-09-19
98ea7219,81246,631,2025-09-11
ee972aea,33481,403,2025-09-30
770719ef,85591,601,2025-09-15
35d5f737,96992,806,2025-09-14
b3b75d54,69852,934,2025-09-28
99639092,49613,691,2025-09-04
695b9969,34841,627,2025-08-31
ee48777a,97533,98,2025-09-30
d1e9d818,38734,769,2025-09-01
3bc25b9f,59553,947,2025-09-20
6b845447,70030,740,2025-09-19
971d5eb4,88095,848,2025-09-16
49022728,55552,681,2025-09-13
04900e16,43895,717,2025-09-30
e3d2a9b7,32636,854,2025-09-20
c3c6333f,69692,597,2025-09-11
9d6ebe08,79084,255,2025-09-27
4c81aac0,14907,717,2025-09-20
81b69630,22576,437,2025-09-03
dc2dca50,93797,654,2025-09-06
60184e57,38712,933,2025-09-05
366e66bd,89845,275,2025-09-22
ffe3af26,20729,227,2025-09-14
3f5e5627,72832,320,2025-09-16
f0a4f697,33284,960,2025-09-06
d14dfed5,25144,221,2025-09-01
f66ef87c,31395,668,2025-09-28
7aebac3c,40901,540,2025-09-26
738cf9c5,98274,938,2025-09-10
da875303,12561,423,2025-09-04
6c0a449f,46512,705,2025-09-21
fd5ab282,29366,389,2025-09-08
6d5bfb77,22408,463,2025-09-26
4f02c098,70804,291,2025-09-30
69cd78a0,33873,832,2025-09-12
89137985,32235,871,2025-09-25
9199941a,63755,188,2025-09-28
bd2fe701,30566,669,2025-09-07
01a1dc5e,18771,115,2025-09-21
66eefbc0,26867,333,2025-09-06
9b554b50,99394,499,2025-08-31
508ef55b,36760,211,2025-09-19
b608942a,81738,554,2025-09-23
deefeca6,36126,10,2025-09-03
e565aaae,13092,648,2025-09-02
9e2e457e,24208,748,2025-09-03
2944d0e0,92755,832,2025-09-12
69ff7009,98794,536,2025-09-18
78aef8fb,91285,309,2025-09-03
9a6fa9ee,58638,406,2025-09-17
da23642a,17840,787,2025-09-29
e3d6ac6c,28511,847,2025-09-07
8c121ff8,12526,464,2025-09-08
50ff5283,49852,302,2025-09-24
e795962b,10209,712,2025-09-17
401b2758,69980,174,2025-09-19
ff994121,66837,681,2025-09-11
650b8042,75854,58,2025-09-25
df69c075,82149,624,2025-09-11
b7cdbb39,39612,171,2025-09-13
8926fae3,67501,276,2025-09-22
a8275a86,26371,828,2025-09-12
a577b4b3,79754,607,2025-09-29
d78e2859,17093,531,2025-09-12
235e74da,27712,291,2025-09-13
aeab075c,44254,468,2025-09-29
dab6abd8,50044,980,2025-08-31
c3e3e1e5,16894,737,2025-09-06
18f837c5,98693,335,2025-09-27
01b09633,97674,713,2025-08-31
e338a4b2,91810,809,2025-09-28
31898d3b,83051,625,2025-09-28
93300c76,46627,735,2025-09-10
676a70b9,39671,898,2025-09-15
055dc818,96309,626,2025-09-07
9572b8bd,20489,6,2025-09-27
4c7e40e7,64767,793,2025-09-11
a3c24738,27792,188,2025-09-20
012cf203,93607,59,2025-08-31
3b46c03e,81262,498,2025-09-30
8d63c65a,81998,20,2025-09-02
dc9a9cfc,84741,262,2025-09-25
eec7f787,41994,492,2025-09-22
8d3be3e5,66516,892,2025-09-21
79c3b4c5,98476,275,2025-09-17
fec83b42,63642,184,2025-09-06
bce9c87f,24665,109,2025-09-12
470923a2,47531,595,2025-09-25
190bd097,94391,177,2025-09-01
245b8909,67905,319,2025-09-09
bada68dc,41242,752,2025-09-05
9c3f35cd,61266,13,2025-09-24
95f7c636,55732,10,2025-09-26
23fd457e,45450,48,2025-09-12
a3829b3a,88759,841,2025-09-01
7cfe3eb3,23095,349,2025-09-11
69c1a307,55452,169,2025-09-24
a6ca8d93,40427,41,2025-09-15
70b6d8b5,26834,400,2025-09-21
df7e2ecf,88155,723,2025-09-11
7deefac0,12399,609,2025-09-01
1a8beeea,27599,589,2025-09-07
080cb4a5,26818,737,2025-09-06
2539a0da,97489,317,2025-09-22
fca01816,41042,883,2025-08-31
8af38d45,65676,565,2025-09-30
62b4d12f,75565,105,2025-09-13
5ea6c337,75643,824,2025-09-09
b5a03e7c,38769,738,2025-09-17
836d4653,38985,574,2025-08-31
ec3e4ab8,34539,603,2025-09-27
4c760528,48475,268,2025-09-25
e4da5431,75568,985,2025-09-08
763cfc17,57794,254,2025-09-08
8cc078b4,64938,935,2025-09-01
a9de682e,25718,990,2025-09-08
a10f2980,40138,491,2025-09-11
224fe834,79178,31,2025-09-12
92dbd44a,36242,656,2025-09-20
4cfe301e,34247,235,2025-09-06
84a747e1,72822,548,2025-09-11
6ae37853,67691,711,2025-09-04
c289924c,15282,197,2025-09-20
3fd2ff87,49641,486,2025-09-26
12c6219a,81155,186,2025-08-31
374cedb2,13529,241,2025-09-14
f0c7b614,29342,932,2025-09-23
19ac1817,40660,576,2025-09-26
c6e2715f,36951,236,2025-09-03
55c25fdc,20105,291,2025-09-28
45331e5e,42054,12,2025-09-26
1477507f,32895,18,2025-09-11
132d9872,28669,556,2025-09-24
8d5efa8a,49571,601,2025-09-30
a5c14ad8,12444,567,2025-09-23
c4e66f76,71165,716,2025-09-15
8c013015,74453,415,2025-09-01
23626fa5,90284,993,2025-09-21
580330e7,14773,11,2025-09-09
2661e816,39728,217,2025-09-13
55552db2,31889,85,2025-09-01
927b2911,14100,570,2025-09-05
e55b7e0d,23886,459,2025-09-18
485ccef6,66463,94,2025-09-14
b1a9509f,13785,253,2025-09-29
68d7db74,16554,881,2025-09-27
74460ebb,20216,78,2025-09-13
196a00b5,87795,896,2025-09-01
f8e0208a,60570,877,2025-09-28
807e536c,97679,518,2025-09-22
2a9880db,15869,471,2025-08-31
ab3e3f70,24881,821,2025-09-17
40e7279d,87994,349,2025-09-20
63ee8a33,25816,442,2025-09-14
d34d0048,39035,645,2025-09-04
14840f73,24144,282,2025-09-03
8cadbfb1,89544,941,2025-09-14
ecc45562,29322,136,2025-09-12
029fd282,79324,384,2025-09-16
f33c8ff0,71453,957,2025-09-09
7061da87,26045,695,2025-09-09
2abbf436,96781,397,2025-09-11
4cc04399,87760,983,2025-09-23
7b0c0d9b,87434,471,2025-09-30
26603f6f,56933,104,2025-09-30
e51fb42b,74547,867,2025-09-19
2db9cc50,76034,398,2025-09-05
dd246ea2,85654,869,2025-09-08
6a9e4432,14232,521,2025-09-14
ea7b8e70,18629,390,2025-09-13
bd904be4,49746,141,2025-09-06
ec57333f,31618,164,2025-09-19
eeb9875b,90553,563,2025-09-06
aafc7f21,60238,796,2025-09-06
05c4a110,87917,874,2025-09-08
6182ac73,93520,682,2025-09-26
cbcc706e,67394,120,2025-09-15
9955efa4,19984,162,2025-09-21
2f32a289,71754,603,2025-08-31
8cbc8319,18073,880,2025-09-06
276070e9,46612,30,2025-09-19
e8ff39a6,83642,32,2025-09-15
1b099bfd,67683,693,2025-09-29
3db876d9,83297,157,2025-09-07
702cc3c2,15295,428,2025-09-29
b6218c13,91853,245,2025-09-26
0b87873c,82134,25,2025-09-16
42fdfbe8,61444,763,2025-09-26
5d17ef0b,78753,109,2025-09-03
e457a477,37825,239,2025-09-14
a6102124,40499,583,2025-09-01
b76be5a8,63971,403,2025-09-02
e4d93781,52214,196,2025-09-19
f026ecf8,94266,754,2025-09-20
21af45ea,95057,588,2025-08-31
d979abc8,30029,481,2025-09-04
28e40c3e,88685,905,2025-09-26
5ff948c3,13343,902,2025-09-02
f729a24e,29506,315,2025-09-26
b58a2fb4,24430,324,2025-09-10
503b6fa5,44523,883,2025-09-23
32ff6f15,75770,196,2025-09-11
3fee5098,91946,205,2025-09-24
667017b1,74230,188,2025-09-27
be60ebf6,52458,918,2025-09-28
f1063a61,11984,99,2025-08-31
c954305d,62903,767,2025-09-29
95e3cd7d,80662,352,2025-09-09
f0e6f58b,21046,563,2025-09-16
11e1f012,22026,239,2025-09-20
250c6338,94704,151,2025-09-23
d6361ed4,78614,818,2025-09-02
3d607553,52084,503,2025-09-13
b2d74b5c,37984,26,2025-09-13
b13778a1,84130,731,2025-09-19
871929b1,69437,996,2025-09-15
577eb833,76542,350,2025-09-23
d607664d,55577,645,2025-09-03
0751c5ed,34361,825,2025-09-16
1f117cc0,55846,809,2025-09-18
12b5fbd1,20360,380,2025-08-31
3275e567,30776,127,2025-09-04
bf64efa7,43676,411,2025-09-26
ec803579,27861,848,2025-09-19
cc4d2305,89770,86,2025-09-19
11d726a5,11125,458,2025-09-13
14405fcb,85061,507,2025-09-03
765aef65,24559,812,2025-09-15
94fd195c,15550,446,2025-09-18
608b2486,66097,591,2025-09-23
fd622007,99114,133,2025-09-11
e759bec2,46182,518,2025-09-23
acc104ab,81623,141,2025-09-22
4054b591,95662,952,2025-09-25
c11f23ba,76189,295,2025-09-26
7f0a5c30,51245,570,2025-09-23
c644977a,26827,715,2025-09-07
417db43b,64872,119,2025-09-07
5e6805c3,87641,947,2025-09-10
8bac3775,13318,924,2025-09-19
6f17c11d,81825,450,2025-08-31
be5cd8ba,50132,226,2025-09-19
a130e5c4,68402,170,2025-09-28
391445af,77821,20,2025-09-06
d81084a2,23475,886,2025-09-09
c6a0ea09,16969,19,2025-09-18
574a956e,82796,231,2025-09-28
9f304341,94267,750,2025-09-14
c81292f8,74571,303,2025-09-24
5b504fb5,40136,801,2025-09-05
0c3e0c77,24170,518,2025-09-06
abfe7b0f,99289,216,2025-09-23
300a196d,60065,981,2025-09-18
8211b021,15927,316,2025-09-27
882ef248,47461,324,2025-09-04
8b863623,63617,597,2025-09-18
4b77fdf7,18525,663,2025-09-20
5278156b,77662,345,2025-09-09
2898076d,99003,556,2025-09-28
bf0afb6f,69460,659,2025-08-31
cbe49688,90411,109,2025-09-28
c3e7988c,62488,754,2025-09-20
ff7b0ad4,69097,533,2025-09-27
99b841d4,33357,544,2025-09-25
743568e6,27750,514,2025-09-12
77d8aca8,21523,418,2025-09-26
27e0dc77,42759,824,2025-09-23
d35cc94f,91800,451,2025-09-10
1c11f4b4,34685,107,2025-09-02
d34ef128,47327,363,2025-09-23
aec5f139,19811,650,2025-09-27
68186fa6,82581,75,2025-09-01
66954616,49336,239,2025-09-01
79b7b629,86255,563,2025-09-30
9d78f3bf,94162,770,2025-09-13
9ad03832,24034,708,2025-09-20
4ae3dfba,67387,929,2025-09-22
70b6b02c,37915,482,2025-09-22
6ab84cbf,93617,305,2025-09-03
ae4dccd8,89544,813,2025-09-18
5e0f23ca,31167,332,2025-09-10
ded44433,13417,828,2025-09-09
8ea3f2d8,80341,724,2025-09-21
ac9aa253,49475,90,2025-09-08
5cdc5219,63338,183,2025-09-22
3ceaa016,11600,395,2025-09-30
b9a82ef1,41731,938,2025-09-30
4e1768f6,36478,982,2025-09-10
586ec51c,83759,439,2025-09-23
1e155159,47824,903,2025-09-16
b589bd41,90376,701,2025-09-20
e517624f,71248,304,2025-09-25
b3a7fab6,85700,641,2025-09-03
c676fec2,26472,999,2025-09-16
2be9a737,83969,287,2025-09-02
8793c60e,25158,102,2025-09-01
366cd862,29364,926,2025-09-16
fb41d7c4,60702,398,2025-09-26
2bdde8a3,15562,972,2025-09-12
1eb043ea,16375,565,2025-09-14
c320b713,94978,51,2025-09-12
ca77ed53,29976,749,2025-09-02
c6c17feb,66875,148,2025-09-10
a24176f8,54748,171,2025-09-08
72fc880e,35859,603,2025-09-15
b4d76c2a,53415,879,2025-09-27
cfed2df4,42930,70,2025-09-01
a391cf31,73279,116,2025-09-13
6f5999e9,21857,418,2025-09-11
5cea0929,75787,25,2025-09-08
6c9b3cb2,31518,804,2025-09-14
050108bd,53294,266,2025-09-17
4d377009,14209,539,2025-09-21
4fd0b2e0,20032,127,2025-09-13
cde013d1,68636,973,2025-09-09
43a714f4,13536,435,2025-09-28
53bab47c,96440,34,2025-09-27
69a08057,31794,568,2025-08-31
759ffdd4,74705,260,2025-09-20
00c7c674,93457,350,2025-09-19
93021a36,51936,34,2025-09-22
e64aeafd,68684,195,2025-09-07
7f5c5908,58834,676,2025-09-01
c30894ac,78204,569,2025-09-25
0f8f6561,56698,293,2025-09-28
ad8aad5a,53121,502,2025-09-18
435fb83a,99503,615,2025-09-14
752c3c39,49112,293,2025-09-15
8e403fac,74539,688,2025-09-06
bcda7047,95342,72,2025-09-04
d9d705bd,52574,549,2025-09-10
547c5bab,74244,964,2025-09-12
33ea3ee3,89909,807,2025-09-11
be5bbcd9,40587,566,2025-09-07
c77d9d11,11663,809,2025-09-15
6af4637c,75714,777,2025-09-17
8144daf4,83200,647,2025-09-04
6a6a3f2b,45409,258,2025-09-10
b5aafbb2,53106,229,2025-09-05
ba7c921f,91754,511,2025-09-08
f527001d,67277,600,2025-09-26
eeb464d9,78152,67,2025-09-16
effa2d2c,96777,96,2025-09-16
811c8add,57356,700,2025-09-10
9ea1f35e,11707,126,2025-09-08
27980324,37338,459,2025-09-19
58bf76ab,41757,997,2025-09-05
443da495,70976,615,2025-09-15
f9bcd17e,35634,435,2025-09-11
805e3174,48851,671,2025-09-25
8beed64c,44401,191,2025-09-28
4c81bd3a,13126,439,2025-09-09
833d5826,17418,542,2025-09-22
56cb6e5d,71959,312,2025-09-23
aba3ba7f,30112,485,2025-09-09
432441a9,76534,982,2025-09-12
5aaa56c4,36854,238,2025-09-18
b732f5f7,55796,116,2025-09-15
99a37695,12152,202,2025-09-08
3e2886a2,64281,33,2025-09-04
3f56e802,88082,78,2025-09-04
93af6e59,82737,811,2025-09-26
f22ac3ce,96515,919,2025-09-05
28d2d0a6,95774,598,2025-09-25
d7d1c8f6,54210,49,2025-09-12
73a18a41,67519,191,2025-09-09
1603a357,24432,494,2025-09-07
ffbbb951,59689,342,2025-09-11
77c8cea5,92835,203,2025-09-18
0c8fdbc7,39411,299,2025-09-08
59d9240a,22834,495,2025-09-09
b165dc38,35912,499,2025-09-17
27af16f3,79010,310,2025-09-18
ab201713,95324,255,2025-09-30
261772a0,71407,264,2025-09-25
60448ed1,36055,290,2025-09-04
60e08578,59341,267,2025-09-10
466088de,80368,788,2025-09-05
87a1a3ae,16437,716,2025-09-29
053151ed,41504,909,2025-08-31
6474d43e,81202,194,2025-09-21
6d0ec899,23803,763,2025-09-14
0f4a84f5,69283,901,2025-09-02
9c7c39d6,82793,123,2025-09-29
347bc5c8,24798,149,2025-09-13
36db8943,52882,304,2025-09-15
5602efe9,90646,344,2025-09-19
91b7fa0e,84404,636,2025-09-30
f499f93b,93700,500,2025-09-23
4a51adb2,23547,133,2025-09-05
eda2dea1,55113,221,2025-09-27
2f7c4ba8,62706,899,2025-09-29
b47c9e30,48188,48,2025-09-14
23eb3daa,42442,608,2025-09-03
b09fabda,70947,51,2025-09-25
944a68df,30742,676,2025-09-07
aa3eac62,39289,258,2025-09-01
8b1893a5,87258,378,2025-09-20
179bb41d,81349,516,2025-09-09
53d1381d,90112,669,2025-09-11
00b9700a,65344,999,2025-09-01
3f5a5fdc,60296,193,2025-09-20
2554c602,83951,629,2025-09-21
4606239f,82723,405,2025-09-18
e3afcd04,77177,799,2025-09-09
51d9af78,13982,202,2025-09-28
4e45e042,21267,3,2025-09-27
629b398b,31039,273,2025-09-17
8fb3f9f4,70722,633,2025-09-30
8434d573,81853,283,2025-09-28
06c1c1e6,20995,876,2025-09-01
bb150701,12931,594,2025-09-27
8d97e551,39604,672,2025-09-26
233c97e8,59531,177,2025-09-15
81a3f1f7,25643,449,2025-09-27
3c7fb8c0,52449,970,2025-09-01
7bce4e85,76849,589,2025-09-04
16aafc11,11467,530,2025-09-09
41d61bf9,42587,496,2025-09-14
e5e95ff2,25771,975,2025-09-20
6154a5af,67277,684,2025-09-08
8cbeb648,73262,755,2025-09-03
80a99296,46766,541,2025-09-05
d6a8e446,32216,565,2025-09-30
c60e8dd7,50158,400,2025-09-14
0dad259a,68959,970,2025-08-31
a1355460,11047,833,2025-09-04
13380bbb,12442,747,2025-09-27
e20997ad,91747,874,2025-09-09
66ee833f,90579,341,2025-09-18
aa928c00,97636,328,2025-09-22
dc132b90,15271,443,2025-09-05
db1091bd,83350,1000,2025-09-06
92e77fec,58798,478,2025-09-08
3b8c2941,48019,584,2025-09-26
505d233e,53676,992,2025-09-21
69f78778,57070,976,2025-09-08
109df95c,62311,947,2025-09-24
a0d45b51,50630,377,2025-09-15
a15cecf4,24413,789,2025-09-16
993243dd,18706,989,2025-09-18
757e2e38,51502,911,2025-09-09
3d259442,45166,701,2025-09-17
0ae746a9,38107,579,2025-09-17
3d1fc713,18955,329,2025-09-03
0734a79d,21738,306,2025-09-07
c5581ae3,11709,307,2025-09-09
328bfbe7,52858,42,2025-09-30
c0d53129,11885,497,2025-09-09
ac7cf0e6,18966,108,2025-09-12
ba80d793,89667,339,2025-09-03
7e243592,23672,809,2025-09-20
9d9d64ee,25560,78,2025-08-31
ac4e7961,62486,672,2025-09-04
539b9f34,60691,514,2025-09-19
3ab9e4a8,51978,566,2025-09-02
b6fba786,72018,772,2025-09-27
dd041cd7,16598,505,2025-09-07
60944b6c,34779,137,2025-09-29
39b4567f,18462,496,2025-09-09
181b1851,42399,464,2025-09-25
23a1436d,61810,972,2025-09-17
465e0cb3,38603,383,2025-09-27
6030bb8b,77651,365,2025-09-21
437dc8af,58252,322,2025-09-14
20a60f05,32098,243,2025-08-31
76d6bc95,49983,722,2025-09-14
4918ff44,29364,877,2025-09-13
0958dfdb,68310,431,2025-09-17
2f4304be,52108,335,2025-09-10
9185234b,25527,31,2025-09-05
74a3b048,79473,100,2025-09-14
1c59b24a,26886,118,2025-09-20
a22915de,17350,374,2025-09-28
ab31f154,66365,935,2025-09-25
56910ca9,32673,804,2025-09-15
e132849d,20532,221,2025-09-25
2e9f5c95,58350,410,2025-09-02
078dbf51,91804,335,2025-09-19
c01b85cf,60196,716,2025-09-25
e65e58e7,61932,799,2025-09-06
43d9480a,62569,615,2025-09-27
86c2c8a3,35212,894,2025-09-23
49fb80e9,57399,412,2025-09-06
27229a9f,69837,446,2025-09-01
fc78d936,73385,54,2025-09-20
68bd2e19,90199,416,2025-09-07
bf1376a3,81389,597,2025-09-08
efc913a3,66288,128,2025-09-13
274a6a84,35616,912,2025-09-21
280b3490,14004,404,2025-09-23
d558ae5b,80145,884,2025-09-07
3205c91c,77858,83,2025-09-29
2f5f9c22,35085,404,2025-09-10
c8e8f6e5,89439,315,2025-09-26
16185f71,57446,719,2025-09-27
b3931881,88199,63,2025-09-26
97a25e70,70714,972,2025-09-27
702773e4,97637,337,2025-09-29
9de722a1,42545,367,2025-09-15
4c283eff,25942,883,2025-09-05
119b5b17,67274,415,2025-09-19
b1c34b84,35846,987,2025-09-05
cbdabeba,19084,923,2025-09-19
08608432,33816,270,2025-09-26
333c44d1,60563,322,2025-09-03
b473c5a0,22303,788,2025-09-07
c4ff6dde,48505,892,2025-09-23
8a2c776f,86114,290,2025-09-19
4a9a505c,60705,121,2025-09-18
cfd4f71a,69664,563,2025-09-16
43afcde3,75021,193,2025-09-12
ae19d79d,18535,622,2025-09-09
8fe5807c,67154,663,2025-09-21
5fed5ec9,38939,38,2025-09-21
1a67086c,83337,296,2025-09-17
6d525fe2,75237,529,2025-09-14
b22feb3e,54250,730,2025-09-09
dfaf670f,80202,677,2025-09-16
ae8bed87,38604,923,2025-09-07
dcc06484,76831,840,2025-09-07
232d00aa,77227,575,2025-09-21
5e9a72cc,31079,426,2025-09-24
e33d882d,28956,7,2025-09-28
9f9f2a6f,20439,175,2025-09-04
2f86d5b7,68466,949,2025-09-19
9fad5ebc,47263,607,2025-09-06
2aa84220,35642,422,2025-09-12
832a2efa,37920,173,2025-09-25
cd844fff,44007,669,2025-09-19
0a2ebcbf,16072,914,2025-09-07
efd5eb52,31917,778,2025-09-26
54828c2a,59679,407,2025-09-08
e6af7285,98069,651,2025-09-08
3927739c,16743,79,2025-09-15
06656862,69749,16,2025-09-05
fae97ee2,66935,714,2025-09-02
7202b118,17598,800,2025-09-20
56d8f265,72474,973,2025-09-21
9490a27a,21676,320,2025-09-12
b96c3283,17525,209,2025-09-30
79a5ddc1,25293,22,2025-09-01
9c3b7f1f,32610,767,2025-09-24
48230593,12859,855,2025-09-16
ff8d5c54,40984,393,2025-09-16
638c8055,61632,629,2025-09-06
f0f37838,45551,585,2025-09-01
096dee78,15951,638,2025-09-23
df783f0e,87180,877,2025-09-17
7bf7d1e5,92453,871,2025-09-28
4a9bf721,81747,835,2025-09-12
696cc013,76150,675,2025-09-24
7d1a5226,55725,527,2025-09-08
324e68a1,85677,517,2025-08-31
d38e70af,88998,722,2025-09-12
1f4b540f,51964,430,2025-09-04
07723bf7,51360,789,2025-09-18
f2ef7489,75239,604,2025-09-28
343e90e6,28493,974,2025-09-22
0b37cd02,96385,643,2025-09-15
6eaba3d0,99183,294,2025-09-12
4a149aa7,19917,945,2025-09-08
4c6939c2,52186,711,2025-09-10
26a57464,30357,106,2025-09-21
09775652,92522,439,2025-09-06
5d2e8a2b,28051,447,2025-09-01
9aad3b05,84162,517,2025-09-23
dca0e92d,38097,634,2025-09-16
27d95921,85283,540,2025-09-12
1b68ef57,59798,378,2025-09-16
713afeda,25801,640,2025-09-14
2a6dc865,12509,384,2025-09-11
f15c491d,63235,690,2025-09-09
371bc7e1,35741,575,2025-09-19
8eb8cd76,17196,760,2025-08-31
b514717b,21055,625,2025-09-21
b7eb364d,59888,353,2025-09-24
520dcf57,68567,46,2025-09-29
316d90bd,81926,247,2025-09-06
8fd9f49b,29335,6,2025-09-30
fd45baeb,20377,370,2025-09-12
5334edaf,10784,923,2025-09-08
a7debf09,11828,668,2025-09-26
5e488f40,25371,703,2025-09-16
1a576e08,97130,179,2025-09-21
1036af43,85760,674,2025-09-19
6d2b5ee1,23781,214,2025-09-03
dd9c4dd1,63271,615,2025-09-30
bf11a2c7,20789,958,2025-09-01
49799571,94703,560,2025-09-08
2ec5241e,73527,639,2025-09-27
ee8c8cb0,81959,947,2025-09-06
12661a5c,90676,226,2025-09-30
3d1b9e3a,14860,756,2025-09-15
702efade,54337,873,2025-09-18
1bf33f7f,90332,987,2025-09-05
efc994c7,42774,77,2025-09-28
1aa94161,63237,487,2025-08-31
4a351d16,79831,357,2025-09-12
5713806d,31128,424,2025-09-16
ea103190,90941,896,2025-09-10
c54baca8,19895,240,2025-09-21
9ec6b77d,51841,896,2025-09-19
f6b7e4cc,16492,543,2025-09-14
194edd51,25512,356,2025-09-17
8561b3d2,92299,699,2025-09-21
054843db,43776,578,2025-09-05
a48d1b13,17214,349,2025-09-17
fce626b1,31138,837,2025-09-13
1fbc5e37,15753,623,2025-09-18
68700bb8,67614,78,2025-09-12
6f229d88,59197,605,2025-09-16
30b77cd2,24014,556,2025-09-17
4e9fcfca,74022,222,2025-09-14
3918d2a3,62180,946,2025-09-28
bcf93a3a,22229,614,2025-09-22
11f05b93,89261,449,2025-09-07
6bfba18a,31187,550,2025-09-04
5dfea8ee,24622,254,2025-09-20
f127c095,79815,970,2025-09-30
b8f0526a,76939,987,2025-09-10
331ba68b,12276,663,2025-09-14
df741da0,76986,469,2025-09-07
3366a21a,53503,770,2025-09-10
43669e8d,97572,13,2025-09-06
0f535f2c,57118,173,2025-09-02
560bf8c4,47821,722,2025-09-20
cd9c63d2,82889,436,2025-09-18
78a7dc00,55510,251,2025-09-30
beb999db,20689,469,2025-09-09
0a8cee83,22376,257,2025-09-08
4ca610c1,62161,92,2025-09-04
98292907,29615,797,2025-09-01
44e1bfa0,68951,405,2025-09-12
7901213c,33000,181,2025-09-12
662c1829,69230,763,2025-09-01
7d79b225,90548,494,2025-09-09
c4e380f7,54116,435,2025-09-04
92fb73e2,45282,928,2025-09-30
8f613ce4,14097,335,2025-09-27
542a3493,50875,200,2025-09-30
831147a2,38437,179,2025-09-11
37c5a9d6,95981,931,2025-09-06
1dc3d72b,54502,429,2025-09-29
1e5881bf,47967,618,2025-09-07
9173ea69,56411,131,2025-09-02
c4a99ae5,90894,154,2025-09-20
c431195d,97593,492,2025-09-11
499f7975,94400,427,2025-09-27
3819a4e2,15675,743,2025-09-05
bc7affdd,96094,444,2025-09-04
08fe5439,20886,981,2025-09-25
665b3bfa,68178,973,2025-09-21
58d2209d,39355,649,2025-09-19
23483843,85260,956,2025-09-30
0f734656,49709,635,2025-09-20
dd2a5e21,49780,289,2025-09-10
3e6e6927,13737,474,2025-09-06
87b8ed96,22141,268,2025-09-20
d428641f,78234,203,2025-09-25
796ea316,13922,955,2025-09-24
a7e8cc3c,87939,695,2025-09-25
cfa3e506,87374,558,2025-09-08
3aa694d6,74512,368,2025-09-18
d6e27306,46058,656,2025-09-12
211405da,41829,220,2025-09-15
febfa400,79411,183,2025-09-20
b5d150f0,97352,977,2025-09-15
88ab85da,97312,875,2025-09-07
d8fce73c,86958,119,2025-09-12
8473c01e,11103,182,2025-09-01
4e502cf7,89543,554,2025-09-16
01b65770,17614,813,2025-09-10
a6a37204,74648,484,2025-09-24
21aa3544,19147,426,2025-08-31
3217fe44,42353,738,2025-09-12
1cae54fb,52261,804,2025-09-26
94e88c61,27061,53,2025-09-11
84c94ec9,45520,851,2025-09-28
a61dbccf,51404,656,2025-09-15
17bf028d,68859,591,2025-09-04
7101eeb9,40858,448,2025-09-27
0a10ed0c,10736,938,2025-09-29
7b5c56cb,76835,744,2025-09-26
3b4080f9,68874,717,2025-09-15
77238986,44560,222,2025-09-26
cc59f67c,16120,263,2025-09-05
bb262a47,41013,874,2025-09-21
7e4c7934,23991,356,2025-09-22
5217f322,76467,643,2025-09-22
60ab87bc,83114,219,2025-09-17
26b82f8f,50451,988,2025-09-03
180568a0,86857,899,2025-09-30
ac7a1d9c,75945,844,2025-09-30
2bb21d05,41042,960,2025-09-26
af2069e7,24801,91,2025-09-27
cb61ae94,58116,280,2025-09-09
e4d76d63,75310,302,2025-09-06
0ad1ea8a,99662,316,2025-09-10
bf38a56d,38040,885,2025-09-27
b459a304,45224,368,2025-09-27
6a97567f,72487,829,2025-09-12
05a109da,26844,686,2025-09-03
a13537d9,29060,851,2025-09-23
64614d27,37650,747,2025-09-18
415c4109,44508,42,2025-09-16
fab2a42b,98774,820,2025-09-28
39291701,81013,904,2025-09-09
dd20fa24,76312,696,2025-09-09
26ec0ae4,43274,265,2025-09-14
b1163125,85042,210,2025-09-29
1cf1a67f,47568,567,2025-09-01
c87a2928,59259,964,2025-09-14
ca84d86c,29371,939,2025-09-05
6c6c8257,99212,585,2025-09-13
e6676cab,68466,842,2025-09-14
b2373df0,12421,134,2025-09-22
35179ef9,22485,92,2025-08-31
a273f721,33579,121,2025-09-20
db96c4d2,65701,248,2025-09-08
c84997c7,17389,284,2025-09-05
ff773487,86094,264,2025-09-14
5caa3843,61190,457,2025-09-22
1b263e82,14518,248,2025-09-19
7010b0bc,70599,137,2025-09-13
eb4c43f0,14305,639,2025-09-20
1bbe185b,38860,402,2025-09-21
40ed3b0f,12363,764,2025-09-21
6a9dc402,82403,629,2025-09-15
670d80e7,31883,366,2025-09-12
763dde77,56803,511,2025-09-12
4e8658b0,20651,437,2025-09-26
8244132f,35244,893,2025-09-12
a4729493,18094,670,2025-09-07
a1da23ce,19742,477,2025-09-14
e7c0b8e0,63785,518,2025-09-15
fb1c9ffc,27735,78,2025-09-21
d071c12c,37318,286,2025-09-17
57e998c8,89586,889,2025-09-27
690dde39,95605,848,2025-09-27
a1bad373,40989,447,2025-09-30
d9e8b92f,12068,410,2025-09-23
f2329771,76109,300,2025-09-30
860152d5,21592,37,2025-09-28
38e9d344,60244,97,2025-09-11
1359d575,43564,867,2025-09-01
df2f5ca0,22556,719,2025-09-21
5844196e,32878,24,2025-09-03
374aba26,95012,192,2025-08-31
311a22bf,61936,405,2025-09-02
bf67fccf,71851,669,2025-09-03
7d02d806,50981,396,2025-09-04
9d94ccff,42989,14,2025-09-11
f992b684,44421,622,2025-09-23
65c1919e,27228,26,2025-09-21
a3f227f2,91434,543,2025-09-04
fb48a8e9,81893,74,2025-09-06
361363b9,88698,486,2025-09-11
4084be1c,91831,336,2025-09-25
8847aa00,29963,697,2025-09-21
96e7bf6c,55730,503,2025-09-06
1680a546,44860,685,2025-09-12
9d52e083,26009,571,2025-09-07
fac1a70d,38098,69,2025-09-19
43f9020c,20154,125,2025-09-12
11dc8f4d,52717,341,2025-09-01
0d54f2bc,42159,484,2025-09-20
66dd771e,76765,196,2025-09-06
e708e0ee,22237,934,2025-09-28
f20c181c,39501,199,2025-09-07
2c2e26bc,46084,909,2025-09-28
38b92576,48794,230,2025-09-19
32e55196,50374,400,2025-09-04
aa5bc6b4,64478,954,2025-09-10
420d177b,91338,554,2025-09-20
4c170ddb,69997,845,2025-09-27
f1be1815,38602,472,2025-09-17
8a59d4f1,94287,552,2025-09-27
e652cb60,10173,784,2025-09-02
6cdb2a82,24915,979,2025-09-24
a05d942d,63966,1000,2025-09-01
c6869862,53301,163,2025-09-05
e4e3519f,80057,820,2025-09-12
91353e20,75246,846,2025-09-08
b1ffbf7b,47226,60,2025-09-12
7a526eeb,47430,811,2025-09-18
63331b24,11553,738,2025-09-13
d1cd7ddb,10343,710,2025-09-16
78277d10,27517,226,2025-09-13
2aeebc02,14766,71,2025-09-20
54b1c7b0,42153,855,2025-09-05
be1cddfe,57495,798,2025-09-25
da1983ee,15347,980,2025-09-26
a2b44f94,79085,764,2025-09-07
29ef1c5e,23576,733,2025-09-05
6c7ba44c,54394,227,2025-09-03
78fbc695,39763,217,2025-09-14
5f364bb7,48143,497,2025-09-16
64f9778e,99489,276,2025-09-24
fca850fd,51570,528,2025-09-04
3d208c3a,19539,719,2025-09-06
bb2cca46,28203,297,2025-09-28
70042fb9,42023,440,2025-09-17
db925f5f,78321,10,2025-09-19
9cd199d5,46724,718,2025-09-19
81695427,47747,208,2025-09-22
96a43080,65854,219,2025-09-02
6e6ba2c5,79131,572,2025-09-30
3a77f05e,38740,819,2025-09-22
46118ce3,68365,571,2025-09-05
bbdaaf9a,86445,819,2025-09-06
4794fbe9,76739,851,2025-09-03
006da6d3,81262,337,2025-09-27
0ea2d061,47879,447,2025-09-29
fa6e96d5,73780,864,2025-09-23
f48b3d08,49382,940,2025-09-24
833162de,68262,306,2025-08-31
efb38595,21464,745,2025-09-21
f9f7f4fb,82118,242,2025-09-28
2dc2ccce,99056,935,2025-09-12
e6b2ab20,70908,378,2025-09-28
f81e4602,17254,861,2025-09-01
8c6cacf7,77118,169,2025-09-30
77442df8,49482,310,2025-09-25
37673cc7,53655,924,2025-09-21
45760b4c,89566,779,2025-09-10
b4e830a3,77770,991,2025-09-12
5df89dbb,76698,134,2025-09-03
a55c28c5,30888,822,2025-09-19
449db505,15382,182,2025-08-31
3abfcfa4,22693,133,2025-09-12
15fa4d2d,83409,766,2025-09-26
406fcce3,35464,33,2025-09-19
219ce59e,53669,165,2025-09-26
f84c7cc5,38938,454,2025-09-26
3306bcb7,72328,414,2025-09-01
c288f5c2,46359,754,2025-09-03
4a6efe4c,79896,889,2025-09-12
90721c79,23369,418,2025-09-02
d643e1f8,62413,24,2025-09-14
b8676941,11582,994,2025-09-26
2bc8f442,34106,696,2025-09-11
f8dbf7bb,50650,413,2025-09-11
e6bb7e5e,29065,645,2025-09-23
252e89ff,26425,69,2025-09-14
d85452f3,52326,356,2025-09-17
aad1c96b,16063,909,2025-09-29
9b9ccc1c,22457,980,2025-09-07
699cbf9c,75298,470,2025-09-11
659e7499,66658,256,2025-09-25
d35e5dcb,97130,138,2025-09-16
953ab81c,91447,445,2025-09-14
23173839,29469,11,2025-09-14
fb746d25,84555,243,2025-09-15
7571e559,80059,510,2025-09-05
3fd580f5,60403,574,2025-08-31
92dfa436,75953,836,2025-09-28
bdebb6d4,25888,741,2025-09-16
51594df7,87268,567,2025-09-30
1a2bc56f,80000,94,2025-09-19
28a0c9de,83171,810,2025-09-28
f8e3412f,82481,77,2025-09-23
b79c6685,38765,630,2025-09-06
ec877ea4,33528,855,2025-09-01
e437d393,36649,186,2025-09-26
3c673078,99847,50,2025-09-11
44596765,45933,703,2025-09-13
1995b160,50460,458,2025-09-10
92ed0339,49476,24,2025-08-31
5243c76f,58739,265,2025-09-15
b4c8bfcc,32474,699,2025-09-15
b5a7d75e,15524,32,2025-09-17
088938d0,63419,276,2025-09-28
2636b063,15836,242,2025-09-12
1d8255f4,11412,84,2025-09-13
0d97c1ce,11265,248,2025-09-12
628a6937,74030,525,2025-09-02
7cab7427,79615,239,2025-09-10
658b8c0c,44442,461,2025-09-02
23df5e2e,20369,388,2025-09-06
da0c3a75,35509,824,2025-09-29
f55ba9de,34790,355,2025-09-05
55144793,72584,605,2025-09-25
bad68ea5,47579,171,2025-09-29
f5536197,85429,621,2025-09-07
bc7c4784,46008,821,2025-09-06
14446bc7,94433,264,2025-09-28
fe86a793,89287,424,2025-09-09
d715a9e3,10868,491,2025-09-02
09eeae34,99941,856,2025-09-09
f62c9815,12890,816,2025-09-30
fa7ca220,46681,741,2025-09-18
73f52dce,64894,700,2025-09-20
27aaf9ee,87559,177,2025-09-05
ba205a4f,55571,95,2025-09-15
8fb9b5e6,90907,788,2025-09-28
a079053c,54845,259,2025-09-01
5a76ad79,33246,883,2025-09-06
258ec0eb,32014,706,2025-09-15
2acf47dd,50524,238,2025-09-08
a8d6c7b2,51923,479,2025-09-06
f44638eb,19424,847,2025-09-28
a14cca50,83744,253,2025-09-08
ff6316ac,60902,738,2025-09-09
63336592,33886,682,2025-09-16
9c1c8ec9,66899,761,2025-09-06
b2d323e5,40939,276,2025-09-14
273c776f,59194,123,2025-09-17
20f451a4,69680,337,2025-09-29
1b9aa5e1,71515,616,2025-08-31
73e3a307,57652,527,2025-09-29
49eb5c65,38736,15,2025-09-28
07d8ccd9,79391,983,2025-09-06
071f3abc,18851,411,2025-09-23
0b972bb3,51353,356,2025-09-30
f84011b4,69445,160,2025-09-25
2fca72ec,35903,929,2025-09-28
db2006de,96038,178,2025-09-08
e249a827,62086,288,2025-09-06
d4ec6afa,57678,768,2025-09-18
dc49ddda,65930,858,2025-08-31
f5dc7ff1,23034,60,2025-09-27
65dea2b7,61380,742,2025-09-02
1944307c,11273,149,2025-09-07
d624ba56,12876,742,2025-09-19
0994361c,89872,793,2025-09-03
756609a0,64046,938,2025-09-11
49135ee5,80918,82,2025-09-04
23608bcc,80833,257,2025-09-13
e8026ff8,25018,539,2025-09-21
7d8690b5,22820,34,2025-09-15
2bc6662f,63745,945,2025-09-18
3ef5cc8a,39294,307,2025-09-19
cd016b4b,71390,342,2025-09-13
07a65504,14476,629,2025-09-25
7867ca3f,86943,777,2025-09-18
b2b4ea17,99572,501,2025-09-20
55765fde,95248,880,2025-09-17
26b26fd8,56931,537,2025-09-13
fe3879c4,75790,459,2025-09-28
e6330d1a,14779,279,2025-09-10
c8bb89d1,91827,129,2025-09-20
6126dd54,69435,568,2025-09-09
91d63e9f,62893,196,2025-08-31
943a24a1,82984,762,2025-09-08
13cef788,34908,478,2025-09-17
1135a798,25532,507,2025-09-02
af36f224,94158,298,2025-09-13
9b7f79c2,22468,880,2025-09-06
70038ed5,31569,834,2025-09-25
fa27eba4,26344,77,2025-09-01
fab8434c,97810,480,2025-09-19
a156fa83,76644,5,2025-09-14
674ad624,22388,202,2025-09-16
cce176a6,73422,747,2025-09-14
c0a0bd24,65503,96,2025-09-20
4a4d1262,23542,762,2025-09-07
03638936,68816,8,2025-09-19
bdd60303,95857,912,2025-09-17
435aab8a,25030,487,2025-09-28
00543734,20282,413,2025-09-25
508638fe,70133,222,2025-09-26
d7835666,29421,597,2025-09-01
5ca2b774,83410,238,2025-09-16
f18443ed,74662,850,2025-08-31
9223f2ff,92767,666,2025-09-10
7d5d46e8,10249,551,2025-09-30
4c804291,18725,717,2025-09-12
9ded8601,51534,542,2025-09-06
c53b1f1e,55364,234,2025-09-29
f966f23a,74875,655,2025-09-01
89897ef2,95013,383,2025-09-13
ee9f0e03,40703,507,2025-09-01
7897f0bd,59648,522,2025-08-31
46cbb099,54792,855,2025-09-05
a4df1bdb,49676,108,2025-09-13
bda141e0,91340,270,2025-09-06
61b02b4e,63135,216,2025-09-16
a91ae817,41052,514,2025-09-20
97ac5818,95076,572,2025-09-07
935a2910,99352,82,2025-09-18
6e6bd9cd,67306,280,2025-09-06
9c2b2dbb,55383,256,2025-09-19
0e8cbca7,68226,690,2025-09-15
0357a241,35933,500,2025-09-03
cbe84d2f,41701,173,2025-09-11
a4130b29,68396,50,2025-09-19
06369212,35900,323,2025-09-07
3614819c,38622,370,2025-09-06
45790e9a,20619,158,2025-09-24
a379ca1c,12158,610,2025-09-12
c398725e,76728,703,2025-09-07
5b30cd4e,31895,384,2025-09-21
3bf8e721,31224,147,2025-09-10
c1a17849,35715,796,2025-09-24
c4df247b,38210,596,2025-09-16
abe4b6cf,13474,486,2025-09-12
33533aa6,30100,232,2025-09-19
111f06c7,31846,706,2025-09-04
583bb22c,17589,925,2025-09-27
b327d953,88182,709,2025-09-05
531c3946,28052,203,2025-09-22
61423afd,47820,70,2025-09-23
f2249355,63589,746,2025-09-25
7e19896f,64462,314,2025-09-02
11870f96,84519,465,2025-09-29
237aab3c,34727,421,2025-09-26
780c3753,88511,72,2025-09-08
420da3da,11307,218,2025-08-31
a6e1ed38,66466,978,2025-09-23
7f10669d,42998,40,2025-09-24
4f7ac8ec,75909,415,2025-09-29
5484ea5a,97885,707,2025-09-28
866c1fa9,12610,351,2025-09-19
11b05e6c,30170,924,2025-09-20
95b96398,95406,474,2025-09-14
74a46f2c,19884,790,2025-09-23
c64e61c5,97991,532,2025-09-30
55a19f83,93694,301,2025-09-12
684116f2,94728,907,2025-09-15
a9fa475b,25392,344,2025-09-30
e0a8722f,44630,975,2025-09-28
269c8611,19392,830,2025-09-02
f5529b33,17852,625,2025-09-13
3de0a548,59371,808,2025-09-28
4e41b7cf,57968,577,2025-09-06
375c55e4,30672,142,2025-09-21
81bc1837,63300,843,2025-09-20
41b91516,56893,180,2025-09-12
6b21271b,84243,131,2025-09-23
5adacb9e,85338,422,2025-09-22
fb4ac806,64661,706,2025-09-20
b24965ac,51171,559,2025-09-28
5d63c2eb,69523,538,2025-09-24
6464d3a5,74523,704,2025-09-21
73a76ace,33376,43,2025-09-27
8461d39c,30806,388,2025-09-15
1cd0a231,85151,943,2025-09-15
d41930db,71959,500,2025-09-13
3a8ee407,81796,724,2025-09-20
958135a6,36297,8,2025-09-23
b8b6564b,90668,336,2025-09-19
e23068d0,39330,355,2025-09-04
234378fc,77294,33,2025-09-29
a5fac27d,90255,869,2025-09-21
7a55c873,99267,675,2025-09-08
4814b715,49047,276,2025-09-09
06b1ea02,38330,653,2025-09-30
4ba52691,10206,718,2025-09-08
74b2fb93,83299,342,2025-09-03
6a7dd604,48424,338,2025-09-07
4fe046e8,67492,834,2025-09-01
6aada13a,94603,798,2025-09-26
ef22242c,42917,181,2025-09-08
f4da771a,31307,311,2025-09-06
7d96c0b0,25011,575,2025-09-03
bca7683a,32128,824,2025-09-30
f23f6b0d,42809,567,2025-09-21
53b071a3,35508,150,2025-09-28
f1d91f07,89883,716,2025-09-30
f6b9e707,47689,758,2025-08-31
ea5416c1,84350,701,2025-09-24
4aa8528c,98767,829,2025-09-15
759cb892,45289,43,2025-09-12
bed352a0,50295,770,2025-09-13
1ec9c1cd,12464,529,2025-09-07
4ac1ee2b,85179,775,2025-09-21
46f5f477,27350,476,2025-09-08
f934284d,60378,734,2025-09-03
b845d3a9,30660,557,2025-09-29
43d86ff1,25322,69,2025-09-05
1a6e907a,49525,249,2025-09-11
2adbdb30,69181,621,2025-09-16
a84457b4,12941,741,2025-08-31
580bdb2f,92476,144,2025-09-03
cb00aa8b,41640,111,2025-09-27
924b3023,32165,78,2025-09-30
851829f0,14016,839,2025-09-18
d5139e84,45155,98,2025-09-24
f681462c,60344,324,2025-08-31
8e1a2af3,36870,671,2025-09-27
34c5fa3c,48895,17,2025-09-19
5769a3a5,55477,977,2025-09-27
83d03063,26311,440,2025-09-01
b7bdebb7,27406,298,2025-09-13
ae6d0e80,76818,818,2025-09-20
32d7a238,95394,891,2025-09-24
b2fc0140,36663,797,2025-09-17
9054f022,86910,879,2025-09-17
cfda7bf7,44652,938,2025-09-05
9419ecba,64664,748,2025-09-16
29602a42,57316,994,2025-09-09
833bc254,22532,806,2025-09-11
b358e453,56589,460,2025-09-02
9af4bceb,10794,919,2025-09-11
3a2be06b,27697,923,2025-09-11
34e595b8,50148,736,2025-09-21
ef6ecaed,95336,913,2025-09-08
b83f24ec,93271,849,2025-09-06
31452b0f,58390,195,2025-09-19
530761db,25594,25,2025-09-06
9e4ae1fd,12349,19,2025-09-30
da7c42b6,53350,630,2025-08-31
3d6a4877,42235,271,2025-09-05
7ad23259,99605,209,2025-09-29
c4b61bfa,41816,29,2025-09-08
2bfd2beb,29320,281,2025-09-11
1439f279,62768,975,2025-09-01
2b987406,62420,184,2025-09-16
fed2ee30,22114,698,2025-09-04
a58ab0e8,62794,52,2025-09-10
749052ef,97768,660,2025-09-05
3946bda4,92859,34,2025-09-03
4ed20711,91468,350,2025-09-10
45385021,40747,603,2025-09-27
e7058199,52320,984,2025-09-18
c1c74a52,40400,446,2025-09-28
484a88d5,88469,379,2025-09-08
db96c1bc,52795,899,2025-09-03
ed99a3a8,81705,301,2025-09-01
a3a94cac,14770,343,2025-09-23
6eb2e3fa,46856,496,2025-09-17
bd00882d,45993,99,2025-09-06
5cbe7e54,19614,285,2025-09-27
35a2a4be,62710,844,2025-09-03
84dd846d,47424,190,2025-09-09
573bc785,91338,580,2025-09-09
06e10252,69711,239,2025-09-20
5c9fbf8e,59199,120,2025-09-13
c38f7217,74153,21,2025-09-14
0f0355f0,46345,681,2025-09-30
7d5536ee,30021,234,2025-09-21
a9787c4c,14112,792,2025-09-16
ac102087,19508,68,2025-09-28
9bf99d56,44739,618,2025-09-26
17dbb642,88394,897,2025-09-25
846c6c41,81178,869,2025-09-19
38537992,88138,735,2025-09-01
771c28af,24739,603,2025-09-25
4cdfc9e2,13785,341,2025-09-07
d57400a9,10572,826,2025-09-27
c0bab56e,55164,736,2025-09-27
a0d33179,55186,58,2025-09-03
29694ab3,62100,72,2025-09-03
cfd5a8df,80519,931,2025-09-29
8e8bb4bb,60426,874,2025-09-04
7258929d,11150,903,2025-09-22
0e6baa90,80454,321,2025-09-16
b42c23f2,43594,811,2025-09-20
a80330d0,35882,898,2025-09-01
78fb2691,11231,840,2025-09-30
06579282,84350,546,2025-09-12
64df132b,64857,623,2025-09-08
5d1427fd,33639,113,2025-09-18
150bd78b,48757,438,2025-09-29
8472019c,76872,676,2025-09-16
8772714f,50966,917,2025-09-02
d58dce1b,77864,852,2025-09-14
abf59f3b,16368,428,2025-09-26
f392f9dd,20616,698,2025-09-26
113f27a4,98512,292,2025-09-09
489bac14,61575,81,2025-08-31
6d32061c,69421,82,2025-09-19
f50a3c51,35306,368,2025-09-26
24ebefde,80636,46,2025-09-28
4eea0eed,45456,50,2025-09-16
3038a48e,71587,688,2025-09-27
caf734a4,73384,754,2025-09-01
f0dfe508,57791,912,2025-09-04
00873cb9,31753,405,2025-09-21
f99bd587,31020,213,2025-09-13
7ec76146,72681,246,2025-09-11
92899912,23346,407,2025-09-15
f29121ce,32072,868,2025-09-15
b0ce892d,41450,830,2025-09-19
ac688acc,46339,159,2025-09-02
7d04889c,67661,187,2025-09-23
5f1c3b74,88994,361,2025-09-18
70bf00f0,10908,913,2025-09-14
3e0050b0,44638,595,2025-09-12
644dd774,76983,717,2025-09-07
2455b699,13119,529,2025-09-07
74fa9dd9,15855,151,2025-09-29
04a9cb81,87127,809,2025-09-18
c71502cc,68898,150,2025-09-12
b848814c,55485,671,2025-09-26
4d994490,53403,941,2025-09-03
aaa3cd8e,43939,816,2025-09-25
9276b512,14755,268,2025-09-08
bbee8acc,60293,667,2025-09-22
25df5d4f,53246,147,2025-09-19
78be62ad,37346,169,2025-09-20
f68e137d,65135,266,2025-09-05
985fd369,72613,53,2025-09-08
ebd34027,61850,936,2025-09-14
a3374782,90231,581,2025-09-20
c158ee4b,89207,317,2025-09-24
cbb1df52,58479,440,2025-09-06
02edf6f1,32400,27,2025-09-02
2474147d,13035,560,2025-09-20
f76377f3,78050,933,2025-09-25
aaef2e3a,93603,535,2025-09-18
cb61f01d,25722,631,2025-09-24
6955c5d6,26127,48,2025-08-31
a91f1597,98042,93,2025-09-01
618e8711,34305,886,2025-09-19
b68f9d4c,80515,885,2025-09-04
4432c565,89636,126,2025-09-13
8d6d9fa1,97725,721,2025-09-20
9dd028ee,80208,453,2025-09-20
1629d6ac,74445,940,2025-09-25
23cd3c35,13366,301,2025-09-15
b42c1364,18685,274,2025-09-12
59da5cce,80639,409,2025-09-25
9ae92eba,26439,203,2025-09-16
e7e8c8e0,43558,939,2025-09-07
77bee75d,20052,838,2025-09-03
3507dfbf,19047,492,2025-09-01
e912c6b0,33835,177,2025-09-14
437e98d0,96507,186,2025-09-23
441d919f,90343,157,2025-09-15
d119e812,96741,15,2025-09-22
d8747c58,82389,748,2025-09-17
85ab95d5,25401,908,2025-09-23
4e9a61e6,24361,897,2025-09-03
a1722f7c,32921,302,2025-09-28
64b18c90,49371,345,2025-09-20
e1dd6932,42694,176,2025-09-22
f95f9f22,92757,946,2025-09-15
0994370d,11660,14,2025-09-20
2b2db9e8,25678,211,2025-09-27
7d6d8606,93496,901,2025-09-27
5c8b9392,97318,79,2025-09-16
4023e964,78735,855,2025-09-11
af55cacf,18912,84,2025-09-05
c3f9b5d3,53844,226,2025-09-01
bafddf5d,13097,661,2025-09-15
14cb1694,99411,826,2025-09-03
05091bad,11283,474,2025-09-28
b5a46d55,23668,882,2025-09-08
968e9211,89545,394,2025-09-09
8dcd4a77,70000,314,2025-09-13
7266424d,22679,701,2025-09-05
d5b5281a,99528,737,2025-09-16
9d5ea65f,84774,95,2025-09-26
6a13e0c2,53500,861,2025-09-05
1e694225,79581,610,2025-09-03
e9f67cc7,99649,178,2025-09-01
24f3d71e,71824,297,2025-09-15
151cf18b,12136,365,2025-09-16
fb7bc37b,75904,725,2025-09-02
2f25e3ff,90874,912,2025-09-11
f18bba3f,49347,813,2025-09-24
ffaf4739,26155,900,2025-09-27
5411ab3b,29189,668,2025-09-10
c0790a99,71978,886,2025-09-29
d94cde53,61343,811,2025-09-12
8abf35db,40509,514,2025-09-01
fe1732e8,93103,999,2025-09-30
121aa439,37137,550,2025-09-13
209c2f37,99845,122,2025-09-09
84d00442,60419,197,2025-09-01
c3fc5620,85149,687,2025-09-24
3388e42c,39668,485,2025-09-27
63861a06,42315,186,2025-09-13
0730d7bd,52829,423,2025-09-27
7bd66166,34390,375,2025-09-23
ad2b049e,69844,430,2025-09-29
36ff29c8,91943,494,2025-09-12
1a807371,20533,884,2025-09-16
ef56d808,20347,205,2025-09-20
25295351,91947,947,2025-09-17
203aabb4,87868,267,2025-09-03
768b1afb,36332,811,2025-09-16
827e2c35,92963,539,2025-09-07
45fb17b7,52785,195,2025-09-24
cdc2ca85,50871,788,2025-09-09
8278d3fa,71543,470,2025-09-08
8c63382f,69445,468,2025-09-16
40d30055,98682,550,2025-09-29
01394a85,30042,160,2025-09-02
886198c7,99817,866,2025-09-22
40cd8a02,28258,325,2025-09-17
453a80ea,59131,46,2025-09-08
a06ff136,87637,373,2025-09-11
190a7443,95132,758,2025-09-29
719bab3a,67529,155,2025-09-21
30026c07,48323,481,2025-09-11
9b8997ea,38147,444,2025-09-29
203d2312,67769,549,2025-09-05
5011ad89,25064,815,2025-09-11
5506dbfd,79453,651,2025-09-19
4f572db2,95410,939,2025-09-05
f17bc2a0,21825,184,2025-09-14
413f28ec,28279,789,2025-09-24
6609da2c,58906,645,2025-09-19
e4870e7e,42702,476,2025-09-07
4f4c175f,51675,930,2025-09-17
01d45990,92547,79,2025-09-18
6f9e1856,35919,736,2025-09-25
8b70dc18,53221,528,2025-08-31
a3fba3df,41475,395,2025-09-04
838f1b5a,39727,638,2025-09-15
c3c45d12,74121,765,2025-09-12
df8de45a,43410,305,2025-09-02
dbab6c5c,27762,732,2025-09-30
800704d0,77727,18,2025-09-10
6894e2fb,49571,945,2025-09-25
9908f2fe,62508,91,2025-09-29
eacd9da8,82494,416,2025-09-28
514bec1a,95491,39,2025-09-10
07059554,67292,352,2025-09-06
e30f530c,64680,660,2025-09-18
4e7aaf21,56501,758,2025-09-06
5e6d488f,91408,996,2025-09-30
a7da1726,48198,483,2025-09-19
340ebc45,98262,992,2025-09-04
4b69ce46,59613,711,2025-09-15
451a28ff,21309,233,2025-09-19
a837f1a3,41310,111,2025-09-23
d0105f5d,23572,946,2025-09-25
5468677f,87059,364,2025-09-25
f8f13528,21145,498,2025-09-10
1ce7e510,87704,920,2025-09-21
c8df3d04,99630,218,2025-09-06
f056fe5c,72544,852,2025-09-03
dd0c47c7,38537,941,2025-09-10
79249e6b,72900,999,2025-09-17
7a856c46,84178,724,2025-09-10
2ceb1159,84016,786,2025-09-19
c6dc7b24,79262,501,2025-09-11
025d9ad8,43496,665,2025-09-22
219cf0b2,21709,868,2025-09-14
05ca0364,84598,88,2025-09-13
2b756421,93567,95,2025-09-11
437db71c,30046,760,2025-09-03
595386df,60448,111,2025-09-25
04028f96,10186,575,2025-09-16
379c085e,78514,999,2025-09-08
3f96f37e,24490,816,2025-09-22
3aa70811,55224,742,2025-09-30
6ed5c005,66362,578,2025-09-19
04bc17ed,84098,218,2025-09-26
7056d391,70418,930,2025-09-29
d64cadd2,74957,92,2025-09-28
5d016853,25118,392,2025-09-29
83677ce1,72005,414,2025-09-11
0d3d2a6f,60578,181,2025-09-26
83255ea0,56245,191,2025-09-09
548f2021,12174,23,2025-09-16
1b597c0d,42415,762,2025-09-11
4fe0b848,99495,128,2025-09-29
6e721992,62944,845,2025-09-19
7d878d9a,91402,185,2025-09-10
ba0c5af2,68414,540,2025-09-14
f3468f8c,31138,189,2025-09-22
f9392fab,84852,479,2025-09-26
9bb454cf,18710,919,2025-09-18
9640bd3f,26988,556,2025-09-18
3278a86a,37439,266,2025-09-06
a6367472,15367,858,2025-09-26
cf2242e5,93196,894,2025-09-23
802ad82a,60044,135,2025-09-28
2f7199e5,69576,384,2025-09-15
50d1bf36,21546,576,2025-09-11
9663300e,97076,997,2025-09-04
5f42738a,83401,312,2025-09-26
c05426f4,87201,142,2025-09-06
f109e955,14340,250,2025-09-21
bcdd280c,64215,189,2025-09-02
a45ea283,52486,412,2025-09-05
e114051d,11019,145,2025-09-30
3f0ea6b1,14710,622,2025-09-17
7326be28,64452,728,2025-09-06
0d9cf625,47461,279,2025-09-13
ba8b182e,13443,83,2025-09-30
45aa9dd0,74990,106,2025-09-20
e0444b53,78799,108,2025-09-15
ae202543,86739,952,2025-09-11
a789ad87,97117,423,2025-09-10
138e6aa3,76162,906,2025-09-19
c28f3326,86892,149,2025-09-01
48188bf1,61973,781,2025-09-19
00b35518,55473,721,2025-09-12
0484c34e,49468,951,2025-09-08
25bec1db,41055,627,2025-09-08
f63c31e7,52438,440,2025-09-23
a208399e,91658,319,2025-09-18
aa601166,36713,613,2025-09-19
0d919a7a,62894,975,2025-09-09
e3ca6634,30392,249,2025-09-15
1b297928,82212,445,2025-09-02
e8933f19,73808,833,2025-09-16
0d80f8bb,19659,931,2025-09-08
647cc76b,64720,162,2025-09-18
5b62b8e1,79178,718,2025-09-22
f2023e00,43254,539,2025-09-28
5950167e,14684,765,2025-09-17
eee17525,20607,504,2025-09-21
93966e9f,37587,376,2025-09-30
4f40624e,66656,604,2025-09-06
1af0c4c3,38043,998,2025-09-08
7c511be6,56452,305,2025-09-15
213d5271,46648,325,2025-09-05
edd4b62e,20040,464,2025-09-09
d2fedee8,55593,426,2025-09-20
d2c0db80,11951,547,2025-09-01
833388d6,57917,66,2025-09-24
8627289e,80378,210,2025-09-05
f83040f7,80067,871,2025-09-25
2e076bdc,63867,874,2025-09-19
d79c178d,27059,276,2025-09-03
c4a98e46,31461,722,2025-09-23
8b1b0edf,29212,352,2025-09-13
2380d447,95568,293,2025-09-16
7ec0a278,35104,827,2025-09-09
b232e882,84000,683,2025-09-05
cda27cda,45229,263,2025-09-03
25e8f2ae,52307,414,2025-09-03
7fc32a89,23433,719,2025-09-04
82131221,30695,381,2025-09-27
c9784aba,86861,185,2025-09-18
47a931f3,88099,82,2025-09-12
c28abfbd,10285,872,2025-09-29
c5fc3a9b,10276,498,2025-09-28
f38d97ce,44157,283,2025-09-04
5fccc765,97862,164,2025-09-29
eb0b3337,64053,551,2025-09-12
c8f4d204,39481,513,2025-09-15
0e50cdea,59165,241,2025-09-02
3125665f,31293,27,2025-09-24
d2db53c6,78381,599,2025-09-13
3dbcb498,89633,31,2025-09-17
e7ac568f,22580,720,2025-09-10
c913bc3c,63532,587,2025-09-18
63166c9f,58328,58,2025-09-02
c0f812e1,79493,655,2025-09-21
9bf8b4c3,27899,729,2025-09-06
70658c82,29215,367,2025-09-06
98b1a23c,16509,961,2025-09-10
aa51c04c,16080,643,2025-09-28
b42a8524,56579,508,2025-09-19
771141db,33182,76,2025-09-11
c88b7dcd,90523,21,2025-09-18
fe0bf644,23465,76,2025-09-06
748ff45a,72845,632,2025-09-18
77aa766d,15765,611,2025-09-02
c10023cb,92226,730,2025-09-30
5cd39d15,99832,517,2025-09-06
10e82e93,51039,442,2025-09-19
c7a0832a,33078,855,2025-09-18
e05cb8e6,55139,504,2025-09-10
0f83670b,14460,333,2025-08-31
0f82ea89,10923,696,2025-09-27
49171a85,72654,715,2025-09-26
8fd83357,10088,349,2025-09-14
2e2ba826,86299,692,2025-09-24
5ea9b056,46852,44,2025-09-12
93ebd553,30186,169,2025-09-16
6da6dbb6,86123,906,2025-09-04
fe0e3f78,14398,67,2025-09-26
c95d66e0,68033,166,2025-09-01
f4982971,84206,288,2025-09-09
8b097171,35892,62,2025-09-18
23fe2007,16734,370,2025-09-02
43f131ed,65767,431,2025-09-09
fa4ea2e7,52399,255,2025-09-06
c296f530,94371,248,2025-09-20
460865ec,20868,480,2025-09-13
74deff2e,96727,429,2025-09-30
7f51e45d,54085,415,2025-09-13
f6ad80fa,83029,634,2025-09-11
a2720934,36994,41,2025-09-02
7eeef992,29697,153,2025-09-03
a52ec6f9,10378,924,2025-09-28
289aca9e,62299,614,2025-09-06
7fc38bf4,85156,337,2025-09-26
2dc322cb,22197,480,2025-09-30
e3385307,35268,628,2025-09-11
49276cd7,70841,288,2025-09-03
a156fd8f,63291,875,2025-09-06
613db844,49416,252,2025-09-08
a499783c,66464,708,2025-09-05
1a2a0e54,37374,437,2025-09-30
e795f9fb,66107,227,2025-09-16
492a9baa,73922,187,2025-09-03
be71d760,10801,574,2025-09-13
bd1d8bb2,87003,389,2025-09-02
7ec27bcf,83827,69,2025-09-16
9e28d44b,96317,192,2025-09-18
e788999a,86349,885,2025-09-12
d4ec71e9,90541,602,2025-09-09
3eaea53d,12726,216,2025-09-04
b00d5916,69711,508,2025-09-04
58ebcbc1,37483,936,2025-09-09
d7c3b8f9,49766,993,2025-09-16
1ed5a86a,55990,211,2025-09-02
4133ee6e,71436,583,2025-09-06
7080267b,18920,749,2025-09-23
b2c57f03,59218,689,2025-09-16
d0a14f0d,56408,328,2025-09-04
114fe060,18581,618,2025-09-13
e5429f4e,79449,557,2025-09-12
3d39ea83,12323,180,2025-09-08
7377b30e,98143,4,2025-09-13
7aa4dc6e,87308,635,2025-09-02
6c22b7f5,31612,708,2025-09-15
feacb89d,93514,304,2025-09-12
34499a34,56847,738,2025-09-17
525b649c,15353,754,2025-09-02
23a33d76,39910,794,2025-09-23
2f40e928,95336,344,2025-09-30
33be3906,59555,551,2025-09-15
fb1b223e,11941,757,2025-09-11
226530a8,95981,498,2025-09-23
a015872e,88050,355,2025-09-27
657b8ac3,74774,392,2025-09-21
784d2051,70770,777,2025-09-05
eb2df1e2,54872,487,2025-09-14
3738046b,37919,897,2025-09-09
71e28295,93793,26,2025-09-06
9ef2dbc8,25298,899,2025-09-18
8a4d218e,67463,128,2025-09-23
db024200,92251,122,2025-09-20
107aea3f,83909,494,2025-09-30
b8707ea6,20933,372,2025-09-06
c7796044,57435,187,2025-09-02
61ff7b2f,42993,655,2025-09-07
fbb2bacb,33491,746,2025-09-01
1160dde8,34331,988,2025-09-17
40bc5d49,85193,262,2025-09-11
88ebb59d,92478,965,2025-09-16
351b074e,62784,476,2025-09-07
f04133af,52049,896,2025-09-04
3a37d8bb,79514,276,2025-09-25
0a808206,18556,555,2025-09-18
a9824d52,83345,55,2025-09-09
201336f5,13374,603,2025-09-20
21497ade,18716,679,2025-09-01
1c9e0de9,52836,743,2025-09-19
adab5442,38694,594,2025-09-04
8225856d,89404,23,2025-09-17
7f77358f,43326,621,2025-09-08
1a474848,88088,48,2025-09-11
38bfdb11,54280,265,2025-09-02
41976eb8,12114,172,2025-09-05
637c7f0b,63123,208,2025-09-20
639dfbc3,13674,356,2025-09-16
6708a885,59068,910,2025-09-25
fb0be765,28733,173,2025-09-09
74220e6f,94840,318,2025-08-31
c9c56811,94347,229,2025-09-17
30ca09fe,52635,470,2025-09-24
0f29e861,28386,187,2025-09-02
11646c9a,78912,430,2025-09-16
1ac27966,73409,907,2025-09-22
66493ebf,52763,628,2025-09-15
5f7a27e6,88074,982,2025-09-10
c430d056,34671,1,2025-09-30
6dbeed12,22012,406,2025-09-24
6e434eca,23181,193,2025-09-05
aa7cbffc,22274,625,2025-09-01
5c0d9883,27314,795,2025-09-16
238c68bb,12912,896,2025-09-11
8b58e041,58784,920,2025-09-23
10822277,34361,657,2025-09-08
7fd99b27,74460,302,2025-09-04
c1079c98,13986,842,2025-09-08
eff8cd14,67686,605,2025-09-09
25a31fb1,17311,879,2025-09-07
4c1bfd0e,22507,620,2025-09-07
d58ced51,72573,624,2025-09-03
8bcb269b,61292,435,2025-09-24
a84db7b0,86486,452,2025-09-11
1c95b1ab,37222,843,2025-09-17
38b3a79d,94550,13,2025-09-09
de2e714e,15585,360,2025-09-30
29ec0929,81164,189,2025-09-02
706f3908,72926,736,2025-09-29
d10d8c60,82714,416,2025-09-23
8dc6d71e,15937,574,2025-09-07
8795d65f,33668,693,2025-09-29
dc738d9c,60236,50,2025-09-26
6490d34e,27698,68,2025-09-16
9f1cd733,91044,9,2025-09-30
8eb14c1b,91404,672,2025-09-27
882bca0d,37720,836,2025-09-13
a1ac8fde,34093,18,2025-09-12
f9c994e4,12029,524,2025-09-19
6cc9b9e1,73453,929,2025-09-24
734c8a2a,67837,582,2025-08-31
111bf3be,47729,404,2025-09-12
bd10fde3,97124,190,2025-09-15
7bd99125,93619,271,2025-09-13
ad19f531,67860,626,2025-09-04
f09b7e4d,40249,266,2025-09-21
741e455d,35786,487,2025-09-01
692b3fdf,82654,96,2025-09-12
8cac4c71,22445,919,2025-09-30
26b43d9a,95565,278,2025-09-24
780783c9,89270,992,2025-09-30
d99b82e9,31987,305,2025-09-29
8a068606,44924,420,2025-08-31
fed4ffd3,29189,271,2025-09-14
111acb32,55657,74,2025-09-17
7682b465,58884,894,2025-09-02
0bf9b139,28703,783,2025-09-28
1a948d94,75010,314,2025-09-12
e3013966,58444,459,2025-09-05
82779e6b,31874,773,2025-09-30
66bfac21,61357,500,2025-09-14
2ac83b26,50042,513,2025-09-27
f7e95d97,36139,89,2025-09-30
fd117f96,43268,521,2025-09-12
1fbcdbc5,12129,495,2025-09-09
9bbcca4d,53006,166,2025-09-08
4d8629c2,79208,837,2025-09-24
1708b5a2,12151,221,2025-09-10
a0c120d1,27172,716,2025-09-02
3d23678f,69615,418,2025-09-16
82fb8cf0,47850,12,2025-09-07
4400c65d,34625,240,2025-09-21
8998ec55,62284,74,2025-09-23
a0cb1076,47379,327,2025-09-05
dcf72f60,42299,831,2025-09-13
4485cd39,15436,362,2025-09-12
d519d7c8,85153,362,2025-09-14
a19475b3,30382,98,2025-09-13
1d5ffa8f,32989,642,2025-08-31
f69f90b3,21735,767,2025-09-18
c61f9c6b,81013,899,2025-09-15
178a799a,77218,262,2025-09-08
782f2987,10709,863,2025-09-30
188a73fc,99252,950,2025-08-31
7e7bc22d,39891,290,2025-09-08
90e1287b,99713,672,2025-09-27
1c91a304,50177,777,2025-09-24
6feaf24a,20942,706,2025-09-11
0bc1fba9,16699,315,2025-09-05
e0a79432,98887,656,2025-09-15
404812f9,28914,518,2025-09-23
dc68b4cc,93716,437,2025-09-13
0212c1d0,77964,138,2025-09-27
78f2fc09,58174,390,2025-09-02
dc5c7cb6,13844,873,2025-09-24
38c0e1ff,21199,445,2025-09-14
d31ebd2d,63112,976,2025-09-12
fad05a0b,45325,517,2025-09-10
e2db3bdd,46292,225,2025-09-08
befd0df3,76814,517,2025-09-17
035cf211,69145,706,2025-09-10
f8b4defe,24002,166,2025-09-30
121d2a64,74837,36,2025-09-01
82a171c7,58283,998,2025-09-09
3e36756a,80044,719,2025-09-30
230be1ca,88736,922,2025-09-09
0d123127,70662,633,2025-09-23
c6ec9fbe,71415,144,2025-09-26
64bd6627,48277,497,2025-09-19
f388d3df,59560,128,2025-09-26
1dc4786d,71396,24,2025-09-29
220a9756,11316,544,2025-09-10
93394c36,89333,285,2025-09-28
6fed426c,45945,169,2025-09-04
5c89cd0d,83392,800,2025-09-07
2adb6818,81445,294,2025-09-13
4b982bf0,99729,492,2025-09-16
80869387,21389,509,2025-09-21
a1cb9bcf,26976,991,2025-09-13
380fa861,10462,150,2025-09-11
14e559ea,84656,568,2025-09-25
1b5bb926,31882,950,2025-09-27
dff23a43,44115,791,2025-09-17
99395b45,32104,690,2025-09-05
fc46506d,99684,478,2025-09-14
6d11bcb6,66169,222,2025-09-12
1b35512b,45909,50,2025-09-10
69faa826,98306,445,2025-09-22
a20d6c73,67099,837,2025-09-06
e717adc5,24097,453,2025-09-14
fb437831,89779,107,2025-09-11
2ea97af9,59782,906,2025-09-30
5232168c,22803,25,2025-09-18
a1fc7b1c,59960,843,2025-09-01
d41c3928,43624,556,2025-09-25
af9db00d,70704,948,2025-09-06
71b1dd0c,57892,673,2025-09-14
aee54a24,70548,237,2025-09-18
632b951f,99725,416,2025-09-22
e1faf7e2,34327,509,2025-09-25
f1204896,94582,826,2025-09-05
e313df7b,10246,808,2025-09-19
8fc5f5de,52732,231,2025-09-24
f28f31f4,55820,948,2025-09-07
d9e4018f,98128,254,2025-09-09
70c1dd5a,15565,532,2025-09-04
c6047a87,54058,849,2025-09-19
db8e8d7c,73818,283,2025-09-24
5c19f2ca,66420,546,2025-09-25
39153510,84814,490,2025-09-10
1060437d,74259,900,2025-09-23
bddba22b,54257,586,2025-09-11
332f44db,30917,50,2025-09-21
3929973d,52331,686,2025-09-28
c0aa2fb0,85936,369,2025-09-24
ecc7669a,48652,191,2025-09-14
ce69576d,58367,102,2025-09-28
e34aaf90,62485,150,2025-09-02
b2866d9a,61086,869,2025-09-26
7609c96a,62484,631,2025-09-15
ac0dc0eb,44870,170,2025-09-30
f39a3674,53570,572,2025-09-03
76bf2581,94039,69,2025-09-28
86a7da2e,70392,95,2025-09-11
0d153771,12635,27,2025-09-26
65fc1236,17011,447,2025-09-02
92fab0e1,45875,272,2025-09-20
a7fb8179,35092,186,2025-09-15
c372fd3a,82714,337,2025-09-06
8652d258,49085,167,2025-09-14
b311826a,34658,919,2025-09-30
0c06aaa5,20559,664,2025-09-20
be5ad982,33860,422,2025-09-04
aec8ffa0,18861,229,2025-09-21
31e8084d,68881,489,2025-09-05
9ce30f33,47732,515,2025-09-29
a1814dca,78563,866,2025-09-02
05dd5664,66919,744,2025-09-01
4046a102,51526,484,2025-09-15
e8f283e2,75941,448,2025-09-18
4f72c835,20568,411,2025-08-31
99c08699,37765,779,2025-08-31
c45cf327,11311,294,2025-09-21
7f335f8c,94495,840,2025-09-26
71eab81a,27437,275,2025-09-02
d0357e43,86002,96,2025-09-13
9bf04dcb,48513,859,2025-09-01
37cbcd9a,96619,425,2025-09-22
a7a9607e,70490,848,2025-09-23
e0ed5a0b,82501,219,2025-09-10
cf8e066e,46432,355,2025-09-02
aab63df5,16991,144,2025-09-17
a6735b00,63432,321,2025-09-19
0075c3be,72867,275,2025-09-04
c41ef702,85616,7,2025-09-25
b8cc3b94,13425,112,2025-08-31
0d013936,24032,611,2025-09-09
4e71e205,12957,563,2025-09-08
229c53f2,31856,905,2025-09-15
06fda5c2,51601,342,2025-09-07
b8fad440,15312,389,2025-09-24
d56c576d,29643,387,2025-09-06
b22e3c83,75961,767,2025-09-18
b77a53f6,42535,492,2025-09-19
d635e730,39599,345,2025-09-08
bc74f606,67269,789,2025-09-03
756daf2a,56648,446,2025-09-10
260bd3a8,19909,15,2025-08-31
50b60fd2,38817,308,2025-09-08
d4845990,78591,281,2025-09-04
2e20d329,28957,769,2025-09-20
bc4fae0f,11926,245,2025-09-16
7a676079,85475,561,2025-09-14
80440b83,53452,273,2025-09-16
625b600a,94644,908,2025-09-11
d06b5f3c,27904,964,2025-09-27
e7a13e66,42071,309,2025-09-14
6a0cfa07,15697,620,2025-09-26
0b93fa54,85394,193,2025-09-12
5cfdd18c,20177,793,2025-09-13
3c5eca4f,87141,60,2025-09-15
05593f99,77287,354,2025-09-16
8bddbe40,72771,154,2025-09-24
88e59018,76265,721,2025-09-03
f7d0f823,54478,839,2025-09-07
8abd668e,50770,354,2025-09-12
7b7f1eec,39919,922,2025-09-27
24522b25,55648,503,2025-09-02
9bf7ec4e,90611,259,2025-09-16
b6e14d2e,83079,55,2025-08-31
2867e1bc,21043,759,2025-09-20
55aba51b,96629,571,2025-09-29
8d9a706c,60148,688,2025-09-03
c6be84b2,46229,46,2025-09-22
37bb6112,37364,259,2025-09-02
181dea6f,77115,917,2025-09-24
91190bcb,70329,34,2025-09-11
bd81f3af,68303,657,2025-09-14
5fe1de15,41609,311,2025-09-13
d2b60302,12860,859,2025-09-27
dfbd9426,61840,358,2025-09-05
21d3871a,65923,218,2025-09-17
5a017cfe,27113,530,2025-08-31
fc423dab,35858,228,2025-09-10
d6b15935,86614,315,2025-09-24
aca68a6a,95339,85,2025-09-03
0dffa715,12139,453,2025-09-21
8f24a171,10306,604,2025-09-25
43343078,96591,373,2025-09-23
37862152,92123,82,2025-09-09
2308e153,10864,592,2025-09-11
02aa395f,10906,832,2025-09-24
06797dbb,61035,257,2025-09-30
d620c73a,92079,94,2025-09-15
fe76cd91,48236,102,2025-09-26
b25e2846,63586,711,2025-09-26
660395ae,26361,540,2025-09-25
86771880,65566,555,2025-09-24
a60f147c,29623,658,2025-09-03
1aa22319,79999,23,2025-09-27
33eadf46,76865,367,2025-09-25
6cea0ed2,97676,957,2025-09-22
22798292,68621,268,2025-09-16
59b90132,34894,684,2025-09-04
d0d96274,39917,986,2025-09-08
3c0e9722,40294,410,2025-09-27
38a7ed3b,62344,142,2025-09-20
2cc655bb,90870,531,2025-09-23
2ca10a49,77750,518,2025-09-09
1fa45368,57346,322,2025-09-18
0af23ede,41329,581,2025-09-14
28fdc65d,25701,307,2025-09-17
6fcff47e,93574,579,2025-09-04
dfbf497f,54710,306,2025-09-29
0b902237,43277,68,2025-09-22
84f9837d,15572,660,2025-09-01
b4cd9e0b,33727,120,2025-09-15
b216ba96,80810,574,2025-09-18
f788d147,41304,809,2025-09-13
05e80f49,94219,578,2025-09-21
6896e0f7,71052,948,2025-09-24
859ad0dd,52126,890,2025-09-29
511c2aaf,58680,301,2025-09-25
84de4559,50807,30,2025-09-06
8c3a805d,98953,782,2025-09-30
af5498b8,85034,729,2025-09-20
14958bd9,44658,505,2025-09-15
80939de9,45973,789,2025-09-15
30e4e9c3,16728,81,2025-09-24
ccd5d1eb,25160,87,2025-09-04
a26df889,39134,202,2025-09-24
bef3e4b6,16594,231,2025-09-16
d3c8c993,55062,938,2025-09-29
dcb676a3,30853,771,2025-09-17
984c4a40,28468,996,2025-09-02
ae305f49,61739,254,2025-09-23
7a6b4f4e,31379,695,2025-09-02
ea625ca0,82249,66,2025-09-30
a9869029,38129,596,2025-09-25
07aef8ba,39569,133,2025-09-20
1958e7c8,73283,212,2025-08-31
08174c9e,12083,461,2025-09-04
889d060a,52998,472,2025-08-31
2f7ad050,27545,168,2025-09-14
2019e143,69308,483,2025-09-02
2aec661d,24469,536,2025-09-04
36420f51,39272,167,2025-09-10
315c11e7,79294,871,2025-09-24
d75b024f,14504,396,2025-09-06
b78cd41a,18466,147,2025-08-31
ae7cd60e,95978,742,2025-09-02
1f07ede2,55062,326,2025-09-16
6a9cfcf3,76309,712,2025-08-31
641d0f79,70309,657,2025-09-14
e053652f,52218,783,2025-09-02
3f6c533e,75184,164,2025-09-21
f738ed49,55625,271,2025-09-26
628207de,78127,549,2025-09-13
39578153,20153,287,2025-09-25
dea5bab9,81245,355,2025-09-24
aef67444,17721,413,2025-09-13
bcbb46f0,16237,944,2025-09-13
67a9e41e,31090,220,2025-09-08
a59ab303,14902,320,2025-09-05
0b61e4ff,23107,919,2025-09-16
de9dbca1,79217,465,2025-09-08
c273be26,83986,631,2025-09-29
ff86f38b,15307,660,2025-09-09
1e7e5e48,24114,270,2025-09-30
9a02759f,21514,477,2025-09-29
6956d31d,30785,483,2025-09-04
2715fdaf,27877,878,2025-09-30
2510a798,58305,744,2025-09-30
55abe5a8,65229,76,2025-09-08
4d64406c,26535,265,2025-09-13
c6e33a85,76914,39,2025-09-06
f4f41f41,34439,623,2025-09-06
98ea5230,19559,993,2025-08-31
a15de80d,66644,765,2025-09-04
4283020d,52774,751,2025-09-28
dc404561,50813,175,2025-09-27
c6be9699,17689,291,2025-09-09
c5d831c4,97852,313,2025-09-28
35475b7d,37961,412,2025-09-22
5c245ea3,36249,808,2025-09-30
d6c96017,47098,356,2025-09-05
1d7b926e,44762,408,2025-09-11
9af41cf9,70734,102,2025-09-05
f67e852e,32725,80,2025-09-06
00dd00aa,82365,429,2025-09-09
94965258,36376,129,2025-09-18
f887e362,87315,209,2025-09-12
ff0eab86,50911,746,2025-09-19
2b9c0f02,65199,555,2025-09-12
86c1990b,70697,899,2025-09-21
16ff07cd,51248,129,2025-09-19
f9b3a6dd,29398,541,2025-09-18
66948408,79952,133,2025-09-18
b1d70c88,52114,328,2025-09-08
08c34c73,67427,932,2025-09-07
2389e104,92852,613,2025-09-20
90262ef3,12475,209,2025-09-01
fa729c22,77581,950,2025-09-09
63f3f32e,47179,585,2025-09-05
6e768133,37092,41,2025-09-09
ca66e19a,82314,799,2025-09-26
3208171b,84468,815,2025-09-23
cdd71d91,42656,516,2025-09-20
b026c2b3,64330,122,2025-09-18
07d1f2be,72545,597,2025-09-26
074492c4,67813,343,2025-08-31
ee0cae56,81101,58,2025-09-22
007b8335,24417,763,2025-09-18
bcc443bb,49840,615,2025-09-17
3737b9d5,41395,980,2025-09-23
3a5bc211,24523,776,2025-09-11
b47ba835,48254,536,2025-09-24
70ab2132,74538,555,2025-09-08
1fddff54,51163,117,2025-09-16
70769b5b,18019,514,2025-09-13
3da60ced,23994,102,2025-09-25
11897e18,59610,870,2025-09-14
b6f5969c,99305,649,2025-09-09
c83ea0c0,76105,585,2025-08-31
e8b476d3,65582,88,2025-09-17
462ca23b,76062,680,2025-09-23
0e3cc926,54322,762,2025-09-04
53e75c0b,46774,4,2025-09-06
093e6686,91697,195,2025-09-15
ec554c55,70092,418,2025-09-28
4600260f,39829,119,2025-09-21
595166cd,24215,57,2025-09-24
bbcdd91f,92303,209,2025-09-04
a3db60c8,83473,976,2025-09-07
fe98418c,95447,586,2025-09-28
104e425b,18237,745,2025-09-15
40976570,36992,709,2025-09-15
5783a5d0,55854,961,2025-09-10
23198bf2,30735,640,2025-09-20
bb5efdb8,67354,970,2025-09-12
31dcb60b,35777,42,2025-09-23
41ca4ea4,81299,254,2025-09-29
8d736b2b,10726,600,2025-09-30
80bf9ff6,90389,943,2025-09-27
f7aab3da,75287,932,2025-09-15
948d9995,87180,833,2025-09-13
b126d324,13722,292,2025-09-25
f6a31107,53413,600,2025-09-10
f2de7ece,10308,436,2025-09-17
2582081a,59811,636,2025-09-26
c229182c,16536,110,2025-09-28
3f13b2c3,34579,339,2025-09-09
8519a805,65003,264,2025-09-13
fc3dfd83,93327,252,2025-09-18
9bfda0f1,79090,657,2025-09-07
a179c79e,98082,380,2025-09-18
4bb330e6,76256,269,2025-09-30
6703f223,24395,920,2025-09-27
ba378607,92878,868,2025-09-22
bb735491,98625,805,2025-08-31
95685bef,21211,472,2025-09-22
bdd7c8c7,59450,625,2025-09-09
d46299db,47649,968,2025-09-08
711df3ca,20979,142,2025-09-01
8de2852a,11614,279,2025-08-31
150e7d6e,18153,455,2025-09-09
353038ea,86380,617,2025-09-11
0d6ee661,57870,249,2025-09-14
29376029,25106,676,2025-09-06
bad82cd1,65564,936,2025-09-23
9522beea,27191,371,2025-09-01
4f99fcf2,13705,181,2025-09-01
f97f0708,81374,827,2025-09-12
be7cf68c,60920,402,2025-09-21
3b9f6e28,60354,802,2025-09-18
2e85c3d1,67765,472,2025-09-07
ebcb2a82,26251,702,2025-09-21
8e97fa55,21517,263,2025-09-15
2a750627,55432,938,2025-09-14
2689c695,96785,459,2025-08-31
89d049bb,89899,419,2025-09-19
168fbe8e,66572,446,2025-09-21
4b6f968c,83542,810,2025-09-25
af9011c3,67538,631,2025-09-27
ab358c48,91715,673,2025-09-14
455a9f87,81260,710,2025-09-09
4f27cb6d,39357,136,2025-09-07
04e56ece,17306,550,2025-09-11
34200985,33923,232,2025-09-13
d010eef5,36134,989,2025-09-26
58a6982e,99644,50,2025-09-24
8c9d2337,59388,814,2025-09-23
164e8c5e,43544,596,2025-09-28
abc97c6b,26395,441,2025-09-07
9c6bba95,69828,44,2025-09-29
37e41ef6,80381,237,2025-09-30
60c835a9,66234,166,2025-09-17
eaa96dc0,17329,975,2025-09-07
882a12d4,66181,394,2025-09-17
82cf220c,91157,106,2025-09-05
f6c0bebd,19784,200,2025-09-14
0c716567,99592,377,2025-09-22
a9c3c3d1,28620,10,2025-09-18
8813b22a,35922,136,2025-09-01
1503caaf,35394,251,2025-09-09
cb144522,86792,674,2025-09-19
9254c286,15345,317,2025-09-10
86866b0c,65980,345,2025-09-10
4787a859,11039,493,2025-09-07
2a2a6a2b,79713,377,2025-09-20
8cc04a3d,79962,320,2025-09-22
e197bde0,97966,975,2025-09-25
cb7cdf36,44022,479,2025-09-05
ee89666e,61242,69,2025-09-05
2b3e5396,42622,274,2025-09-08
f9026c53,18885,455,2025-09-09
e148d941,27441,11,2025-09-02
6992913c,38281,259,2025-09-06
de2982a4,23237,578,2025-09-11
1021ee43,92964,436,2025-09-13
30893682,76108,269,2025-09-05
adf5f121,35923,855,2025-09-22
ed0aa568,23311,523,2025-09-06
5eea85ab,98864,827,2025-09-02
1ef668f2,53441,18,2025-09-21
63af2c0c,69220,86,2025-09-14
7576005c,74527,883,2025-09-29
d25193a2,87520,967,2025-09-22
5b5df2e3,55868,812,2025-09-03
01185f00,85595,256,2025-09-19
f0d82772,75891,143,2025-09-23
c0da70b8,16288,433,2025-09-27
f5e108fe,49569,393,2025-09-17
103bbd83,14003,23,2025-09-14
3776470d,99796,685,2025-09-29
014d7c2a,18599,304,2025-09-07
f91be0bc,77603,151,2025-09-04
3af1e891,60907,399,2025-09-06
a6f6f305,78788,696,2025-09-06
6a41e8b4,70134,550,2025-09-12
28224f3f,81052,499,2025-09-07
d8d6890b,37414,35,2025-09-27
f03dbb22,66859,574,2025-09-14
0d505a63,14830,152,2025-09-09
206ed605,89513,136,2025-09-04
a8e8d900,84508,507,2025-08-31
a81b5a52,32882,613,2025-09-29
c02989e3,70579,262,2025-09-18
b984962f,61203,917,2025-09-20
ec0f1f9c,46661,752,2025-09-11
79192748,69441,30,2025-09-11
cdca820f,26066,313,2025-09-23
dd7f16b5,63350,887,2025-09-17
f880814d,47005,139,2025-09-24
7b6fccc7,90066,939,2025-09-23
fbf6399c,35179,768,2025-09-17
7283f904,57208,92,2025-09-25
837ad202,86972,926,2025-09-27
9690e1e0,25327,660,2025-09-21
94dd7804,91028,490,2025-09-27
2c037c2f,37305,481,2025-09-05
9cfb05ff,73918,278,2025-09-21
c18efbb6,40278,115,2025-09-27
6b87cecc,21124,545,2025-09-23
18497394,72261,411,2025-09-24
597412a6,42800,719,2025-09-03
2c1b0438,95172,571,2025-09-28
158d3441,70104,987,2025-09-13
6bcdb7df,80415,978,2025-09-20
1ee55d3a,84396,143,2025-09-13
849958bb,69202,782,2025-09-21
8914b2aa,85057,216,2025-09-24
b73ddbb3,89530,880,2025-09-17
09694027,67098,78,2025-09-30
21928c18,32742,551,2025-09-04
e4435b64,92349,569,2025-09-29
eb0bc5ad,51302,203,2025-09-20
dce67a1b,16497,257,2025-09-13
c66cc1af,54967,631,2025-09-09
0d4596fc,14381,423,2025-09-11
7d13be39,87186,35,2025-09-19
bc2d5848,59913,640,2025-09-30
9d1897c2,58757,885,2025-09-10
191ee60c,46479,186,2025-09-06
7ace97eb,28147,481,2025-09-18
c4d70ac2,79446,376,2025-09-26
e931dfbf,77613,916,2025-09-25
8bd8414d,30500,208,2025-09-11
1ec7ef38,95903,19,2025-09-19
ce8b1f7a,28436,241,2025-09-23
3d24885a,91550,534,2025-09-12
554442e6,76404,6,2025-09-03
7fb39c38,45071,889,2025-09-10
8bd7a4c4,91579,6,2025-09-24
049c3a1a,47972,541,2025-09-19
351257d2,68537,257,2025-09-10
2d34af4a,22171,360,2025-09-22
1e58e237,76792,647,2025-09-04
f1212361,98763,200,2025-09-13
1013137d,15569,223,2025-09-18
8cc15b61,86093,727,2025-09-13
ed6b97cd,24126,766,2025-09-22
9ff8c80c,51673,90,2025-09-06
e7051a38,99808,636,2025-09-18
70c9d9ea,99935,906,2025-09-26
2e0e422b,48434,766,2025-09-16
77b2fe19,94998,598,2025-09-09
ed446f75,20280,694,2025-09-29
2f3003e6,68922,714,2025-09-27
f66b694f,57707,761,2025-09-01
35e2eb0a,58831,212,2025-09-16
30980c4b,70453,5,2025-09-03
4d0d6816,58411,142,2025-09-17
22ee0a67,84884,240,2025-09-18
f7607720,82331,363,2025-09-23
a221d221,64900,29,2025-09-09
a1a0b3fa,68793,820,2025-09-12
57ea6b8c,23540,176,2025-09-15
e9498ec3,35387,597,2025-09-29
7839d5fd,11992,289,2025-09-15
b17e5a4e,84447,605,2025-09-06
5516741a,36477,463,2025-09-14
a67e6f45,40117,352,2025-09-20
924c8912,77559,704,2025-09-12
06e40086,64221,150,2025-09-20
d9add19a,70046,471,2025-09-19
03b4cd14,87584,947,2025-09-04
409a1616,33469,966,2025-09-21
2efb2273,88957,380,2025-09-06
6d0f5fa3,15077,681,2025-09-15
4a0dee71,57389,104,2025-09-21
162356d2,31081,327,2025-09-28
f6ccc186,69119,628,2025-09-23
b6f1156f,19705,947,2025-09-14
16c765dd,47165,690,2025-09-28
7b0fa527,25294,234,2025-09-19
c4fbb47f,10761,556,2025-09-15
76b7bb66,67996,804,2025-09-16
ab0fabd0,70106,108,2025-09-07
26b31961,67926,202,2025-09-09
e7c5bf34,55970,32,2025-09-01
479d1991,61984,763,2025-09-01
e6e7ce30,91192,366,2025-08-31
25043d74,67848,761,2025-09-28
86850e6c,82546,900,2025-09-05
49bc15fe,87704,881,2025-09-03
3264898b,41303,468,2025-09-03
f01b5672,88037,140,2025-09-04
3d0f7cb9,57928,583,2025-09-07
802e3518,73701,748,2025-09-14
e0b355d5,63007,193,2025-09-13
24d2623a,79657,157,2025-09-21
767415ee,78810,713,2025-09-27
0fee991e,63337,919,2025-09-07
979ff5d7,98611,689,2025-09-23
00782bb4,99418,184,2025-09-13
021057f6,88058,539,2025-09-13
704fe190,51536,154,2025-09-27
a4d11769,49871,758,2025-09-22
ef9dfc84,12378,352,2025-09-17
d00438c9,92295,96,2025-08-31
089662ab,85724,743,2025-09-10
06bd980b,39348,621,2025-09-07
e047d730,28868,345,2025-09-15
11a266c8,13974,777,2025-09-10
44e0cb92,76631,561,2025-09-14
9a4b94f7,12301,475,2025-09-04
5e3fd212,93699,219,2025-09-27
b8064328,64888,84,2025-09-16
7f73b101,50497,391,2025-09-16
50ddf1f6,41985,856,2025-09-28
0f621950,59095,65,2025-09-04
094f6a96,40266,196,2025-09-26
97c2df6c,91292,182,2025-09-13
a4bbdd1d,16158,38,2025-09-18
4bad6fdb,71896,611,2025-09-27
73c5c449,28650,215,2025-09-16
9b9734d2,37745,24,2025-09-12
6148bffa,60990,668,2025-09-02
73d9d1b0,96547,748,2025-09-02
fcfc2250,37429,540,2025-09-24
db43bf25,50543,862,2025-09-15
40d7c9ef,47150,349,2025-09-12
2429c198,29401,318,2025-09-07
a44aa01a,16987,510,2025-09-27
5b1305d1,22573,937,2025-09-21
933c8c41,86349,117,2025-09-18
876fe99f,88723,102,2025-09-28
5f4a92c0,33278,88,2025-09-10
0d36f0f7,89301,981,2025-09-26
d1138175,65495,881,2025-08-31
73cae7fd,40940,224,2025-09-14
ad60c692,55477,410,2025-09-20
8ade175c,54227,96,2025-09-26
61d32de3,98300,60,2025-09-05
6bf8a0e6,85922,996,2025-09-03
c507b411,98437,694,2025-09-11
c4560012,61405,91,2025-09-12
5d451552,51416,162,2025-09-01
a75b3070,31704,598,2025-09-30
82a05d4e,88034,45,2025-09-12
5624b08b,24216,585,2025-09-13
803dc8c8,60094,317,2025-09-14
c19c013f,33650,554,2025-09-04
aeef8a35,35926,279,2025-09-03
b2f01777,42959,698,2025-09-05
c4b3a47c,44120,657,2025-09-21
6fa48eeb,62018,577,2025-09-27
e634407b,26203,88,2025-09-10
0d30680d,84145,288,2025-09-02
c0009402,27635,139,2025-09-24
80419740,66818,757,2025-09-23
dad0eed8,15821,877,2025-09-24
1de7a999,90237,120,2025-09-06
a57c8674,73454,131,2025-09-10
8ea5bf7e,78093,659,2025-09-29
9aaa481b,28327,66,2025-08-31
e08a4460,19326,143,2025-08-31
cb3aaab9,63450,544,2025-09-13
c32497c0,95208,426,2025-09-19
11f7a547,95955,871,2025-09-16
4803f430,67837,400,2025-09-16
f8124d80,99996,473,2025-09-07
f9d9443e,25987,867,2025-09-04
f5cc7ea1,62503,594,2025-09-14
cfaae001,27607,337,2025-09-11
85fddbdc,44959,516,2025-08-31
7aec463d,25638,68,2025-09-06
5622ad57,76630,587,2025-09-05
07950111,17610,570,2025-08-31
0bd464d0,54997,398,2025-09-01
f2ce4297,75320,944,2025-09-25
0f155e58,72849,618,2025-09-06
d3119f59,21084,154,2025-09-30
94d902b6,10337,208,2025-09-16
b7d78301,11592,283,2025-09-03
ef117c57,58808,989,2025-08-31
f6653307,58576,931,2025-09-06
1f6d9b77,20048,596,2025-08-31
27807f8e,17389,459,2025-09-23
cdf3ea60,54973,651,2025-09-26
426daa58,56509,802,2025-09-28
f7cd8fb1,29611,798,2025-09-29
7c734549,99944,970,2025-09-21
b15e38bc,63511,311,2025-09-27
eaa16a8e,54238,67,2025-09-01
42019792,68045,601,2025-09-20
87259920,31044,952,2025-09-21
824c0c24,51357,983,2025-09-10
4a82db1b,89091,893,2025-09-05
276a3335,89159,380,2025-09-09
e6bc2f78,25614,36,2025-09-12
5f5df9a5,52279,666,2025-09-04
57a98698,48594,416,2025-09-03
1613c65e,19737,114,2025-09-24
779ac6b2,33773,34,2025-09-08
0bf2a32a,48948,108,2025-09-09
653261fc,75400,998,2025-09-04
c460a75e,11405,295,2025-09-11
8d2f304a,92186,287,2025-09-16
14ede02e,20221,707,2025-09-19
79fb058d,49113,447,2025-09-15
6419c402,36763,422,2025-09-10
58ad5530,21454,810,2025-09-12
811312ba,52101,500,2025-09-19
77ed1dbb,99420,876,2025-09-03
5dd13f34,80342,85,2025-09-22
c161060e,90094,164,2025-09-05
f8562898,11703,291,2025-09-05
2051414d,68615,815,2025-09-22
6ee1c8f9,54054,114,2025-09-12
5d144c70,92784,28,2025-09-01
00eb2ab7,58411,442,2025-09-30
1c813b6f,72865,887,2025-09-22
d6acf993,14392,25,2025-09-13
5eee73bc,46772,833,2025-09-11
9f09c830,87421,48,2025-09-21
932ee161,32331,584,2025-09-07
47ba4698,89421,718,2025-09-06
b7b12b72,67680,483,2025-09-23
8d58d13d,79657,835,2025-08-31
817820aa,46617,67,2025-09-21
a2f1e0d3,80883,840,2025-09-18
7f411a1f,24582,389,2025-09-24
42583b77,80363,510,2025-09-14
67e1db2a,91134,63,2025-09-25
634750ae,29679,398,2025-08-31
f218ffca,39882,896,2025-09-15
afd111ea,57760,997,2025-09-18
cb3ee1fb,88786,736,2025-09-16
d9b144fd,19319,835,2025-09-15
cb637c5a,63113,360,2025-09-07
add82b86,56354,511,2025-09-25
4ea3eb67,30020,897,2025-09-15
3ac16e00,47137,920,2025-09-23
5632ef3b,48492,32,2025-09-19
11ec2345,45578,637,2025-09-12
323e9a40,10376,454,2025-09-11
edaebdaf,80598,850,2025-09-15
dc7aed53,22687,533,2025-09-12
2ff1f342,35038,663,2025-08-31
3744f26c,66673,571,2025-09-17
4d012b49,87862,286,2025-09-30
5c5809a2,84174,38,2025-09-26
64914391,22620,575,2025-09-16
139899d9,97171,779,2025-09-06
7d383819,43947,570,2025-09-12
79a28567,86957,857,2025-09-17
d58d32ac,95510,686,2025-08-31
c8f7f012,55009,839,2025-09-10
e96367f3,47521,905,2025-09-02
478985d0,46190,28,2025-09-03
758ae029,76765,22,2025-09-11
b8e5d31e,84887,439,2025-09-18
fb4f5be5,65911,322,2025-09-23
12e99274,58999,665,2025-09-05
1b37bff7,76907,465,2025-09-19
f8787017,53963,97,2025-09-23
f9979dbe,79582,349,2025-09-09
101a9bda,46057,730,2025-09-11
c531a74b,41727,513,2025-09-23
e7a4ba2d,14245,124,2025-09-03
aadd6617,66761,549,2025-09-24
04265ab8,33879,178,2025-09-13
811d3ba9,74321,797,2025-09-05
bd7b5198,17806,86,2025-09-27
f4897fc0,74927,761,2025-09-02
d0daa3b5,65093,483,2025-09-16
1523c849,56497,602,2025-09-28
9cc0c356,23397,637,2025-09-14
14e68fc8,95217,846,2025-08-31
f4e4439e,96073,386,2025-09-04
0e78f935,89364,679,2025-09-23
80ce35e6,78596,781,2025-09-03
7051168b,91861,343,2025-09-03
eb0befe0,57370,367,2025-09-19
66dfd7cf,80825,961,2025-09-11
706886fd,26984,327,2025-09-14
383cdaa2,81348,699,2025-09-11
e636a337,52372,476,2025-09-26
cf49d883,59007,317,2025-09-11
920bad2f,83445,316,2025-09-04
1c6a6110,63996,860,2025-09-30
2a624943,64757,393,2025-09-01
738ce796,82296,697,2025-09-17
96ffcc87,99162,624,2025-09-01
04592d7c,74819,122,2025-08-31
162954cb,12223,537,2025-09-26
12603d93,68219,212,2025-09-08
8d1e003f,42333,754,2025-09-22
a7fb25c3,92154,854,2025-09-20
1d663081,85381,616,2025-09-28
efea0ea0,68866,397,2025-09-18
4fa977ee,58813,795,2025-09-05
2040a41b,75385,924,2025-09-08
09d2f8e4,44123,732,2025-09-06
9e081036,16415,700,2025-09-02
4d900962,98225,272,2025-09-06
8fe87483,46603,486,2025-09-05
e9a1b9b8,97940,683,2025-09-26
962feed0,24229,53,2025-09-05
20066c0b,13941,730,2025-09-22
abee66bb,91944,391,2025-09-02
ad0ebb8c,65135,258,2025-09-29
4407ff88,59035,211,2025-09-07
7f52b3cb,25863,29,2025-09-13
50fb13aa,26230,654,2025-09-17
f809e00d,24356,710,2025-09-17
6e05c2bc,67488,352,2025-09-30
db08db61,66214,501,2025-09-03
8ebcd170,92163,445,2025-09-04
094d9fa0,33949,487,2025-09-09
3d9c9092,99501,55,2025-09-18
4c44476a,48832,467,2025-09-24
8b551f5b,52759,346,2025-09-13
16dd673d,89467,922,2025-09-07
6d1879ce,55619,156,2025-09-03
b4305d7a,27774,526,2025-09-19
dbbead01,76132,283,2025-09-16
abeaaeec,97746,923,2025-09-11
367710f0,92773,459,2025-08-31
8911aa6a,55181,911,2025-09-11
bd8b5ef1,49903,704,2025-09-06
3d9e1630,88804,943,2025-09-06
099a35c5,30722,878,2025-08-31
e11d5c3b,67514,340,2025-09-13
72de16df,76079,111,2025-09-25
b7d763a5,14690,489,2025-09-07
85d866f7,45461,322,2025-09-09
0927b55f,90698,843,2025-09-04
f8c99b35,26370,989,2025-09-17
4c7aff6b,17904,226,2025-09-06
1acdb824,59613,710,2025-09-12
04c7f3a4,67727,404,2025-09-12
d6e506f6,40852,372,2025-09-12
5bc5c28f,21240,676,2025-09-04
f9254795,82360,22,2025-09-15
70348a6f,57733,293,2025-09-03
4ead31f5,52872,703,2025-09-07
354c53f4,60098,66,2025-09-29
4f886bf1,28075,889,2025-09-10
a4441f4c,97025,282,2025-09-16
41f5c9b6,82958,896,2025-09-19
25d2b6c3,89687,678,2025-08-31
9b7381dc,82369,762,2025-09-25
2b77c3e0,94910,624,2025-09-12
788fc855,16462,573,2025-09-27
bd360396,78231,487,2025-09-20
a206f5d8,25908,774,2025-09-19
1587e1f0,31514,339,2025-09-12
9d7eb202,75360,177,2025-09-09
18c7b12e,43169,428,2025-09-11
41a33eff,95279,482,2025-09-18
fcd65e35,34213,452,2025-09-02
68bb5c1d,20065,294,2025-09-12
6ad6cf75,27300,699,2025-09-26
f172ff5a,61887,23,2025-09-23
222e65e7,52852,958,2025-08-31
4631ad5e,88442,535,2025-09-30
a1a07a17,32507,121,2025-09-18
ea7f2a87,62953,635,2025-09-04
9e979604,71678,671,2025-09-26
e9891919,74224,62,2025-09-28
4a53f300,67899,884,2025-09-06
48dc5304,44125,76,2025-09-15
ff944070,90502,125,2025-09-14
32c2d4cd,48679,230,2025-09-15
3b7b0e94,97349,120,2025-09-09
dfcbf4ff,14053,394,2025-09-23
d0800ee5,75756,195,2025-09-01
34f4b8bc,10692,619,2025-09-23
e2111f1c,70628,523,2025-09-18
9e9bc7e6,37911,209,2025-09-08
4d5e8edf,91627,107,2025-09-23
022dd801,31938,780,2025-08-31
b9b1fe91,91693,569,2025-09-16
ee45fc62,32249,198,2025-09-12
d83416a2,38027,838,2025-09-21
bcd305f1,54152,471,2025-09-13
68c2b584,10462,964,2025-09-15
be9f8e1e,13146,382,2025-09-25
9d622768,26533,57,2025-09-19
47f16315,70968,880,2025-09-10
527ec514,36618,718,2025-09-30
3c2df344,58324,800,2025-09-03
92f568be,40131,588,2025-09-23
eca726e1,83070,744,2025-09-01
74b5cf6b,69161,816,2025-09-23
cc946d30,63431,917,2025-09-09
aaf1f1dd,87752,361,2025-09-23
6ec1ccff,63483,904,2025-09-14
7f8ab72c,94113,836,2025-09-28
625359ca,85433,362,2025-09-27
021caf59,42510,333,2025-09-29
3f0c4040,48271,414,2025-09-04
46d28664,68829,286,2025-09-25
e2265183,71261,376,2025-09-28
a5f762a8,37890,775,2025-09-12
7e5d75bf,99092,285,2025-09-18
9bab2ee5,19625,903,2025-09-15
c206a8d4,41095,891,2025-09-18
2a3da563,55431,568,2025-09-24
04a44d69,62806,154,2025-09-15
fe7983d8,32107,879,2025-09-29
9254be8a,18252,171,2025-08-31
21a3c039,65969,740,2025-08-31
1f404d7c,43708,942,2025-09-19
880ae4c6,65831,167,2025-09-22
59aa78ef,98592,739,2025-09-27
e5c6916f,92540,655,2025-09-07
2703cfcc,60519,851,2025-09-16
42abf759,23441,773,2025-09-20
f3a1ba04,84752,887,2025-09-19
a11c174a,26500,891,2025-09-09
4e4e23ed,31714,228,2025-09-16
25c96132,13674,659,2025-09-30
77b8d2bf,19067,753,2025-09-22
dcdcd783,98388,725,2025-09-13
0006f72b,53858,654,2025-09-24
e69c39b3,41986,144,2025-09-12
42eac5d0,37468,671,2025-09-15
5744f273,30341,236,2025-09-19
cc54604e,38731,551,2025-09-08
cfcf9406,39405,715,2025-09-17
29ae90a1,98949,363,2025-09-07
dbbf4358,29366,243,2025-09-17
0e7ba835,96171,97,2025-09-20
254f79d7,28221,960,2025-09-13
840a2a5c,52211,383,2025-09-08
74247248,54845,322,2025-09-01
6b675729,82144,784,2025-09-12
aaa03ac9,97737,498,2025-09-25
a159db09,24653,264,2025-09-01
10fd6e14,70648,473,2025-09-14
2b2b383b,18027,187,2025-09-26
6f72239b,67210,640,2025-09-10
e94a19a1,91776,78,2025-09-30
7598b640,58050,338,2025-09-27
9193361e,60813,842,2025-09-22
fd6534db,31728,537,2025-09-08
ec314ac6,69965,908,2025-09-06
364ec8b3,95225,19,2025-09-26
af4709c6,93971,225,2025-09-04
a8886180,72919,306,2025-09-13
cfb49b21,15060,760,2025-09-06
00ccee4f,43616,976,2025-09-14
6f06fa6e,40775,134,2025-09-26
a09369b4,23834,780,2025-09-16
d43c77b8,83141,783,2025-09-28
3d03c027,93070,543,2025-09-02
13be8ccd,18402,766,2025-09-20
b8d4015e,26928,132,2025-09-19
ec5019b4,80959,998,2025-09-30
6eb21088,38031,224,2025-09-23
5326088c,97830,287,2025-09-20
53990f49,61017,825,2025-09-10
dd96ad85,66089,427,2025-09-18
387d0b7b,21342,898,2025-09-03
18698ba5,52700,985,2025-09-24
26b38ec8,71857,407,2025-09-13
0a4daafe,28545,230,2025-09-25
2ce5162f,85854,481,2025-09-04
5df5c391,69811,770,2025-09-01
818e5671,57576,609,2025-09-03
f3fbfc3b,88191,739,2025-09-27
3eb57e2d,10239,823,2025-09-24
71ad3fca,55949,706,2025-09-01
8ef641d0,36267,944,2025-09-20
cdf3e123,77848,329,2025-09-13
e68af17f,70251,133,2025-09-03
bc18b633,18266,729,2025-09-09
582dc5ce,24882,25,2025-09-06
bafdfdb4,38138,586,2025-09-08
44fe390b,41924,998,2025-09-13
0da5f402,56133,567,2025-09-21
bf01985f,15289,31,2025-09-23
5663fee5,98521,925,2025-09-03
0250be56,58085,490,2025-08-31
d8be3e18,18898,363,2025-09-05
abea1aef,43059,368,2025-09-24
785d58d3,97638,982,2025-09-02
190cdfc2,83979,505,2025-09-11
551d2942,21589,132,2025-09-28
2369df8c,91979,840,2025-09-17
fe9fa051,29913,583,2025-09-03
38c3f671,22071,49,2025-09-27
f339b520,16069,516,2025-09-07
5b4d107a,38551,978,2025-09-04
5ecba0c0,74011,997,2025-09-29
5a85c31d,55615,390,2025-09-05
89024333,40261,17,2025-09-19
eea1bd4f,24194,560,2025-09-10
4cfaf96b,49740,56,2025-09-11
858adc21,62881,133,2025-09-30
2f0112f1,49892,824,2025-09-26
23da41d6,55054,258,2025-09-04
c6ceb3ea,68098,3,2025-09-18
dfecd9c2,32101,37,2025-09-17
ea50d7e1,38538,132,2025-09-29
0e54ff05,60744,293,2025-09-14
d4ac32d5,71653,994,2025-09-06
3180c99f,33934,8,2025-09-10
85bd5f35,72623,245,2025-09-21
19a5af32,30502,460,2025-09-20
5909b80c,82687,851,2025-09-11
ba699108,14001,811,2025-09-17
2ce1a558,96745,38,2025-09-24
618f3552,76824,914,2025-09-05
5f6e31b6,96804,634,2025-09-17
e3c7c37e,17452,921,2025-09-26
05aa00b0,81506,105,2025-09-19
aa430dae,21487,840,2025-09-06
be878d32,27254,502,2025-09-11
0b18ec55,94827,869,2025-09-21
a2e986c0,91678,992,2025-09-04
16364131,62954,977,2025-09-22
b2f65cdb,56700,10,2025-09-24
f515a560,60566,943,2025-09-26
75e7b7a5,46430,669,2025-09-04
c3aeeb46,37212,367,2025-09-20
29140114,84100,509,2025-09-23
af336248,24496,18,2025-09-26
b6b14270,87613,851,2025-09-24
58a1d000,38335,276,2025-08-31
2dd22a65,23785,571,2025-09-30
823398d4,60020,540,2025-09-30
c94e69ad,80977,714,2025-09-02
e453cebe,80827,532,2025-09-18
17e72f30,21844,941,2025-09-05
f8f05cbd,51576,120,2025-09-19
bb098ccb,66714,463,2025-09-16
a229e673,99183,183,2025-09-07
72eb751a,80566,871,2025-09-28
71029fdc,54390,250,2025-09-08
478bb018,18896,414,2025-09-18
9caa0bbe,87465,337,2025-09-20
bc47e491,97544,90,2025-09-19
aa22b477,44949,159,2025-09-06
0d0aad29,77451,818,2025-09-07
76a5e303,95960,100,2025-09-19
3abdedc2,62958,221,2025-09-25
a3b4c3d3,48370,766,2025-09-02
7d35bdc0,23484,139,2025-09-29
331848c1,87929,432,2025-09-04
bd88628c,40780,328,2025-09-18
c27ccbc7,67821,944,2025-09-22
476c1c8c,30679,112,2025-09-08
3da25be0,55632,236,2025-09-13
1b5100b5,84534,836,2025-09-13
b57d13af,85337,131,2025-09-07
7a404c48,30469,602,2025-09-27
68c96c81,82304,700,2025-09-10
00c40161,14318,312,2025-09-29
9d9e1264,42561,421,2025-09-17
0f951f0e,27289,884,2025-09-24
fa39edb9,82545,245,2025-09-25
65914347,36557,741,2025-09-15
7ce8d465,35146,151,2025-09-20
5a5883fc,25537,300,2025-09-14
9162547a,76394,914,2025-09-20
a5720ee0,36375,978,2025-09-26
90f53b83,35654,456,2025-09-19
4bdda21c,23357,638,2025-09-30
a895cd17,97065,94,2025-09-06
f10d81e1,68335,187,2025-09-28
df673930,82037,179,2025-09-18
bb1eaa4a,35686,382,2025-08-31
a8d220d4,39131,479,2025-09-29
c91f5e00,79682,238,2025-09-20
28b0ae51,94954,296,2025-09-10
a48ab2d5,84258,274,2025-09-06
5eba5105,99434,260,2025-09-30
29148230,84941,872,2025-09-09
fe35af3e,79286,356,2025-09-04
7efa4e0d,50506,492,2025-09-26
bd92daa2,25843,422,2025-09-09
0d83965e,41159,432,2025-09-12
6b568e50,13595,45,2025-09-26
a3281a2c,69573,283,2025-09-19
194f4e39,43617,579,2025-09-17
d722965a,43693,387,2025-09-09
7889d13d,75490,953,2025-09-17
df280ca6,71106,224,2025-09-09
a2409bf4,93826,437,2025-09-18
eb2a27ed,65554,254,2025-09-03
ee457862,29553,339,2025-09-25
daae8633,46331,790,2025-09-23
b537b52b,12796,958,2025-09-02
97fd1acf,36939,460,2025-09-12
4db10544,69428,214,2025-09-24
01f6077a,48805,399,2025-09-29
7cf588ee,18233,565,2025-09-27
b9ba82a5,37886,549,2025-09-28
8171c1f4,73873,836,2025-09-16
99daef26,91974,747,2025-09-02
11fa2ac8,62770,74,2025-09-09
14630366,39137,833,2025-09-17
7baa918d,24486,551,2025-09-11
2e9cc222,88411,416,2025-09-17
b3023107,83147,108,2025-08-31
5ae0134c,24506,90,2025-09-03
99a34eb0,18621,921,2025-09-11
0e6412da,11823,671,2025-09-04
663c04bb,44221,176,2025-09-16
0dcf8130,33711,497,2025-08-31
520a82eb,93688,955,2025-09-04
091d7141,75543,3,2025-09-29
61870c0b,84659,657,2025-09-28
5c9dc20e,58166,915,2025-09-07
71b59d2d,44264,736,2025-09-28
90eaf4a0,29265,874,2025-09-01
3da3e4c1,63773,566,2025-09-02
4c72daba,29697,611,2025-09-01
bce3d616,99787,86,2025-09-25
c04809df,32335,324,2025-09-21
dc3fdd52,53430,332,2025-09-01
ef6b96ef,52948,325,2025-09-13
f685ab21,37940,713,2025-09-25
36105e1d,56695,460,2025-09-23
b2bb247b,37692,205,2025-09-08
42499f8f,82610,395,2025-08-31
ea3b8b24,80928,176,2025-09-15
5c326ae4,90989,41,2025-09-21
c1cbc34b,52640,461,2025-09-20
e48bb0b7,30732,857,2025-09-06
ca69050e,35341,678,2025-09-30
6e2a8bc8,10951,603,2025-09-20
9b0571b3,64490,819,2025-09-06
a4317477,85770,414,2025-09-14
f19b3869,39454,52,2025-09-03
823f5897,54675,338,2025-09-19
b4504731,52274,325,2025-09-03
64588cc0,74366,337,2025-09-22
daf98b5a,93147,989,2025-09-02
4da09bc0,99965,411,2025-09-03
de98f184,16666,601,2025-09-22
33e9d646,26066,480,2025-09-12
bb2cfa6d,18743,888,2025-09-13
5e5ea1aa,19124,1,2025-09-13
cec0aabe,75693,289,2025-09-28
ed1c97be,85727,42,2025-09-27
4108a1dc,63564,454,2025-09-14
4582663f,45420,146,2025-09-27
4adfa2ab,94678,441,2025-09-11
d344a43d,22576,306,2025-09-11
23244266,37821,294,2025-09-27
bddc64d3,14728,782,2025-08-31
74c96e6f,35456,417,2025-09-08
9840d318,34372,829,2025-09-16
6d28cea8,88603,893,2025-09-25
6c2451f2,59231,327,2025-09-07
de8a82ed,39844,477,2025-09-09
45da59e8,58740,361,2025-08-31
b6e22151,61449,229,2025-09-12
bd29f21b,41773,100,2025-09-02
c243d35d,91956,156,2025-09-05
d53b577c,47981,469,2025-09-17
5ee86518,69930,945,2025-09-07
808c1aa6,54255,205,2025-09-27
1bf730b0,33983,607,2025-09-29
1c2330a5,35037,698,2025-09-24
e5f93c07,90592,680,2025-09-02
c7461392,52186,595,2025-09-23
e765e11c,19607,392,2025-09-04
7b6f823f,83754,690,2025-09-03
cd7bef86,78415,289,2025-09-29
e5b2a9bf,24427,135,2025-09-02
e19e4fb3,90107,662,2025-09-22
23e6712d,57468,395,2025-09-06
e493cf5a,19378,429,2025-09-23
3b4e6791,45642,648,2025-09-19
109280f3,29159,116,2025-08-31
bd42b936,76318,127,2025-09-30
4f7b9605,34973,450,2025-09-04
1efbc437,32558,904,2025-09-16
975b73f9,97616,800,2025-09-15
b3d00ae6,23936,392,2025-09-25
fcd30a62,58711,818,2025-09-01
bf32281c,60675,991,2025-09-08
6529d33a,42984,365,2025-09-17
8b8355e2,33988,750,2025-09-06
35256c5b,33287,6,2025-09-30
f31a3ab7,39852,177,2025-09-08
ab9ec3b7,34169,430,2025-09-24
7c4e7a49,28825,85,2025-09-15
aa9ce351,77328,212,2025-09-13
43989c82,44302,750,2025-09-25
18b21f4d,90769,927,2025-09-20
4d6fc003,20064,109,2025-08-31
83451159,47028,427,2025-09-17
19c0a06b,71917,676,2025-09-11
23ff8fca,47527,120,2025-09-02
23c27d42,48229,248,2025-09-09
31af30b8,30042,153,2025-09-30
d2d417c2,51496,935,2025-09-02
986a4a67,32835,318,2025-09-21
b7385d0f,38920,956,2025-09-20
0f829a4f,87905,64,2025-09-09
dbb622f1,77710,248,2025-09-06
7377a1b2,10804,233,2025-09-05
ec4287fc,38562,5,2025-09-02
3e5e2c41,16847,830,2025-09-25
da11c369,31310,874,2025-09-21
0eb3f651,89710,832,2025-09-24
e577b20e,17093,774,2025-09-22
684187cf,38205,162,2025-09-23
3528161e,41796,518,2025-09-14
30007ff6,63779,67,2025-09-13
c533a1b2,57615,718,2025-09-10
7a684fe0,34118,531,2025-09-16
fd058108,13956,467,2025-09-28
669de232,74618,993,2025-09-17
8f42086e,49217,755,2025-09-15
c487471a,10611,55,2025-09-13
f9e8aa4f,13311,496,2025-09-17
3db1ae14,73708,764,2025-09-13
a17cd64a,30065,939,2025-09-22
cf8e52cd,12701,816,2025-09-19
46f16491,92845,298,2025-09-18
6faf9776,85043,497,2025-09-01
07d136c8,99731,43,2025-09-22
64aa7a1f,35667,427,2025-09-11
05fe8128,59438,253,2025-09-03
c8135393,19511,549,2025-09-21
83ed9011,93791,855,2025-09-25
cb32c91d,37745,189,2025-09-17
d8664f6d,94896,408,2025-09-25
a0cb67a8,78912,595,2025-09-22
7d044b1a,73465,969,2025-09-07
d5ffd40f,24420,47,2025-09-20
0d3768d8,63849,951,2025-09-02
11fb78dd,37152,60,2025-09-02
1172e0c3,33008,650,2025-09-26
39d73b35,63346,405,2025-09-15
6cfd1a5b,62804,392,2025-09-26
a6d0320a,66439,235,2025-09-30
758936af,89631,852,2025-09-07
255a822e,73699,305,2025-09-15
c648da35,58244,478,2025-09-26
dea56e4f,33593,160,2025-09-15
8c20271c,24647,708,2025-09-14
7b5a0910,42979,992,2025-09-18
346bafa7,87163,143,2025-09-07
b3bcdb98,32008,944,2025-09-19
679792a1,57374,918,2025-09-24
514721d0,87215,853,2025-09-27
2df567f0,18012,890,2025-09-05
2ab608c8,55363,155,2025-09-25
b9fb624c,53329,347,2025-09-10
91aac17c,56334,258,2025-09-27
e960db7c,13868,575,2025-08-31
8e9739d6,51579,474,2025-09-30
56ed266e,60920,730,2025-09-01
65c8bb79,85143,524,2025-09-19
a4a6589e,24732,493,2025-09-24
ff48ea6b,35661,583,2025-09-30
006c78cf,43510,103,2025-09-17
79e571bc,14435,205,2025-09-17
438d53df,53755,115,2025-09-13
3fcc7df1,70424,731,2025-09-09
06551ff6,94771,327,2025-09-11
fd3d927b,27106,738,2025-09-03
ba9c9436,91111,260,2025-09-20
7e42f2cc,37176,611,2025-09-23
04dafd42,61538,298,2025-09-04
0afa8426,43458,370,2025-09-02
b8fc96d2,78155,173,2025-09-29
d1a42a26,54448,906,2025-09-17
53fdaa8b,93185,706,2025-09-04
37213947,61726,556,2025-09-10
9ef5c275,84667,752,2025-09-25
9a99a8e5,94966,970,2025-09-24
8421fcf9,62293,6,2025-09-19
c129220e,20652,249,2025-09-19
7c68fe57,27421,648,2025-09-04
b3b550fb,30514,40,2025-09-28
136330c9,68518,613,2025-09-27
8ba8cc18,81434,570,2025-09-01
13f1ed94,93362,384,2025-09-30
2ab1ae27,99296,308,2025-09-28
7824e2dc,40948,356,2025-09-02
b1cb5dc1,97624,879,2025-09-09
a09f6dbb,37730,14,2025-08-31
f86ac6d6,81617,787,2025-09-19
3fe767ea,72209,2,2025-09-16
854029f3,73770,191,2025-09-18
9276e554,27558,647,2025-08-31
421ba57c,89043,337,2025-09-01
2ce5bf0f,89791,133,2025-09-06
0b5936a4,73160,25,2025-09-08
96051933,77091,703,2025-08-31
726a372b,94945,361,2025-09-18
fd17a084,87488,214,2025-09-15
ab6757d6,72521,366,2025-09-10
b2ffd1d9,92400,657,2025-09-29
d276e0e6,94696,894,2025-09-27
d602bcd5,36159,87,2025-09-02
f7be6a04,33667,786,2025-09-18
ac68709c,66654,318,2025-09-29
4c5c38dd,15359,654,2025-09-09
4b5feb7e,96950,86,2025-09-04
d1c0ea9f,89229,337,2025-09-02
7a872a19,21650,216,2025-09-07
bd1f4437,89859,889,2025-09-13
4762ae53,28660,94,2025-09-21
4c75c982,80048,120,2025-09-07
cfac5bb8,84577,373,2025-09-12
62d7a74b,42003,966,2025-09-27
c73bd03d,25139,113,2025-09-30
0473ec56,40509,122,2025-09-16
3371251a,38739,589,2025-09-21
4b4d3712,15274,33,2025-09-19
7463844d,68099,729,2025-09-17
a9bb5057,12074,959,2025-09-18
d61829c9,10997,883,2025-09-06
57727f16,35705,997,2025-09-04
334b3208,12904,384,2025-09-18
b647085a,56148,491,2025-09-03
5a25ce29,22345,286,2025-09-04
5f664bc6,47440,526,2025-09-21
00e204e6,87480,222,2025-09-27
31a73fa5,62128,759,2025-09-09
66784f7a,50260,10,2025-09-02
81f168fa,41896,71,2025-09-04
d2d26096,41917,947,2025-09-20
664cc4bb,53815,902,2025-09-13
98403dd4,49271,891,2025-09-05
61fe8320,61881,239,2025-09-24
875f64da,57769,522,2025-09-30
f9d44066,20441,595,2025-09-10
de303c73,13570,802,2025-09-28
c765080d,11210,477,2025-09-18
4df2bd93,53370,561,2025-09-24
7cc4ec7e,15929,709,2025-09-28
42a3deb5,81666,322,2025-09-17
803307f1,71286,877,2025-09-18
01fd8d23,91694,987,2025-09-12
adb7a443,43366,860,2025-09-13
9109f86e,57477,378,2025-09-16
e64de938,75640,192,2025-09-01
7a9752af,73191,294,2025-09-21
9e8c04d5,70428,879,2025-09-18
e1f20290,59122,273,2025-09-27
4b930427,80081,339,2025-09-12
c907fdfb,85559,616,2025-09-20
5f7d0936,56818,515,2025-09-12
3e4106ca,86938,412,2025-08-31
ad1f606f,56722,529,2025-09-29
b040d094,64408,381,2025-09-28
34fae620,27626,149,2025-09-27
e65a3bd4,28273,248,2025-09-21
28e15691,25160,910,2025-09-07
714ce23c,64474,711,2025-09-06
9ba577a4,77806,647,2025-09-05
8b5d6de6,87092,711,2025-09-04
61b8290c,94692,715,2025-09-20
0761ebcb,32478,826,2025-09-02
15761b6f,31366,133,2025-09-04
6a4dff73,58423,802,2025-09-18
866b0e9a,75532,186,2025-09-06
278ae43c,80442,818,2025-09-11
00081a9a,14890,522,2025-09-20
f3eaa37e,97866,571,2025-09-20
2f3ca1e7,76149,874,2025-09-30
7dcc189a,97662,158,2025-09-17
75069048,28871,720,2025-09-28
ba6bf6fd,62855,810,2025-09-20
25795807,41727,191,2025-09-21
e1ac1e11,91874,71,2025-09-30
2438b5ba,33196,258,2025-09-18
8c2e7878,11682,775,2025-09-19
1590b37e,32415,651,2025-09-07
a1e98e88,75020,19,2025-09-20
5934c1ee,28863,409,2025-09-07
6ab40c85,26407,411,2025-09-17
a694341e,73143,601,2025-09-04
29409b4f,38214,822,2025-09-21
270b18a9,85925,690,2025-09-23
03a3a65d,77826,492,2025-09-30
1bf4b50e,54119,786,2025-09-12
2117d825,69650,279,2025-09-18
6ffdd8f1,53278,738,2025-09-21
87c105c1,36698,611,2025-09-12
a5f08d7c,54789,778,2025-09-20
f2f9f7eb,81333,157,2025-09-17
e358261d,75639,439,2025-09-20
cb34ba6a,38577,106,2025-09-03
65d9149f,52710,145,2025-09-14
fefe208f,75690,636,2025-09-21
08a628cb,45860,613,2025-09-14
8fa81fb3,79639,740,2025-09-20
b0bdacba,87694,554,2025-09-02
a2faa008,94818,614,2025-09-10
e9731d68,75245,828,2025-09-30
2b6c85fe,46091,539,2025-09-22
fda4883b,19147,576,2025-09-10
633758de,30528,587,2025-09-15
4a91ee7e,59660,497,2025-09-15
85f30481,89777,978,2025-09-27
4501ed3f,46330,157,2025-09-03
ff2df260,73402,973,2025-09-18
2a5408e8,11083,841,2025-09-25
543c0bfb,62823,644,2025-09-25
18d0aa1f,12943,475,2025-09-18
8306b16f,62009,735,2025-09-14
f48a19c2,38744,53,2025-09-27
438d51a1,93408,246,2025-09-02
61ce8089,75421,496,2025-09-07
fc76fe55,78202,436,2025-09-02
a86212cd,72969,328,2025-09-27
aad864f7,49060,471,2025-09-20
5b5c20ae,15750,761,2025-09-12
f14ceb7b,16489,727,2025-09-06
3a0b397e,15615,205,2025-09-22
9b8bc701,67435,711,2025-09-14
32e64014,68671,426,2025-09-02
94ed3594,30916,187,2025-09-27
3ed5dc3b,14916,826,2025-09-02
ae062920,84651,842,2025-09-13
0fa8bb8c,92778,835,2025-09-17
08a5aba2,17395,71,2025-09-20
6fba9bfd,19785,81,2025-09-03
65f88882,58233,824,2025-09-15
3353fda5,19716,839,2025-09-03
ea96eb43,12316,636,2025-09-02
4188adc3,27220,741,2025-09-30
0417ad2a,47485,455,2025-09-19
32e36c33,62324,991,2025-09-01
740f3ac8,41642,988,2025-09-13
f831f6ab,24701,981,2025-09-04
50385e15,32879,38,2025-09-06
a1bd93c8,52342,398,2025-09-08
8034449a,31164,381,2025-09-10
99539635,20784,4,2025-09-30
ddfb814d,92491,913,2025-09-23
09e2e7af,54909,668,2025-09-12
dcd99155,48552,211,2025-09-16
a7239f33,55742,668,2025-09-05
83a615ec,40946,241,2025-09-18
960a7f61,76964,572,2025-09-18
fd33e5f7,29988,60,2025-08-31
54bc2a7f,41653,518,2025-09-28
5c7dc439,29538,187,2025-09-25
121a25a6,38678,949,2025-09-08
73e600fe,75454,213,2025-09-30
21ae820e,68159,817,2025-09-03
d20a1aca,38899,418,2025-09-20
a1615840,92472,628,2025-08-31
0137e84a,18602,767,2025-09-24
be85d434,72196,403,2025-09-18
abab74da,22850,751,2025-09-29
bd29fe00,78184,312,2025-09-06
6b5cace2,99015,367,2025-09-30
b8d05004,14961,29,2025-09-04
c85a53a6,97560,392,2025-09-17
129a0cdf,12973,307,2025-09-25
0b30bc4b,23393,962,2025-09-22
ae4374d0,66609,399,2025-09-04
f66abbe1,34861,353,2025-09-02
9ed45b53,14391,46,2025-09-24
ff34a752,86254,624,2025-09-13
9f172a31,99274,232,2025-09-14
d3d87b75,67160,133,2025-09-02
388dd1b3,72990,36,2025-09-30
66dd7973,52955,63,2025-09-28
57121fe3,80284,79,2025-09-12
a4097ebe,11050,381,2025-09-12
ea1b090a,89315,344,2025-09-29
8b38bb84,67209,376,2025-09-04
cd882aac,22123,582,2025-09-17
218133a7,10968,52,2025-09-26
bcdd445c,89189,383,2025-09-28
341bb46e,86507,333,2025-09-30
d515ba05,62455,900,2025-09-18
34cd9d14,98336,703,2025-09-01
2f60a3ef,21464,921,2025-09-14
4ce8726e,88160,174,2025-09-24
16504cb7,21491,851,2025-09-20
8c3464b3,84454,182,2025-09-10
8a051983,97375,140,2025-09-11
544b14f8,41945,101,2025-09-03
2f1d2c0b,17111,231,2025-09-01
db910a44,27455,646,2025-09-15
d91c0e02,31403,205,2025-09-15
5d1d4f15,96243,976,2025-09-14
547edd50,41394,726,2025-09-22
2fe652c5,35076,887,2025-09-07
7767ad4a,67613,889,2025-08-31
f9f36451,67070,590,2025-09-19
832d51bb,70109,957,2025-09-01
bc71fc0b,86052,740,2025-09-29
95aff719,67936,712,2025-09-07
6a2b0362,20920,323,2025-09-10
6ea9decc,93212,887,2025-09-26
7754f6f8,39179,649,2025-09-09
fa9ca3bf,75840,48,2025-09-18
59a3e14f,44773,709,2025-09-08
09616eaf,10682,641,2025-09-28
ddc4803e,22444,842,2025-09-29
34de9115,66802,210,2025-09-17
b63919c8,56568,922,2025-09-21
3f912d8a,74000,499,2025-09-03
b730767f,92133,718,2025-09-04
828831b7,11575,298,2025-09-02
fbe6df4f,94636,91,2025-09-15
c3393a1f,21893,842,2025-09-29
ca008eff,29396,761,2025-09-19
f1379d41,63483,251,2025-09-24
c1f59fac,87583,291,2025-09-23
7d9e9d6f,15516,441,2025-09-02
faaf248b,43623,440,2025-09-13
d92ed2f8,64731,433,2025-09-22
c3f654a1,94542,907,2025-09-29
003d87ec,62475,960,2025-09-27
76974c42,55530,73,2025-09-22
0d35289e,92829,656,2025-09-08
94e63277,58981,190,2025-09-11
31f9a217,16377,280,2025-09-05
c9127fa7,28265,644,2025-09-04
b6719a4a,15237,615,2025-09-01
4a32dffe,45345,894,2025-09-28
97e14097,52631,434,2025-09-12
76185ef8,94127,235,2025-09-10
5ac1b763,96485,750,2025-09-12
ada34791,10284,663,2025-09-11
94bc6e3e,20943,193,2025-09-05
ca4b8a1f,45158,969,2025-09-09
edc82ee1,76637,178,2025-09-14
a1436e63,67110,639,2025-09-13
f6e9ee83,56275,621,2025-09-20
2d0b2555,70503,322,2025-09-16
bd7039ce,75139,722,2025-09-23
f54d73b6,66549,306,2025-09-09
f119a4e9,87131,575,2025-09-28
c9e0d50c,53315,478,2025-09-11
1f9b4633,23166,681,2025-09-06
f3d80c28,60978,902,2025-08-31
3f491f7c,72660,868,2025-09-17
f34c9967,79010,213,2025-09-29
9a5cc388,82040,655,2025-09-14
0b504aec,16495,141,2025-09-16
acaa59b5,59810,1000,2025-08-31
851b8154,68336,615,2025-09-06
c47cb571,59069,263,2025-09-04
10f4ce1b,87249,776,2025-09-29
6b239e0a,21807,280,2025-09-29
f5c92623,13100,779,2025-09-24
3d2bfd8c,29551,553,2025-09-16
945c81e8,21305,483,2025-09-12
a6f56dc4,80446,341,2025-09-19
50d23c97,25986,438,2025-09-08
941bd008,67328,97,2025-09-19
c6c5730d,97712,45,2025-09-06
76d55d15,88680,2,2025-09-28
d0a9bc62,89476,953,2025-09-25
80d21cc1,47780,543,2025-09-05
f7b86f3f,87128,197,2025-09-28
fbb1ca8a,45350,341,2025-09-05
56566651,62315,419,2025-09-18
83dd409b,48244,915,2025-09-21
146dce86,32129,40,2025-09-06
22b18a65,45377,968,2025-09-21
627e599d,17030,631,2025-09-24
8c48a420,41841,266,2025-09-29
4d0ef290,92217,569,2025-09-10
af1af4d0,49627,952,2025-09-02
57f97d6e,51859,602,2025-09-23
9050a710,51828,855,2025-09-01
c3d0115c,99225,460,2025-09-08
ed1be89b,45575,616,2025-09-05
4c02369e,61492,581,2025-09-18
cb1f4cc9,95625,871,2025-09-07
138be3af,32782,759,2025-09-20
5a4c3b9a,49106,482,2025-09-24
b13570a6,63759,811,2025-08-31
63f65169,86629,838,2025-08-31
2977bc28,44130,10,2025-09-30
e1c0703c,94334,724,2025-09-02
5570fb18,65650,898,2025-09-16
237c5e35,73759,736,2025-09-09
bb481aa2,75866,467,2025-09-10
871cd2f0,34345,857,2025-09-29
bfbef8b2,38111,306,2025-09-05
475c276a,18630,240,2025-09-15
7c3f852e,65669,290,2025-09-29
9621f6ac,70697,609,2025-09-14
48e80d7c,75647,697,2025-09-15
8c5affd2,62912,581,2025-09-10
a77d9701,37681,681,2025-09-13
19e9cd8c,26410,560,2025-09-22
4cc24cc6,88889,314,2025-09-03
953e4de8,14329,162,2025-09-24
34f716ea,17663,683,2025-09-23
598fcad6,24941,56,2025-09-27
ca8aeba1,62446,303,2025-09-12
73741ab0,93204,577,2025-09-20
194b921d,64816,30,2025-09-27
127ce8e0,29769,820,2025-09-04
8d123c3c,85739,70,2025-09-27
644cfece,45168,852,2025-09-26
cff914d9,82538,759,2025-09-11
d2888801,35200,792,2025-09-22
2a4cc96f,74927,594,2025-09-11
76252abc,48503,360,2025-09-04
a2f45153,99826,895,2025-08-31
9bbdca78,12403,391,2025-09-01
3853e140,12324,131,2025-09-29
6c6115c6,24400,872,2025-09-02
b5c80e37,26044,955,2025-09-29
c8be0772,23840,628,2025-09-08
30687082,50416,591,2025-09-11
f0432a29,71885,154,2025-09-03
f5699d63,71095,669,2025-09-05
cd7e0d39,89872,289,2025-09-26
c669a38a,73342,586,2025-09-22
ce9f9a68,10095,464,2025-09-09
a2b3736e,82911,226,2025-09-22
3a45d5a7,14337,17,2025-09-04
ff636a7e,38081,962,2025-09-22
6c610fb6,67838,120,2025-09-12
63aabc33,81807,725,2025-09-29
8458df1d,46564,215,2025-09-29
57fd81af,51189,221,2025-09-17
55299f8b,22732,826,2025-09-21
cb88bcec,86753,55,2025-09-05
72aeaae3,97849,793,2025-09-02
3f3bf3a2,27423,493,2025-09-15
e715d67b,59337,249,2025-09-23
d20e4ae1,83509,610,2025-09-05
cac82b3d,45431,612,2025-08-31
49783c41,86340,921,2025-09-02
f9c1ff26,33056,398,2025-09-08
8191a864,35911,975,2025-09-17
5e6f25e4,98121,848,2025-09-02
0e9ae4b6,44722,749,2025-09-26
67f3efe9,41699,368,2025-09-05
bf5c73bc,45922,452,2025-09-25
598b1b10,87175,487,2025-09-20
7b026001,39440,234,2025-09-06
b9a0faa4,67661,591,2025-09-20
81a1aacb,33680,373,2025-09-05
a2157c3f,48691,736,2025-09-18
cc54afbc,35125,628,2025-09-09
6e9a2a4f,30076,226,2025-09-29
4009b55e,99397,816,2025-09-01
71475e59,72517,32,2025-09-19
54f11a71,93027,988,2025-09-12
5a864a51,98276,202,2025-09-06
cebe2d1b,19348,65,2025-09-24
f7ebbac5,77757,393,2025-09-22
ca9dddda,71871,703,2025-09-10
1eecc403,40384,934,2025-09-16
6baa502e,75103,461,2025-09-01
3ee3514a,48209,747,2025-09-01
b8ad351f,95925,817,2025-09-06
f2ab2c24,50209,801,2025-09-11
4364f64a,50235,776,2025-09-29
d37a6150,89330,706,2025-09-08
686ae6ca,33116,477,2025-09-10
442340f8,84871,501,2025-09-06
58f323ff,36217,794,2025-08-31
4039c355,61502,419,2025-09-13
25c6da46,78910,555,2025-09-06
8082646d,95147,52,2025-09-07
234a78a9,26926,214,2025-09-08
f2914317,91463,695,2025-09-23
2103d9e5,80055,299,2025-09-09
efb47f6b,58414,215,2025-09-17
b82cb01b,39564,977,2025-09-01
6b13badd,20403,599,2025-08-31
dfde70eb,51726,625,2025-09-10
10cde20e,39649,942,2025-09-19
9763315e,69840,206,2025-09-24
6ca4c1cd,43933,304,2025-09-14
e1d21481,48805,873,2025-09-07
eeab7635,24087,263,2025-09-19
501bc0f9,43304,637,2025-09-13
92ea8dab,16184,574,2025-09-26
ebe276ef,86681,132,2025-09-08
90369289,46937,360,2025-09-29
4f4cb524,79875,45,2025-09-06
636ce10b,94463,953,2025-09-30
5a621f12,62085,38,2025-09-15
0b3242fa,21377,763,2025-09-12
b1b6a5b4,48757,505,2025-09-28
238e86fa,58205,904,2025-09-02
4afa9f3f,93097,851,2025-09-05
412e1391,57079,207,2025-09-12
bb32c336,38341,30,2025-09-05
8ba3940c,27304,27,2025-09-21
d1f1c351,49932,669,2025-09-11
10a80b9e,22047,652,2025-09-26
c1fc5f60,75841,559,2025-09-28
42b7ef5c,61746,504,2025-09-05
6d635647,54638,779,2025-09-26
d1898346,77357,83,2025-09-09
d8a37d0d,38302,333,2025-09-23
fd148775,21428,125,2025-09-20
230f326e,70949,252,2025-09-13
7323a21b,74902,12,2025-09-07
9ac77dac,87542,668,2025-09-27
9ad0a77c,18029,261,2025-09-29
75429ccc,17182,204,2025-09-17
042b1147,40236,312,2025-09-26
bb4bc8f6,35646,426,2025-09-06
885e2e5b,91866,79,2025-09-02
b30a041e,10109,404,2025-09-03
16fb54a6,15155,521,2025-09-17
f6313835,65441,115,2025-09-01
2388fe06,87011,545,2025-09-22
59b18d5b,36459,826,2025-09-18
7dcea892,98133,724,2025-09-29
f6dbbb0b,17186,341,2025-09-26
ebf987d2,96472,437,2025-09-10
7d8ee05d,61938,868,2025-09-18
61d7d062,80497,104,2025-09-29
b4364fe5,17420,565,2025-09-06
397366f2,51266,118,2025-09-11
83b3841f,88037,77,2025-09-25
1c52a5a7,41632,263,2025-09-09
2d267cbf,21796,616,2025-09-01
c5f4633b,72159,482,2025-09-06
5f578cf7,93573,84,2025-09-12
2ca2fea5,74789,197,2025-09-04
a0c12798,38163,519,2025-09-20
7ca852e2,29823,642,2025-09-02
ef84ed97,87106,63,2025-09-23
35aa6b1f,72615,132,2025-09-27
2ec60c44,15950,899,2025-09-16
f47283db,54274,631,2025-09-18
42255804,57558,11,2025-09-15
c5355563,17867,862,2025-09-27
7fb741df,22485,300,2025-09-28
83fbb3e2,65751,290,2025-09-26
b97f43a4,40952,638,2025-09-12
9de47352,10979,71,2025-09-27
e52ba9f1,61793,988,2025-09-08
8a9f4f52,19718,617,2025-09-17
659872bd,83432,515,2025-09-22
ac86965a,24820,195,2025-09-21
94866c63,53021,812,2025-09-06
6d8f5edb,82952,141,2025-09-29
2f02b323,96686,811,2025-09-21
e5b07486,36566,747,2025-09-29
38e346d0,16484,965,2025-09-23
09eaf4c5,54100,479,2025-09-21
7de49f18,29900,911,2025-09-17
104f20e0,51550,522,2025-09-22
e086067d,96821,293,2025-09-07
79d63cf6,23018,932,2025-09-11
3088992b,87130,485,2025-09-09
f4ccdfb1,43530,241,2025-09-08
573b59ee,45912,545,2025-09-03
a3271531,67295,570,2025-09-17
c482faf8,94300,495,2025-09-20
c0101954,44075,290,2025-09-24
a86d3071,92009,468,2025-09-19
3ed8bede,61668,527,2025-09-24
fc2a5ff7,87604,353,2025-09-06
f2360d76,35866,362,2025-09-10
bde34768,59123,995,2025-08-31
efbb3d3d,20191,906,2025-09-05
0449b8d7,65268,798,2025-09-19
6ad4b039,22699,705,2025-09-18
3d01f360,42024,762,2025-09-13
5a8591a8,54975,890,2025-09-17
85d5d72f,31298,761,2025-09-02
72a60ebd,72797,618,2025-09-26
e3cfc78d,98775,437,2025-09-19
1654d6e6,69211,40,2025-09-30
e1436174,36722,759,2025-09-06
489466e8,92031,931,2025-09-12
b0b4e1cb,32906,276,2025-08-31
f9e72dfa,79707,476,2025-09-14
d8b2a5c1,57175,866,2025-09-17
4d9ca4d2,83666,532,2025-09-21
e97d83f3,79618,121,2025-09-25
82f740d9,21396,893,2025-09-15
a4ffd5b4,18741,384,2025-09-16
4e475869,64813,331,2025-09-21
614219a3,27102,858,2025-09-23
fc145815,77087,193,2025-09-22
2172842f,19313,928,2025-09-18
7795b24a,37959,626,2025-09-08
e0724e63,95767,20,2025-09-30
5c37a127,92925,582,2025-09-14
d6f905b2,68141,283,2025-09-05
5841837d,25143,658,2025-09-25
986189bd,92714,696,2025-09-17
533bec38,28542,731,2025-09-18
ec0be3d6,40418,315,2025-09-13
64d7a0f5,96077,977,2025-09-12
948803c5,34726,500,2025-09-01
90f15b9e,80782,471,2025-09-22
e9d4f594,43044,654,2025-09-22
aec97bb7,89793,308,2025-09-03
70e1a229,17268,985,2025-09-10
9386e2a1,64544,976,2025-09-02
81fcb83f,77829,53,2025-09-15
eeb9f2c1,22932,822,2025-09-12
3bbf919f,88383,573,2025-09-20
10099c92,78292,349,2025-09-01
05fe71f3,67764,394,2025-09-09
23778583,88622,986,2025-09-25
cecb718e,89270,450,2025-09-01
b5c4dfcb,70833,125,2025-09-10
438055e4,30529,307,2025-09-27
34d42746,30453,493,2025-09-05
f54e151e,39783,85,2025-09-14
e70c4e82,55192,501,2025-09-17
4b42fcf8,43268,404,2025-09-03
26dbffcb,26544,767,2025-09-27
41b46be2,93117,629,2025-09-13
14ba9fda,65253,630,2025-09-15
a61e6f0a,15886,703,2025-09-17
6fda19a4,14749,744,2025-09-11
e4d2b86b,50236,409,2025-09-21
650129a3,13125,79,2025-09-08
d09d5755,77331,427,2025-09-11
66333e43,49209,411,2025-09-09
e2bb4bba,29455,127,2025-09-23
4891eee9,49383,535,2025-09-30
5a1503c3,55402,170,2025-09-18
67e9b866,24977,20,2025-09-01
ecad0f67,62130,370,2025-09-13
050804c2,63571,594,2025-09-18
6d9af8e1,68722,681,2025-09-18
9ae02038,35803,767,2025-09-16
b6069b66,24825,613,2025-09-05
bf07d4d0,60234,549,2025-09-25
967a7757,71962,855,2025-09-12
c6cfd25f,47681,684,2025-09-09
4a666e43,63480,77,2025-09-10
8b770a48,23236,672,2025-09-11
c8175d0e,96591,796,2025-09-08
70d06e5d,35135,202,2025-09-15
6e6ce280,69740,737,2025-09-04
fcea378a,54320,696,2025-09-06
780fc3f0,86593,630,2025-09-24
936ff8eb,83598,432,2025-09-01
e89b3b50,98883,295,2025-09-19
eb31344f,86489,249,2025-09-15
abdae52f,15869,776,2025-09-16
364ab9bf,76513,750,2025-09-18
b8ed69f7,36126,233,2025-09-17
0764a0b0,55283,151,2025-09-05
da8a7ef2,15337,191,2025-09-16
ca236e1e,79000,71,2025-09-30
eff352a6,38282,639,2025-09-05
e98ea7c5,91619,661,2025-09-05
06e3ddbd,28606,848,2025-09-27
1e87edcb,68743,756,2025-09-08
d05562fe,75119,997,2025-09-01
295b5e54,42509,718,2025-09-07
2c62ea31,18014,189,2025-09-13
4c45110d,10762,677,2025-09-23
bd3510e8,61202,354,2025-09-19
15ccbf4d,72162,366,2025-08-31
a5b8c210,53754,432,2025-09-18
56e729a2,67389,439,2025-09-08
3bb3e77d,82752,542,2025-09-16
b8f83b18,21227,157,2025-09-09
fc84e623,39980,820,2025-09-11
c194f406,42638,61,2025-09-05
a2daef2a,58769,686,2025-09-23
95f80825,94537,719,2025-09-20
283bc487,49117,999,2025-09-20
8a7b81c2,57571,996,2025-09-05
ed46989a,34092,307,2025-09-08
9c289c3d,76275,129,2025-08-31
19473198,61374,547,2025-09-14
13055e13,97962,196,2025-09-05
1f017a16,71628,483,2025-09-07
7fd8ea5b,24584,533,2025-09-11
4e0acfe7,31690,733,2025-09-18
625fd56d,73141,98,2025-09-03
73764adb,92853,150,2025-09-02
926a135f,48377,653,2025-09-12
745c9376,68292,888,2025-09-06
53d8cf68,30889,303,2025-09-01
edfb628e,30740,204,2025-09-16
61c3d627,84903,159,2025-09-24
b55050f7,70516,289,2025-09-03
7a07b48a,68509,762,2025-09-14
3b4a008e,12173,346,2025-08-31
48160a04,11743,798,2025-09-04
f8199202,19316,934,2025-09-05
77f7e8b0,79217,312,2025-09-10
383aa68f,64163,742,2025-09-27
36835edd,87045,662,2025-09-14
7a21d272,52450,937,2025-09-18
d461aa6b,17424,536,2025-09-26
11c043c3,24833,220,2025-09-01
0005c8b3,28815,622,2025-09-09
e706556e,58057,173,2025-09-06
de0eb58b,89850,546,2025-08-31
d5fdb5c6,94375,142,2025-09-18
a0f65c02,66719,890,2025-09-02
51c3cf03,17670,771,2025-09-20
a63aa16d,20310,694,2025-09-07
d453bfd3,64310,574,2025-09-20
bd5ec164,78245,784,2025-09-29
575dd0a9,84187,896,2025-09-19
ed8ef8c9,62595,911,2025-09-02
6eb2d5b0,36736,288,2025-09-12
15bb92a4,49052,806,2025-09-02
2c97c66a,59072,995,2025-09-06
d26c7fd8,45221,184,2025-08-31
abca5f1c,67143,839,2025-09-24
b3bb0dfb,71807,686,2025-09-21
152f983a,19086,996,2025-09-29
0b0ff1e0,84787,69,2025-09-01
45c36b4c,55269,586,2025-09-23
0b6b46f6,97432,549,2025-09-19
e07af58b,10484,356,2025-09-12
f85250a1,18798,52,2025-09-29
82751135,28150,613,2025-09-17
afd21a1e,50283,117,2025-09-03
09c28702,92251,536,2025-09-10
df1ac039,88310,719,2025-09-12
c06f237b,12123,891,2025-09-09
b607af3d,89673,973,2025-09-29
2d98baca,39111,729,2025-09-01
7783cf2c,92222,951,2025-09-05
d79b9758,16570,69,2025-09-25
9e384243,49023,83,2025-09-24
9d22521b,81403,953,2025-09-30
a17a8161,24099,5,2025-09-01
de65768e,68955,108,2025-09-16
81e30cb0,84187,997,2025-09-01
a1c3ae16,30141,520,2025-09-13
7149579a,32243,425,2025-09-26
18810850,73197,645,2025-09-21
ce98ae7a,75602,553,2025-09-02
b52ddb22,93861,698,2025-09-06
8b8a0a9d,55511,761,2025-09-23
1975f0ba,94027,811,2025-09-15
58dd9000,40746,339,2025-09-13
af0feb41,35193,493,2025-09-03
665afb2b,61438,616,2025-09-17
ea40c96f,28226,116,2025-09-26
b12215f5,42630,926,2025-09-22
848ce6ae,34400,407,2025-09-29
a5a681fd,77139,811,2025-09-28
f2105ba0,12391,320,2025-09-11
e35c8d0c,23895,203,2025-09-13
c06646c3,38233,721,2025-09-25
fa50524b,84757,790,2025-09-22
80927c4b,90595,330,2025-09-04
71b0f495,12126,511,2025-09-09
010bbcbd,41749,314,2025-09-04
bce73caa,16519,137,2025-09-16
5cf0540e,95727,411,2025-09-08
4559e4ad,28455,878,2025-09-20
4f563345,27849,792,2025-09-25
b73fd9f3,56154,645,2025-09-15
7652b0e9,25865,802,2025-09-06
8016c6e8,20167,61,2025-09-16
ad2ba10f,53189,211,2025-09-13
d0358a94,49553,700,2025-09-17
b4fd8e5f,14771,230,2025-09-15
14483db5,18048,682,2025-09-12
900ccaed,35431,504,2025-09-07
7e65a762,45425,26,2025-09-24
92176705,46928,594,2025-09-27
8d7bcf8c,37572,290,2025-09-11
40584bcc,17951,278,2025-09-17
172ef6cd,58473,837,2025-09-26
cc8be666,96519,378,2025-09-08
5be45dc4,98402,79,2025-09-25
28286192,21957,616,2025-09-05
6c12d249,70968,202,2025-09-27
d40d9583,67897,945,2025-09-05
23e921f4,85702,159,2025-09-06
d24ca5d5,70381,229,2025-09-19
f427af0b,72523,628,2025-09-21
44f18d45,30496,848,2025-09-12
057554af,55340,435,2025-09-23
57c1f39f,56702,314,2025-09-27
2084fae4,76970,209,2025-09-18
a9984a5b,39094,42,2025-09-30
bf25943c,48778,704,2025-09-01
5e482278,65746,274,2025-09-21
c9eecfe1,21002,313,2025-09-17
c1c0c074,10953,479,2025-09-17
18b3e424,83553,973,2025-09-17
9bd79078,77229,349,2025-09-08
709fe3bf,54126,791,2025-09-30
0cf0098e,54999,766,2025-09-24
1f006429,92351,731,2025-09-27
23a1dbca,99901,537,2025-09-26
3f5e1b5d,22574,913,2025-09-01
e9d51515,50080,524,2025-09-14
8b95cfb5,38140,750,2025-09-06
9194ed57,46273,462,2025-09-05
04e90ae5,98954,232,2025-09-23
e23886f3,89961,379,2025-09-26
0c49f62e,45357,23,2025-09-24
fd02e129,57681,249,2025-09-05
1c66800f,28276,648,2025-08-31
56a404bc,88716,525,2025-09-20
493389c3,49264,444,2025-09-17
076d3b6a,58015,94,2025-09-08
420d41fa,61975,764,2025-09-29
a0ffb1d2,17259,182,2025-09-02
5a36246d,23444,69,2025-09-14
d65e6a25,18992,192,2025-08-31
75bd6816,83768,428,2025-09-29
42bd30b3,97054,957,2025-09-26
747b8b69,75373,266,2025-08-31
6ca32a86,96740,802,2025-09-06
db62bafd,41697,188,2025-09-26
79df4b68,74871,391,2025-09-03
03b222e3,78234,186,2025-09-03
e87c4d64,64398,134,2025-09-27
e254682f,85219,277,2025-09-23
f2611089,13410,31,2025-09-13
b1caa51f,75900,925,2025-09-04
f421c89d,90986,70,2025-09-17
806fdf32,15929,609,2025-09-21
473c6fac,19993,64,2025-09-11
b6ee1b93,47997,557,2025-09-28
9a57dd51,78796,985,2025-09-13
b38c94db,47275,290,2025-09-15
db9e98be,24525,927,2025-09-04
3af06220,96301,250,2025-09-29
c64b7b4d,66107,99,2025-09-18
a8646d5e,10064,140,2025-09-04
9ff17ccb,68329,999,2025-09-02
8466e824,90179,951,2025-09-13
96494811,94457,311,2025-09-06
e0c93d06,53181,230,2025-09-02
22d1ebb2,61594,769,2025-09-12
c48a50d5,93766,138,2025-09-02
1759b9fb,97132,94,2025-09-01
648a576c,77870,186,2025-09-25
0d6998c4,70223,585,2025-09-20
11d99bac,82238,401,2025-09-04
b411d637,87718,558,2025-09-08
3761b880,92094,5,2025-09-06
5f817ea2,55712,516,2025-09-19
882b370c,87790,529,2025-09-13
f7f36202,69676,165,2025-09-27
c9542885,30031,854,2025-09-25
5442704b,74332,622,2025-09-17
27a9d507,73545,898,2025-09-26
bc06d842,99812,223,2025-09-18
2d2cc358,84216,106,2025-09-25
73cc1d88,43399,141,2025-09-16
3d1876ad,79033,375,2025-09-25
a59da96e,80689,709,2025-09-29
3f11a1bb,42584,231,2025-09-25
9ef99b95,19248,701,2025-09-15
f4e5d86c,33158,372,2025-09-08
922f78a7,93941,890,2025-09-02
ea240d54,47560,529,2025-09-24
fd3e3511,79306,53,2025-09-23
8c6893f1,51357,251,2025-09-08
a2725ef3,48204,660,2025-09-10
ee39b29c,19656,920,2025-09-22
51af8f0e,39601,704,2025-08-31
d043ef19,36826,885,2025-09-13
f004737b,44573,481,2025-09-11
5075a501,32749,742,2025-09-29
5253b705,55552,713,2025-09-17
ac785dcd,58228,37,2025-09-12
a957f393,68009,397,2025-09-03
728398d5,68356,676,2025-09-23
cd351f47,46620,23,2025-09-20
bdebbd15,58154,744,2025-09-01
0e4efd8a,21092,536,2025-09-15
bf8fb30b,78488,458,2025-09-22
6d97dc12,75027,182,2025-09-16
02f00143,76670,272,2025-09-18
6c955b87,62460,699,2025-09-02
7be98ac6,67566,243,2025-09-27
822d7f68,77411,66,2025-09-15
c3e8d2dd,19664,819,2025-09-08
3669f716,59909,992,2025-09-23
d5660119,50048,522,2025-09-11
aa059aff,94542,98,2025-09-14
c53717dd,97403,171,2025-09-07
4a1be833,43407,851,2025-09-15
1b53e64c,55429,167,2025-09-16
fc3b5d6d,23383,450,2025-09-21
2496fcba,31147,234,2025-09-05
7a193a17,97019,902,2025-09-19
ac9370ad,14549,759,2025-09-27
ee01e115,29050,617,2025-09-14
dede4c5f,74049,745,2025-09-11
dbb03d92,10223,868,2025-08-31
a64a994f,62351,150,2025-09-11
80f9728e,41828,82,2025-09-17
9e1fe600,20451,343,2025-09-18
ddc392a6,88664,568,2025-09-16
a4071f6f,11434,189,2025-09-02
bc01ef70,57641,76,2025-09-16
76011e2e,74148,355,2025-08-31
6fe0da28,35102,773,2025-09-02
46f1dca5,59232,579,2025-09-28
f30c077b,50931,644,2025-09-17
210bdd5b,46864,155,2025-09-23
9cc0fd6a,61056,191,2025-09-08
722a09fa,42783,92,2025-09-17
372683a4,97669,408,2025-08-31
1ca400e7,13412,593,2025-08-31
ea522df7,85865,22,2025-09-03
9594a833,85756,547,2025-09-25
ed8a2dba,92037,667,2025-09-25
4f30cbef,77541,416,2025-09-24
ed5ccd07,94464,11,2025-09-10
98243d6e,12563,99,2025-09-28
68ce3687,39139,991,2025-08-31
96157b95,25075,150,2025-09-24
8e982151,57494,797,2025-09-19
2612b892,65344,195,2025-09-18
f56237d0,47794,375,2025-09-03
49f385f0,74946,674,2025-09-27
f5b00962,39400,128,2025-09-02
90a0e915,20871,539,2025-09-25
fcb19be3,13384,958,2025-09-23
e3b83214,45793,761,2025-09-12
07fabb73,25442,559,2025-09-16
221979d7,33602,471,2025-09-20
1be575bf,15439,697,2025-08-31
697bda3b,78622,146,2025-09-17
165cf830,55472,435,2025-09-28
826fa583,20888,763,2025-09-01
01bee5d5,12322,743,2025-09-26
b5125e3c,52452,128,2025-09-30
b53a37db,69718,501,2025-09-21
ba44e9e1,74696,371,2025-09-28
14767f3c,69419,588,2025-09-05
00f81e7d,15811,306,2025-09-30
5a29c40a,54429,108,2025-09-18
0ff8ac0e,90925,736,2025-09-15
138a2490,19887,655,2025-09-16
5d1ee540,86880,818,2025-09-17
880b6e54,10616,536,2025-09-13
00374fad,88245,310,2025-09-17
fa30329f,99715,783,2025-09-04
d58e24c9,38299,768,2025-08-31
1604bfa7,81357,837,2025-09-10
2646a7d0,94520,630,2025-09-15
5932a243,10966,164,2025-09-29
0a50975a,28877,54,2025-09-21
522780ee,74827,907,2025-09-24
203ba30b,97922,985,2025-09-03
016953d5,34043,407,2025-09-01
abd080d0,54995,676,2025-09-06
01841b51,27761,846,2025-09-05
cc391437,75729,267,2025-08-31
7d8fd6b8,18851,528,2025-09-30
21f79c7f,90977,6,2025-09-28
63695806,47384,460,2025-09-16
c5b7dd51,72319,553,2025-09-30
b6286c6f,48616,378,2025-09-30
6d3d1958,78850,457,2025-09-09
f133dae9,99995,55,2025-09-20
cb647a51,58442,714,2025-09-17
ed5ae559,21162,134,2025-09-04
ad6b691d,19225,524,2025-09-30
7224f44d,25561,851,2025-09-18
4e71bd79,17485,881,2025-09-02
8d2f1716,60536,718,2025-08-31
44f3b6e8,11615,557,2025-09-24
74d5b2f6,93567,958,2025-09-17
c6443555,57940,423,2025-09-03
7669b439,84508,214,2025-09-21
ead31dca,74405,260,2025-09-22
af178afb,24642,471,2025-09-29
f2819226,81066,132,2025-09-15
d371aade,13109,308,2025-09-19
9a510c95,64165,386,2025-09-30
1476bfb3,27419,332,2025-09-21
9bbcf28c,90115,881,2025-09-12
9d21b24e,94734,29,2025-09-11
a90385b2,29459,524,2025-09-27
3bc2bca0,26103,320,2025-09-30
5aed143d,26565,308,2025-09-26
60891ae8,54231,48,2025-09-19
7f0fe6a9,96825,995,2025-09-16
ccf4f13a,23396,670,2025-09-11
e0529e04,12606,483,2025-09-15
9aed474f,75039,396,2025-09-22
4f7b87c2,71539,748,2025-09-27
f0aee8ce,25278,807,2025-09-02
ee2a15ea,28656,944,2025-09-25
80a4f8a4,42439,301,2025-09-17
5c683abd,60165,303,2025-09-17
606ecd84,96282,705,2025-09-08
2809ddc1,16905,993,2025-08-31
bdfcac05,73417,806,2025-09-17
e3eb6ef8,66272,545,2025-09-13
9d9bdf7a,78182,817,2025-09-12
c9346528,76811,506,2025-09-21
82962d5c,90709,565,2025-08-31
0eef181e,14235,731,2025-09-09
59f531e1,30905,726,2025-09-25
4e598382,12994,116,2025-09-18
8c265e8e,56912,467,2025-09-19
fc40d059,21224,57,2025-09-17
8b52acef,92542,639,2025-09-07
2856c9dc,31331,253,2025-09-26
71eec0c9,12526,128,2025-09-24
37aa0868,97311,60,2025-09-19
70990be3,75302,45,2025-09-11
9ad0ee08,95999,56,2025-09-26
7d72c884,87293,618,2025-09-28
cc588620,52859,699,2025-09-15
24a9d1aa,43181,583,2025-08-31
078a1d3f,13652,272,2025-09-01
223aa7d5,49025,923,2025-09-09
10902567,74042,797,2025-09-27
12305df9,32593,761,2025-09-08
9a4d19b3,86574,374,2025-09-18
e6a73d64,24386,61,2025-09-01
ce993e48,84680,244,2025-08-31
9bcbe3fb,61866,752,2025-09-17
b3321fab,29735,651,2025-09-10
fc36efef,10163,279,2025-09-11
4864f922,14879,38,2025-08-31
31cb24f4,19029,518,2025-09-19
65feb1ea,11243,775,2025-09-17
df874b57,47269,796,2025-09-11
4e23edff,51596,951,2025-09-09
3d6e3c8e,45549,816,2025-09-10
264c0151,41315,853,2025-09-22
e1cc4324,28810,648,2025-09-22
36cd98e1,92075,194,2025-09-12
fbad8ee6,50755,256,2025-09-10
0f69c38b,68437,633,2025-09-06
e4d69629,92554,838,2025-09-10
aaf3e5d1,70903,299,2025-09-27
af428637,87685,950,2025-09-12
d73e038b,33704,603,2025-09-28
76fd3d9c,30526,760,2025-09-17
113df6af,42808,19,2025-09-07
94a32bb7,21703,571,2025-09-06
6782ec31,38682,493,2025-09-08
c178442a,90807,297,2025-09-26
4950f275,47270,928,2025-09-06
245bfd38,54629,841,2025-09-05
d4cc4f87,98811,852,2025-09-14
dc78f832,93296,794,2025-09-30
29996e4c,22549,487,2025-09-15
37edd528,25898,240,2025-09-08
7edece78,57305,156,2025-09-18
562a9610,84256,81,2025-09-09
8eb27ca3,40507,874,2025-09-02
e012b28a,35336,873,2025-09-20
3ed1cfad,78114,951,2025-09-21
28cc102c,62777,593,2025-09-02
d0782da8,90711,451,2025-09-18
1a9bc668,14369,681,2025-09-28
081ec486,78060,711,2025-09-23
5cbd0ad7,16007,380,2025-09-07
2e6790fd,38715,692,2025-09-21
eb27b161,44428,714,2025-09-23
4c3dbd98,71180,848,2025-09-18
abed1dd7,28208,523,2025-09-21
81d9e90d,29658,36,2025-09-14
1ecb2ad4,81533,78,2025-09-21
dd8209e1,80565,804,2025-09-13
3ccf26f5,65126,256,2025-09-27
e8e41d52,17904,725,2025-09-01
ea2583b1,55605,630,2025-09-01
cb322045,87793,268,2025-09-16
c0274022,88607,79,2025-09-28
56a08d01,75610,142,2025-09-28
7f8d23db,88799,258,2025-09-10
091b4bf5,21037,371,2025-09-28
9f37311e,17894,139,2025-09-04
0f7818aa,96906,74,2025-09-02
bba6fdf8,70419,119,2025-09-17
c262f69b,49125,671,2025-09-04
340f035a,13171,316,2025-09-22
f205ef4b,26907,919,2025-08-31
0455b0f3,81709,34,2025-09-25
1d4f0348,72775,692,2025-09-01
edbfafcc,71010,818,2025-09-21
f165b447,33484,275,2025-09-14
55d36411,50113,452,2025-09-13
8219b95f,18270,236,2025-09-01
524ab50c,82556,938,2025-08-31
8338177f,93630,668,2025-09-27
cfb05fb6,61908,96,2025-09-26
8dc6bfa6,20029,687,2025-09-16
dbc66cad,76318,162,2025-09-05
f17161ee,87303,652,2025-09-02
30904def,25757,215,2025-09-05
2c9be0d1,83723,481,2025-09-07
d2660985,27552,170,2025-09-22
f0e335cf,85010,322,2025-09-06
37317ab3,32161,62,2025-09-17
47a9c240,48609,721,2025-09-19
c8872868,16035,875,2025-09-25
ace13b1b,47255,595,2025-09-14
b7c902c7,34015,31,2025-09-02
72d1d749,15763,359,2025-09-20
8b267678,60968,514,2025-09-13
614224ad,65698,612,2025-09-02
ea8b7a0d,95699,763,2025-09-26
254a5162,59626,779,2025-08-31
fe822f29,64120,888,2025-09-14
29999031,93177,626,2025-09-06
12f4f293,52551,829,2025-09-03
cec9a1e5,53800,890,2025-09-28
11ca0af9,80846,153,2025-09-16
8c055fae,68041,318,2025-09-01
fb744db5,47401,113,2025-09-14
1dda3726,72526,604,2025-09-24
5bcd23b4,94102,323,2025-09-06
a34337ad,48013,465,2025-09-15
333198a0,18546,821,2025-09-19
8f2c4143,26312,515,2025-09-20
774a1a7e,46016,489,2025-09-19
922abe5c,23820,138,2025-09-05
385dad24,90769,498,2025-09-11
4a2b7572,78695,536,2025-09-10
d5e17388,33734,641,2025-09-11
deab74c7,13887,284,2025-09-05
0e45ac5f,16089,907,2025-09-24
f30866c5,71415,578,2025-09-28
5368d320,70875,386,2025-09-12
08d7da9b,21101,937,2025-09-22
c345a912,99393,580,2025-09-16
b0606a84,65229,978,2025-09-06
970f85d8,94069,657,2025-09-10
dc8914bc,37669,793,2025-09-09
5671066b,55426,885,2025-08-31
372ed56c,94847,776,2025-09-05
78e11dad,99915,392,2025-09-25
5b2b01aa,18992,25,2025-09-10
2002b9bc,19663,901,2025-09-26
7ce50aba,76696,67,2025-09-06
bae5b803,37671,767,2025-09-03
4edf580b,65891,273,2025-09-08
c8dcb273,62916,247,2025-09-22
875abad1,59659,768,2025-09-09
692dc16b,66680,143,2025-09-22
a6848a42,85783,925,2025-09-21
08b3143d,77552,512,2025-09-30
34a6793e,77014,139,2025-09-02
9466d96b,54959,601,2025-09-25
8452ff3f,29635,332,2025-09-20
a2e53c81,15775,621,2025-09-09
30de87dc,92890,307,2025-09-09
23e3cba1,76796,729,2025-09-21
fe0c9c27,83993,148,2025-09-04
23542f98,64444,169,2025-09-21
a2071fae,65091,579,2025-09-09
f814c582,53537,264,2025-09-25
884283cd,89712,381,2025-09-09
e6fd363c,73668,655,2025-09-25
1aef995a,69903,29,2025-09-24
56d71b2f,67037,15,2025-09-04
37aa3dfa,82886,946,2025-09-07
4f139055,25674,705,2025-09-23
2b1fa1e0,64331,596,2025-09-26
e42b3556,47989,62,2025-09-01
6e4b71c0,66304,867,2025-09-04
2cc98c71,87016,943,2025-09-26
dbebf14e,69154,412,2025-09-13
980916d3,25458,138,2025-09-27
d2460420,66659,346,2025-09-12
3da24948,67975,797,2025-09-23
e31164a9,19012,976,2025-09-28
996473ef,81949,55,2025-09-27
312b36ef,87484,800,2025-09-30
9c9bd258,35316,360,2025-09-28
d64fb255,96507,53,2025-09-02
752ae3f8,93103,765,2025-09-15
584fb7da,71270,316,2025-09-29
0a053bcd,84919,270,2025-09-17
c726d46c,26159,191,2025-08-31
392aae60,48210,393,2025-09-02
f693fcb7,53538,997,2025-09-09
1d261cfa,51173,688,2025-09-17
31d84000,70785,567,2025-09-28
90d81210,83998,14,2025-09-03
9478c2d6,43447,196,2025-09-25
1abfc002,48693,844,2025-09-18
028e43ba,50317,88,2025-09-02
bcab8694,21744,88,2025-09-01
e3499559,31032,483,2025-09-20
c310d17d,91790,59,2025-09-12
309df823,35475,913,2025-09-20
faf35103,68777,354,2025-09-16
1ffe5b4f,37403,596,2025-09-01
1fcc1492,23030,992,2025-09-12
1f5a6095,66635,444,2025-09-23
e0b905fc,26139,451,2025-09-04
8e1312a8,12006,639,2025-09-07
16694bdc,18960,887,2025-09-01
e668dbc2,15605,455,2025-09-06
c3fbf49c,34719,528,2025-08-31
c6daedd8,44921,497,2025-09-24
ae92de92,74044,363,2025-09-25
3e4521ac,88910,485,2025-09-28
f0c80eda,10757,325,2025-09-08
1750a220,88580,957,2025-09-28
2accab8d,84418,206,2025-09-22
efc9e7a2,28616,440,2025-09-15
048b2df0,47719,330,2025-08-31
944d66b0,63223,958,2025-09-17
393eb89e,96031,622,2025-09-21
0401b944,11581,276,2025-09-28
4db64d1b,79182,214,2025-09-13
d4ad27b4,29857,408,2025-09-12
0fea7419,55158,96,2025-09-07
d72695cd,59044,401,2025-09-25
00dbe68f,68405,858,2025-09-16
6bdcefae,89079,934,2025-09-23
3ee694f4,24568,541,2025-09-01
c4182484,62374,727,2025-09-06
3270dc1d,72174,412,2025-09-13
1d540f25,81594,333,2025-09-29
be712951,72053,991,2025-09-18
5a17e1eb,63382,94,2025-09-11
4597bc41,64431,187,2025-09-22
1d37b1a2,18347,492,2025-09-27
2eae838a,80896,33,2025-09-28
0a7343a8,18573,585,2025-09-24
92c93b6b,60377,428,2025-09-20
71741e0f,68592,379,2025-09-15
47af7b89,61836,471,2025-09-02
f628a3cd,26026,352,2025-09-21
f245f51b,70492,781,2025-09-11
a9c9aac5,97406,237,2025-09-28
2df2d4b0,30216,81,2025-09-08
fc6c8ca3,93225,167,2025-09-13
764fa80c,61494,297,2025-09-06
79e21a0a,28716,21,2025-09-05
006c67b9,73780,475,2025-09-12
04fd3ca9,53298,518,2025-09-10
fccfbf05,46412,780,2025-09-19
52380630,76078,79,2025-09-22
b22d4f71,30302,434,2025-09-13
ac6c2c5c,70212,803,2025-09-16
80b35ce6,49063,558,2025-09-09
c3d5f1fa,74557,378,2025-09-29
27da63c0,65453,900,2025-09-13
19f68be0,48751,798,2025-09-04
583195fb,10410,225,2025-09-20
1bf54a8a,98341,152,2025-09-30
bda93265,27066,80,2025-09-09
b65eb3fe,51696,309,2025-09-09
ac3e479e,91759,847,2025-09-11
e323c876,88917,201,2025-09-21
65590af8,77930,55,2025-09-30
5216748d,22485,106,2025-09-21
02392694,15141,799,2025-08-31
146ef43e,79165,206,2025-09-17
afb3eb33,28025,262,2025-09-21
9b43b61a,72973,523,2025-09-22
37f8f0b8,15898,365,2025-09-16
b32b6b4b,14226,912,2025-09-10
447e14aa,80223,430,2025-09-26
d191d882,27576,326,2025-09-27
5f2903e3,87909,489,2025-09-28
cf8293e7,39903,42,2025-09-18
85d9db9a,34500,156,2025-09-22
5587add7,11456,471,2025-09-21
709a7c80,39544,392,2025-09-20
4d124918,40424,772,2025-09-25
3acff8dc,59797,597,2025-09-04
f91ad129,90324,292,2025-09-10
9477d38d,40092,179,2025-09-08
ea83e296,79587,990,2025-09-01
c673a1de,92790,968,2025-09-30
9e28757b,58664,533,2025-09-18
38ba89c7,30561,403,2025-09-08
db513b17,14437,553,2025-09-05
ee765420,62510,914,2025-09-07
5580f189,13414,798,2025-09-13
12053e1c,73602,132,2025-09-19
daff62e4,39884,325,2025-09-13
a1df13eb,67046,354,2025-09-17
14d37bc4,61858,632,2025-09-06
06917a16,12802,374,2025-09-10
8d3c2343,81123,440,2025-09-11
afd40c27,34730,924,2025-09-27
321e8b4c,64722,939,2025-09-03
94a9c93f,67454,829,2025-09-01
9d86a76b,55243,907,2025-09-07
e8792ef4,66330,725,2025-09-11
d7638d60,72947,545,2025-09-02
0df80777,90322,971,2025-09-11
216f2620,36631,422,2025-09-15
2a6a48ee,97950,343,2025-09-06
e5177262,60936,813,2025-09-27
bd0a9979,57013,920,2025-09-10
c4a81952,43926,18,2025-09-08
45d64cc6,38105,591,2025-09-29
669a1b60,83615,79,2025-09-12
324149c9,81040,251,2025-09-27
d87bc1ac,50194,175,2025-09-28
8d302419,47617,64,2025-09-05
757299eb,31709,830,2025-09-09
d0369bbf,60338,555,2025-09-29
66721996,71090,152,2025-09-26
21979ae6,16862,540,2025-09-02
e823f337,29039,728,2025-09-19
4ebc2071,61024,517,2025-09-29
ad45ed9e,97290,844,2025-09-11
a733802b,21489,208,2025-09-28
ad23549e,36632,137,2025-09-14
f03a15d3,59745,82,2025-09-12
31a1be4f,77257,479,2025-09-15
a2e5f469,59067,473,2025-09-22
35ee098e,91384,65,2025-09-29
5d56ab9e,36117,791,2025-09-30
bcc5e36e,39356,672,2025-09-25
8bf65427,46422,737,2025-09-01
c5262d3c,35307,790,2025-09-29
399d210f,97198,610,2025-09-28
35582b07,63670,526,2025-09-13
e3ce4961,16096,104,2025-09-05
7cee0184,31992,667,2025-09-26
5901ee11,18484,703,2025-09-25
74129ac8,87303,78,2025-09-22
00b82e08,40757,390,2025-09-24
99387019,54575,654,2025-09-03
cdba263d,61338,989,2025-09-30
4e6e9d4d,93282,976,2025-09-24
19b8dbc7,11829,277,2025-09-04
378a7b56,99050,493,2025-09-16
f475df77,80937,900,2025-09-24
38c4489b,32673,42,2025-09-16
237b4bb8,60266,294,2025-09-04
2b20c4c1,33450,792,2025-09-12
7bad07bb,61211,456,2025-09-07
915ace6a,23509,895,2025-09-11
ffc0719d,99387,657,2025-09-29
e15823e0,81652,251,2025-09-06
9d0194de,99098,199,2025-09-28
d137c243,10308,420,2025-09-09
4db948cc,46171,497,2025-09-24
42cc2718,15055,35,2025-09-27
2ed7e9bd,55964,91,2025-09-26
54b166bb,86206,554,2025-09-03
550a8237,89577,247,2025-09-17
0e0ce8cd,21795,29,2025-09-16
4ec0ecb3,78761,927,2025-09-18
bc5a462d,42201,839,2025-09-09
6b08bada,75274,134,2025-09-21
7897d867,80356,699,2025-09-21
d94fd7e7,96277,572,2025-09-02
46cdff55,97894,137,2025-09-20
251b5c70,60501,414,2025-09-15
51c92f01,17509,443,2025-09-22
a79c07c1,48017,853,2025-09-15
32767259,46013,67,2025-09-12
3ac52fef,19684,220,2025-09-14
c2bbfc95,57812,150,2025-09-24
191cdf85,63781,685,2025-09-20
60cf34e4,51019,342,2025-09-09
fb555365,54285,355,2025-09-27
2e595fd3,49260,666,2025-09-28
57cb9a4f,68208,476,2025-09-06
638e8a66,75271,165,2025-09-18
a21d1060,94939,410,2025-09-24
751213a5,62063,594,2025-09-23
747d4710,43706,271,2025-09-30
1142c2ed,17685,445,2025-09-10
143eed28,98606,40,2025-09-17
9dea8406,77140,39,2025-09-09
fdbbe3c5,21889,454,2025-09-17
77d1e003,40335,473,2025-09-04
8b2f5bce,42876,44,2025-09-06
7e5155c9,60876,789,2025-09-18
c0a821a5,17746,813,2025-09-21
ff090697,66161,704,2025-09-13
96f9f0d0,53413,266,2025-09-03
dff0fe03,67625,740,2025-09-08
8a8b97c9,62668,483,2025-09-18
1863ae93,46277,700,2025-09-11
58f87cd5,75684,215,2025-09-02
dff0e8c1,67969,916,2025-09-11
f51c72fd,12784,239,2025-09-03
a6fd8aed,42790,486,2025-08-31
f80dcbee,58823,690,2025-09-18
fe3cf4fc,61150,713,2025-09-22
0aa234ee,26162,37,2025-09-07
60067798,44454,44,2025-09-21
01ce71b5,89574,133,2025-09-06
1b4b3aee,64943,528,2025-09-11
e471f696,76919,281,2025-09-11
98471a34,65960,938,2025-09-25
ecb8007f,90774,576,2025-09-04
aef3f3e0,80309,181,2025-09-20
d1db7988,81277,287,2025-09-19
ef16b525,67002,538,2025-09-20
